사고번호,사고일시,요일,시군구,사고내용,사망자수,중상자수,경상자수,부상신고자수,사고유형,법규위반,노면상태,기상상태,도로형태,가해운전자 차종,가해운전자 성별,가해운전자 연령,가해운전자 상해정도,피해운전자 차종,피해운전자 성별,피해운전자 연령,피해운전자 상해정도
2021012900100143,2021년 1월 29일 09시,금요일,울산광역시 중구 학성동,중상사고,0,1,0,0,차대차 - 측면충돌,안전운전불이행,건조,맑음,교차로 - 교차로안,승용,남,78세,상해없음,자전거,남,84세,중상
2021012900100144,2021년 1월 29일 09시,금요일,울산광역시 남구 신정동,중상사고,0,1,0,0,차대사람 - 기타,안전운전불이행,건조,맑음,교차로 - 교차로안,승용,남,61세,상해없음,보행자,여,25세,중상
2021012900100331,2021년 1월 29일 15시,금요일,울산광역시 중구 옥교동,중상사고,0,1,0,0,차대사람 - 차도통행중,안전운전불이행,건조,맑음,단일로 - 기타,승합,남,42세,상해없음,보행자,여,63세,중상
2021012900100389,2021년 1월 29일 17시,금요일,울산광역시 울주군 삼남읍,경상사고,0,0,2,1,차대차 - 추돌,안전운전불이행,건조,맑음,단일로 - 기타,승합,여,54세,상해없음,승용,여,36세,경상
2021012900100390,2021년 1월 29일 17시,금요일,울산광역시 북구 산하동,경상사고,0,0,1,0,차대차 - 측면충돌,안전운전불이행,건조,맑음,교차로 - 교차로안,원동기,남,46세,경상,승용,남,64세,상해없음
2021012900100446,2021년 1월 29일 18시,금요일,울산광역시 중구 성안동,경상사고,0,0,1,0,차대사람 - 기타,안전운전불이행,건조,맑음,단일로 - 기타,승용,남,62세,상해없음,보행자,여,26세,경상
2021012900100447,2021년 1월 29일 18시,금요일,울산광역시 중구 학성동,경상사고,0,0,1,0,차대사람 - 횡단중,안전운전불이행,건조,맑음,단일로 - 기타,화물,남,67세,상해없음,보행자,여,33세,경상
2021012900100448,2021년 1월 29일 18시,금요일,울산광역시 북구 매곡동,경상사고,0,0,2,0,차대차 - 추돌,안전운전불이행,건조,맑음,단일로 - 기타,이륜,남,30세,경상,승용,여,45세,경상
2021012900100491,2021년 1월 29일 19시,금요일,울산광역시 울주군 언양읍,경상사고,0,0,2,0,차대차 - 측면충돌,중앙선침범,건조,맑음,교차로 - 교차로부근,사륜오토바이(ATV),남,73세,상해없음,승용,남,56세,경상
2021012900100574,2021년 1월 29일 21시,금요일,울산광역시 남구 신정동,경상사고,0,0,1,0,차대사람 - 기타,안전운전불이행,건조,맑음,단일로 - 기타,이륜,남,25세,상해없음,보행자,여,33세,경상
2021012900100575,2021년 1월 29일 21시,금요일,울산광역시 남구 달동,경상사고,0,0,3,0,차대차 - 측면충돌,안전운전불이행,건조,맑음,교차로 - 교차로부근,승용,남,40세,상해없음,승용,여,47세,경상
2021012900100576,2021년 1월 29일 21시,금요일,울산광역시 남구 삼산동,경상사고,0,0,2,0,차대차 - 추돌,안전운전불이행,건조,맑음,교차로 - 교차로부근,승용,남,23세,상해없음,승용,여,46세,경상
2021012900100577,2021년 1월 29일 21시,금요일,울산광역시 동구 방어동,경상사고,0,0,1,0,차대차 - 추돌,안전운전불이행,건조,맑음,단일로 - 기타,승용,남,68세,상해없음,승용,남,30세,경상
2021012900100604,2021년 1월 29일 22시,금요일,울산광역시 남구 신정동,경상사고,0,0,1,0,차대차 - 기타,신호위반,건조,맑음,교차로 - 교차로횡단보도내,원동기,남,56세,경상,이륜,남,34세,상해없음
2021013000100045,2021년 1월 30일 06시,토요일,울산광역시 울주군 온산읍,경상사고,0,0,2,0,차대차 - 추돌,안전거리미확보,건조,맑음,교차로 - 교차로부근,이륜,남,51세,경상,승용,여,47세,경상
2021013000100051,2021년 1월 30일 07시,토요일,울산광역시 남구 무거동,경상사고,0,0,1,0,차량단독 - 공작물충돌,안전운전불이행,건조,맑음,단일로 - 기타,승용,남,63세,경상,,,,
2021013000100067,2021년 1월 30일 08시,토요일,울산광역시 중구 학산동,중상사고,0,1,0,0,차대사람 - 횡단중,신호위반,건조,맑음,단일로 - 기타,이륜,남,73세,상해없음,보행자,여,73세,중상
2021013000100167,2021년 1월 30일 12시,토요일,울산광역시 울주군 상북면,경상사고,0,0,2,1,차대차 - 정면충돌,중앙선침범,건조,맑음,단일로 - 기타,승용,남,26세,상해없음,화물,남,67세,경상
2021013000100202,2021년 1월 30일 13시,토요일,울산광역시 북구 연암동,중상사고,0,1,1,0,차대차 - 추돌,안전운전불이행,건조,맑음,단일로 - 기타,승용,여,58세,중상,승합,남,54세,경상
2021013000100238,2021년 1월 30일 14시,토요일,울산광역시 북구 염포동,경상사고,0,0,2,0,차대차 - 측면충돌,안전운전불이행,건조,맑음,단일로 - 기타,승용,여,58세,상해없음,승용,남,32세,경상
2021013000100325,2021년 1월 30일 16시,토요일,울산광역시 중구 성안동,중상사고,0,1,0,0,차대차 - 측면충돌,교차로운행방법위반,건조,맑음,교차로 - 교차로안,화물,남,52세,상해없음,이륜,남,51세,중상
2021013100100147,2021년 1월 31일 13시,일요일,울산광역시 남구 무거동,경상사고,0,0,2,0,차대차 - 측면충돌,교차로운행방법위반,건조,맑음,교차로 - 교차로안,이륜,남,47세,경상,승용,여,28세,경상
2021013100100148,2021년 1월 31일 13시,일요일,울산광역시 북구 중산동,경상사고,0,0,1,0,차대차 - 기타,중앙선침범,건조,맑음,단일로 - 기타,승용,남,35세,상해없음,이륜,남,42세,경상
2021013100100167,2021년 1월 31일 14시,일요일,울산광역시 동구 전하동,경상사고,0,0,2,0,차대차 - 측면충돌,직진우회전진행방해,건조,맑음,교차로 - 교차로안,이륜,남,23세,상해없음,승용,남,43세,경상
2021013100100226,2021년 1월 31일 16시,일요일,울산광역시 울주군 범서읍,경상사고,0,0,1,0,차대차 - 측면충돌,교차로운행방법위반,건조,맑음,교차로 - 교차로안,승용,남,26세,상해없음,승용,남,37세,경상
2021013100100311,2021년 1월 31일 19시,일요일,울산광역시 북구 신천동,경상사고,0,0,1,0,차대차 - 기타,안전운전불이행,건조,맑음,단일로 - 기타,기타불명,기타불명,미분류,기타불명,승용,남,36세,경상
2021013100100336,2021년 1월 31일 20시,일요일,울산광역시 남구 신정동,경상사고,0,0,1,0,차대차 - 기타,신호위반,건조,맑음,교차로 - 교차로안,승용,여,64세,기타불명,승용,여,19세,상해없음
2021020100100037,2021년 2월 1일 06시,월요일,울산광역시 동구 방어동,중상사고,0,1,0,0,차대사람 - 차도통행중,안전운전불이행,젖음/습기,비,단일로 - 기타,이륜,남,46세,상해없음,보행자,남,51세,중상
2021020100100095,2021년 2월 1일 08시,월요일,울산광역시 동구 방어동,경상사고,0,0,1,0,차대차 - 추돌,안전운전불이행,젖음/습기,비,단일로 - 기타,승용,남,63세,상해없음,화물,남,51세,경상
2021020100100131,2021년 2월 1일 10시,월요일,울산광역시 울주군 웅촌면,경상사고,0,0,1,0,차대차 - 추돌,안전거리미확보,젖음/습기,비,단일로 - 기타,화물,남,33세,상해없음,화물,남,63세,기타불명
2021020100100419,2021년 2월 1일 19시,월요일,울산광역시 동구 일산동,경상사고,0,0,1,0,차대사람 - 차도통행중,안전운전불이행,건조,맑음,교차로 - 교차로부근,승용,남,35세,상해없음,보행자,남,63세,경상
2021020100100486,2021년 2월 1일 21시,월요일,울산광역시 남구 달동,중상사고,0,1,0,0,차대차 - 측면충돌,신호위반,건조,맑음,교차로 - 교차로안,승용,남,39세,상해없음,이륜,남,20세,중상
2021020100100505,2021년 2월 1일 22시,월요일,울산광역시 남구 삼산동,경상사고,0,0,1,0,차대사람 - 차도통행중,안전운전불이행,건조,맑음,단일로 - 기타,승용,남,58세,상해없음,보행자,여,39세,경상
2021020200100006,2021년 2월 2일 00시,화요일,울산광역시 북구 연암동,중상사고,0,1,0,0,차대차 - 측면충돌,안전운전불이행,건조,맑음,교차로 - 교차로안,승용,남,26세,상해없음,승용,남,32세,중상
2021020200100183,2021년 2월 2일 12시,화요일,울산광역시 남구 신정동,경상사고,0,0,1,0,차대사람 - 기타,안전운전불이행,건조,맑음,교차로 - 교차로부근,승용,여,62세,상해없음,보행자,남,72세,경상
2021020200100275,2021년 2월 2일 15시,화요일,울산광역시 동구 서부동,중상사고,0,1,0,0,차대차 - 측면충돌,신호위반,건조,맑음,교차로 - 교차로부근,승용,남,64세,상해없음,승용,남,71세,중상
2021020200100276,2021년 2월 2일 15시,화요일,울산광역시 울주군 온양읍,경상사고,0,0,1,0,차대차 - 정면충돌,중앙선침범,건조,맑음,단일로 - 기타,승용,여,62세,상해없음,화물,남,66세,경상
2021020200100344,2021년 2월 2일 17시,화요일,울산광역시 동구 서부동,중상사고,0,1,0,0,차대차 - 기타,중앙선침범,건조,맑음,교차로 - 교차로안,승용,남,32세,상해없음,이륜,남,17세,중상
2021020200100485,2021년 2월 2일 21시,화요일,울산광역시 남구 무거동,경상사고,0,0,1,0,차대차 - 추돌,안전운전불이행,건조,맑음,교차로 - 교차로안,승용,남,26세,상해없음,승용,남,55세,경상
2021020200100486,2021년 2월 2일 21시,화요일,울산광역시 동구 서부동,중상사고,0,1,0,0,차대차 - 정면충돌,중앙선침범,건조,맑음,교차로 - 교차로안,승용,남,38세,상해없음,이륜,남,38세,중상
2021020200100487,2021년 2월 2일 21시,화요일,울산광역시 북구 당사동,중상사고,0,1,0,0,차량단독 - 도로외이탈 - 추락,안전운전불이행,건조,맑음,단일로 - 기타,승용,남,63세,중상,,,,
2021020300100041,2021년 2월 3일 07시,수요일,울산광역시 동구 전하동,경상사고,0,0,1,0,차대사람 - 기타,안전운전불이행,건조,맑음,교차로 - 교차로부근,승용,남,50세,상해없음,보행자,남,65세,경상
2021020300100075,2021년 2월 3일 08시,수요일,울산광역시 중구 남외동,경상사고,0,0,1,0,차대차 - 측면충돌,안전운전불이행,건조,맑음,교차로 - 교차로안,승용,남,69세,상해없음,승용,여,52세,경상
2021020300100188,2021년 2월 3일 12시,수요일,울산광역시 북구 호계동,중상사고,0,1,0,0,차대차 - 측면충돌,안전운전불이행,건조,맑음,교차로 - 교차로안,화물,남,68세,상해없음,이륜,남,38세,중상
2021020300100246,2021년 2월 3일 14시,수요일,울산광역시 북구 어물동,중상사고,0,2,1,0,차대차 - 정면충돌,중앙선침범,건조,맑음,단일로 - 기타,승용,남,59세,경상,승용,남,58세,중상
2021020300100294,2021년 2월 3일 15시,수요일,울산광역시 동구 전하동,경상사고,0,0,3,0,차대차 - 추돌,안전운전불이행,건조,맑음,교차로 - 교차로안,건설기계,남,68세,상해없음,화물,남,70세,상해없음
2021020300100328,2021년 2월 3일 16시,수요일,울산광역시 울주군 언양읍,경상사고,0,0,1,0,차대차 - 측면충돌,교차로운행방법위반,건조,맑음,교차로 - 교차로안,승합,남,44세,상해없음,승용,남,54세,경상
2021020300100428,2021년 2월 3일 18시,수요일,울산광역시 북구 연암동,경상사고,0,0,1,0,차대차 - 측면충돌,안전운전불이행,건조,맑음,단일로 - 기타,화물,남,64세,상해없음,승용,여,38세,경상
2021020300100468,2021년 2월 3일 19시,수요일,울산광역시 중구 반구동,경상사고,0,0,3,0,차대차 - 측면충돌,안전운전불이행,건조,맑음,단일로 - 기타,승용,여,56세,상해없음,이륜,남,60세,경상
2021020400100175,2021년 2월 4일 10시,목요일,울산광역시 울주군 언양읍,경상사고,0,0,3,0,차대차 - 측면충돌,교차로운행방법위반,건조,맑음,교차로 - 교차로안,승용,여,29세,상해없음,승용,여,31세,경상
2021020400100480,2021년 2월 4일 18시,목요일,울산광역시 중구 교동,중상사고,0,1,0,0,차대사람 - 횡단중,안전운전불이행,건조,맑음,교차로 - 교차로안,건설기계,남,55세,상해없음,보행자,여,49세,중상
2021020400100517,2021년 2월 4일 19시,목요일,울산광역시 울주군 범서읍,경상사고,0,0,1,0,차대차 - 측면충돌,안전운전불이행,건조,맑음,교차로 - 교차로안,화물,남,61세,상해없음,승용,여,58세,경상
2021020400100593,2021년 2월 4일 21시,목요일,울산광역시 동구 방어동,경상사고,0,0,1,0,차대차 - 측면충돌,안전거리미확보,젖음/습기,비,교차로 - 교차로부근,승용,남,60세,상해없음,이륜,남,47세,경상
2021020400100594,2021년 2월 4일 21시,목요일,울산광역시 북구 진장동,중상사고,0,1,0,0,차대사람 - 길가장자리구역통행중,안전운전불이행,건조,맑음,단일로 - 기타,승용,남,46세,상해없음,보행자,남,46세,중상
2021020400100619,2021년 2월 4일 22시,목요일,울산광역시 동구 방어동,경상사고,0,0,1,0,차대차 - 측면충돌,직진우회전진행방해,건조,맑음,교차로 - 교차로안,승용,여,64세,상해없음,이륜,남,36세,경상
2021020500100006,2021년 2월 5일 00시,금요일,울산광역시 중구 학산동,경상사고,0,0,1,0,차대차 - 측면충돌,직진우회전진행방해,건조,맑음,교차로 - 교차로안,화물,남,22세,상해없음,원동기,남,36세,경상
2021020500100021,2021년 2월 5일 05시,금요일,울산광역시 울주군 서생면,경상사고,0,0,1,0,차대차 - 측면충돌,신호위반,건조,맑음,교차로 - 교차로안,승용,남,51세,상해없음,승용,남,24세,경상
2021020500100033,2021년 2월 5일 06시,금요일,울산광역시 남구 신정동,중상사고,0,1,1,0,차대사람 - 횡단중,안전운전불이행,건조,맑음,단일로 - 기타,승용,남,56세,상해없음,보행자,남,74세,중상
2021020500100049,2021년 2월 5일 07시,금요일,울산광역시 북구 진장동,경상사고,0,0,2,1,차대차 - 측면충돌,차로위반,건조,맑음,교차로 - 교차로안,승용,남,53세,부상신고,승합,남,42세,경상
2021020500100122,2021년 2월 5일 10시,금요일,울산광역시 남구 달동,경상사고,0,0,1,0,차대차 - 추돌,차로위반,건조,맑음,교차로 - 교차로안,승용,남,28세,상해없음,승용,남,53세,경상
2021020500100123,2021년 2월 5일 10시,금요일,울산광역시 남구 신정동,중상사고,0,1,0,0,차대사람 - 보도통행중,안전운전불이행,건조,맑음,단일로 - 기타,승합,남,55세,상해없음,보행자,여,82세,중상
2021020500100241,2021년 2월 5일 13시,금요일,울산광역시 중구 성남동,중상사고,0,1,2,0,차대차 - 기타,안전거리미확보,건조,맑음,단일로 - 기타,승용,여,70세,상해없음,승합,남,45세,상해없음
2021020500100318,2021년 2월 5일 15시,금요일,울산광역시 울주군 온양읍,중상사고,0,1,0,0,차대차 - 정면충돌,교차로운행방법위반,건조,맑음,교차로 - 교차로안,승용,여,36세,기타불명,원동기,여,38세,중상
2021020500100319,2021년 2월 5일 15시,금요일,울산광역시 북구 염포동,경상사고,0,0,1,0,차대차 - 측면충돌,교차로운행방법위반,건조,맑음,교차로 - 교차로안,승용,남,34세,상해없음,승용,남,58세,경상
2021020500100527,2021년 2월 5일 19시,금요일,울산광역시 중구 태화동,중상사고,0,1,1,0,차대차 - 정면충돌,신호위반,건조,맑음,교차로 - 교차로안,화물,남,45세,상해없음,승용,남,25세,중상
2021020500100592,2021년 2월 5일 21시,금요일,울산광역시 울주군 청량읍,경상사고,0,0,1,0,차대차 - 추돌,안전거리미확보,건조,맑음,단일로 - 기타,승용,남,25세,상해없음,승용,남,36세,경상
2021020500100620,2021년 2월 5일 21시,금요일,울산광역시 남구 무거동,경상사고,0,0,1,0,차대차 - 기타,안전운전불이행,건조,맑음,교차로 - 교차로부근,이륜,남,37세,경상,승용,남,51세,상해없음
2021020500100621,2021년 2월 5일 21시,금요일,울산광역시 남구 무거동,경상사고,0,0,1,0,차대차 - 기타,안전운전불이행,건조,맑음,단일로 - 기타,승용,여,47세,상해없음,승용,남,40세,경상
2021020600100153,2021년 2월 6일 12시,토요일,울산광역시 북구 신천동,경상사고,0,0,1,0,차대차 - 측면충돌,안전운전불이행,건조,맑음,교차로 - 교차로안,승용,남,68세,기타불명,승용,남,33세,경상
2021020600100236,2021년 2월 6일 14시,토요일,울산광역시 동구 화정동,경상사고,0,0,1,0,차대차 - 측면충돌,직진우회전진행방해,건조,맑음,교차로 - 교차로안,이륜,남,57세,경상,승용,남,17세,상해없음
2021020600100330,2021년 2월 6일 17시,토요일,울산광역시 북구 화봉동,경상사고,0,0,1,0,차대차 - 추돌,안전운전불이행,건조,맑음,단일로 - 교량,승용,여,34세,상해없음,승용,남,28세,경상
2021020600100372,2021년 2월 6일 18시,토요일,울산광역시 울주군 서생면,중상사고,0,1,0,0,차대사람 - 횡단중,안전운전불이행,건조,맑음,단일로 - 기타,승용,남,42세,상해없음,보행자,남,60세,중상
2021020600100373,2021년 2월 6일 18시,토요일,울산광역시 북구 화봉동,경상사고,0,0,2,0,차대차 - 추돌,안전운전불이행,건조,맑음,교차로 - 교차로부근,이륜,남,54세,경상,승용,남,67세,경상
2021020600100440,2021년 2월 6일 20시,토요일,울산광역시 울주군 삼남읍,부상신고사고,0,0,0,1,차대차 - 측면충돌,신호위반,건조,맑음,교차로 - 교차로안,승용,여,49세,상해없음,이륜,남,30세,부상신고
2021020600100480,2021년 2월 6일 21시,토요일,울산광역시 남구 달동,부상신고사고,0,0,0,1,차대차 - 측면충돌,안전운전불이행,건조,맑음,교차로 - 교차로부근,이륜,남,18세,부상신고,승용,남,22세,상해없음
2021020600100507,2021년 2월 6일 22시,토요일,울산광역시 남구 달동,중상사고,0,1,0,0,차대사람 - 횡단중,안전운전불이행,건조,맑음,단일로 - 기타,승용,남,63세,상해없음,보행자,여,68세,중상
2021020600100518,2021년 2월 6일 23시,토요일,울산광역시 남구 무거동,경상사고,0,0,2,1,차대차 - 측면충돌,안전거리미확보,건조,맑음,교차로 - 교차로안,승용,남,35세,상해없음,승용,남,58세,경상
2021020700100266,2021년 2월 7일 17시,일요일,울산광역시 북구 신천동,중상사고,0,1,0,0,차대차 - 측면충돌,안전거리미확보,건조,맑음,단일로 - 기타,승용,남,47세,상해없음,이륜,남,27세,중상
2021020700100293,2021년 2월 7일 18시,일요일,울산광역시 남구 신정동,중상사고,0,1,0,0,차대사람 - 횡단중,신호위반,건조,맑음,단일로 - 기타,승용,여,50세,상해없음,보행자,여,64세,중상
2021020700100294,2021년 2월 7일 18시,일요일,울산광역시 남구 신정동,중상사고,0,1,0,0,차대차 - 측면충돌,안전거리미확보,건조,맑음,단일로 - 기타,승용,남,63세,상해없음,이륜,남,31세,중상
2021020700100333,2021년 2월 7일 19시,일요일,울산광역시 북구 신현동,사망사고,1,0,0,0,차량단독 - 기타,안전운전불이행,건조,맑음,기타 - 기타,이륜,남,52세,사망,,,,
2021020800100099,2021년 2월 8일 08시,월요일,울산광역시 중구 남외동,경상사고,0,0,1,0,차대차 - 측면충돌,안전운전불이행,건조,맑음,단일로 - 기타,이륜,남,71세,상해없음,이륜,남,30세,경상
2021020800100100,2021년 2월 8일 08시,월요일,울산광역시 울주군 언양읍,경상사고,0,0,2,0,차대차 - 측면충돌,차로위반,건조,맑음,단일로 - 기타,화물,남,57세,상해없음,승용,여,61세,경상
2021020800100135,2021년 2월 8일 09시,월요일,울산광역시 중구 남외동,경상사고,0,0,1,0,차대사람 - 기타,안전운전불이행,건조,맑음,교차로 - 교차로부근,이륜,남,21세,상해없음,보행자,여,53세,경상
2021020800100136,2021년 2월 8일 09시,월요일,울산광역시 중구 옥교동,경상사고,0,0,1,0,차대차 - 측면충돌,직진우회전진행방해,건조,맑음,교차로 - 교차로안,승용,여,46세,상해없음,자전거,남,73세,경상
2021020800100198,2021년 2월 8일 11시,월요일,울산광역시 동구 화정동,중상사고,0,1,0,0,차대차 - 측면충돌,직진우회전진행방해,건조,맑음,교차로 - 교차로안,승용,여,47세,상해없음,이륜,남,65세,중상
2021020800100199,2021년 2월 8일 11시,월요일,울산광역시 북구 명촌동,경상사고,0,0,2,0,차대차 - 측면충돌,안전거리미확보,건조,맑음,단일로 - 기타,승용,여,57세,상해없음,승용,여,36세,경상
2021020800100250,2021년 2월 8일 12시,월요일,울산광역시 울주군 웅촌면,경상사고,0,0,1,0,차대차 - 정면충돌,직진우회전진행방해,건조,맑음,교차로 - 교차로안,승용,남,59세,상해없음,화물,남,57세,경상
2021020800100543,2021년 2월 8일 19시,월요일,울산광역시 남구 삼산동,경상사고,0,0,1,0,차대차 - 측면충돌,교차로운행방법위반,건조,맑음,교차로 - 교차로부근,승용,남,63세,상해없음,승합,남,46세,경상
2021020800100544,2021년 2월 8일 19시,월요일,울산광역시 남구 야음동,경상사고,0,0,1,0,차대차 - 측면충돌,신호위반,건조,맑음,교차로 - 교차로안,승용,남,73세,상해없음,승용,남,66세,경상
2021020800100545,2021년 2월 8일 19시,월요일,울산광역시 남구 달동,경상사고,0,0,1,0,차대사람 - 차도통행중,안전운전불이행,건조,맑음,단일로 - 기타,이륜,남,38세,상해없음,보행자,여,52세,경상
2021020800100616,2021년 2월 8일 21시,월요일,울산광역시 남구 삼산동,경상사고,0,0,2,0,차대차 - 기타,신호위반,건조,맑음,교차로 - 교차로안,승용,여,29세,상해없음,이륜,남,25세,경상
2021020800100617,2021년 2월 8일 21시,월요일,울산광역시 북구 호계동,경상사고,0,0,1,0,차대차 - 측면충돌,직진우회전진행방해,건조,맑음,교차로 - 교차로안,승용,여,49세,경상,승용,여,24세,상해없음
2021020900100094,2021년 2월 9일 08시,화요일,울산광역시 중구 태화동,중상사고,0,1,0,0,차대사람 - 길가장자리구역통행중,안전운전불이행,건조,맑음,단일로 - 기타,승용,여,38세,상해없음,보행자,여,90세,중상
2021020900100210,2021년 2월 9일 11시,화요일,울산광역시 남구 삼산동,중상사고,0,1,0,0,차대차 - 측면충돌,교차로운행방법위반,건조,맑음,교차로 - 교차로안,승용,남,66세,상해없음,승용,남,64세,중상
2021020900100211,2021년 2월 9일 11시,화요일,울산광역시 남구 신정동,경상사고,0,0,1,0,차대사람 - 보도통행중,안전운전불이행,건조,맑음,단일로 - 기타,승용,남,65세,상해없음,보행자,남,61세,경상
2021020900100212,2021년 2월 9일 11시,화요일,울산광역시 울주군 청량읍,경상사고,0,0,2,0,차대차 - 기타,안전거리미확보,건조,맑음,단일로 - 기타,화물,남,34세,상해없음,승용,여,41세,경상
2021020900100244,2021년 2월 9일 12시,화요일,울산광역시 중구 옥교동,경상사고,0,0,2,1,차대차 - 측면충돌,직진우회전진행방해,건조,맑음,교차로 - 교차로안,승용,남,76세,부상신고,승용,남,62세,경상
2021020900100245,2021년 2월 9일 12시,화요일,울산광역시 동구 방어동,경상사고,0,0,2,0,차대차 - 측면충돌,안전운전불이행,건조,맑음,교차로 - 교차로안,승용,남,63세,상해없음,화물,남,28세,경상
2021020900100386,2021년 2월 9일 15시,화요일,울산광역시 중구 학성동,경상사고,0,0,1,0,차대차 - 측면충돌,안전운전불이행,건조,맑음,단일로 - 기타,원동기,남,23세,상해없음,화물,남,57세,상해없음
2021020900100387,2021년 2월 9일 15시,화요일,울산광역시 울주군 언양읍,경상사고,0,0,1,0,차대차 - 측면충돌,안전운전불이행,건조,맑음,단일로 - 기타,이륜,남,65세,경상,승용,여,64세,상해없음
2021020900100429,2021년 2월 9일 16시,화요일,울산광역시 남구 신정동,경상사고,0,0,1,0,차대차 - 기타,안전운전불이행,건조,맑음,기타 - 기타,화물,남,49세,기타불명,이륜,남,31세,경상
2021020900100638,2021년 2월 9일 20시,화요일,울산광역시 남구 삼산동,경상사고,0,0,1,0,차대차 - 측면충돌,안전거리미확보,건조,맑음,교차로 - 교차로부근,승용,여,23세,상해없음,승용,여,40세,경상
2021020900100726,2021년 2월 9일 22시,화요일,울산광역시 중구 남외동,중상사고,0,1,0,0,차대차 - 추돌,안전운전불이행,건조,맑음,교차로 - 교차로부근,승용,남,29세,상해없음,승용,여,45세,중상
2021020900100727,2021년 2월 9일 22시,화요일,울산광역시 남구 삼산동,경상사고,0,0,2,0,차대차 - 정면충돌,신호위반,건조,맑음,교차로 - 교차로안,승용,남,47세,경상,승용,남,31세,경상
2021020900100728,2021년 2월 9일 22시,화요일,울산광역시 동구 전하동,경상사고,0,0,1,0,차대차 - 정면충돌,안전운전불이행,건조,맑음,단일로 - 지하차도(도로)내,승용,여,33세,상해없음,이륜,남,41세,경상
2021021000100017,2021년 2월 10일 00시,수요일,울산광역시 북구 양정동,부상신고사고,0,0,0,1,차대차 - 추돌,안전거리미확보,건조,맑음,교차로 - 교차로안,이륜,남,45세,부상신고,이륜,남,56세,상해없음
2021021000100025,2021년 2월 10일 02시,수요일,울산광역시 중구 교동,중상사고,0,1,0,1,차대차 - 정면충돌,중앙선침범,건조,맑음,교차로 - 교차로부근,승용,남,25세,부상신고,승용,여,49세,중상
2021021000100027,2021년 2월 10일 03시,수요일,울산광역시 북구 명촌동,부상신고사고,0,0,0,1,차량단독 - 공작물충돌,안전운전불이행,건조,맑음,단일로 - 기타,승용,남,54세,부상신고,,,,
2021021000100072,2021년 2월 10일 07시,수요일,울산광역시 동구 방어동,중상사고,0,1,0,0,차량단독 - 전도전복 - 전도,안전운전불이행,건조,맑음,교차로 - 교차로부근,이륜,남,65세,중상,,,,
2021021000100280,2021년 2월 10일 13시,수요일,울산광역시 남구 달동,경상사고,0,0,1,0,차대사람 - 횡단중,보행자보호의무위반,건조,맑음,교차로 - 교차로안,승용,남,43세,상해없음,보행자,여,20세,경상
2021021000100374,2021년 2월 10일 15시,수요일,울산광역시 남구 옥동,중상사고,0,1,0,0,차대사람 - 보도통행중,기타,건조,맑음,단일로 - 기타,승용,남,68세,상해없음,보행자,남,30세,중상
2021021000100375,2021년 2월 10일 15시,수요일,울산광역시 북구 호계동,경상사고,0,0,1,0,차대차 - 정면충돌,신호위반,건조,맑음,교차로 - 교차로안,승용,남,30세,상해없음,승용,여,55세,경상
2021021000100418,2021년 2월 10일 16시,수요일,울산광역시 남구 삼산동,경상사고,0,0,1,0,차대차 - 기타,안전운전불이행,건조,맑음,단일로 - 기타,이륜,남,34세,상해없음,승용,여,46세,기타불명
2021021000100526,2021년 2월 10일 18시,수요일,울산광역시 중구 약사동,중상사고,0,1,0,0,차대사람 - 기타,안전운전불이행,건조,맑음,교차로 - 교차로안,승용,여,49세,상해없음,보행자,여,55세,중상
2021021000100602,2021년 2월 10일 19시,수요일,울산광역시 동구 전하동,중상사고,0,1,0,0,차대차 - 측면충돌,직진우회전진행방해,건조,맑음,교차로 - 교차로안,승용,남,23세,상해없음,이륜,남,39세,중상
2021021000100603,2021년 2월 10일 19시,수요일,울산광역시 울주군 삼남읍,중상사고,0,1,2,0,차대차 - 측면충돌,신호위반,건조,맑음,교차로 - 교차로안,승용,남,30세,경상,승용,남,32세,경상
2021021000100657,2021년 2월 10일 20시,수요일,울산광역시 동구 일산동,중상사고,0,1,0,0,차대차 - 측면충돌,안전운전불이행,건조,맑음,교차로 - 교차로안,이륜,남,45세,상해없음,이륜,여,62세,중상
2021021000100736,2021년 2월 10일 22시,수요일,울산광역시 남구 달동,경상사고,0,0,2,0,차대차 - 측면충돌,교차로운행방법위반,건조,맑음,교차로 - 교차로안,승용,남,33세,경상,승용,남,32세,경상
2021021000100737,2021년 2월 10일 22시,수요일,울산광역시 울주군 청량읍,경상사고,0,0,1,0,차대사람 - 기타,안전운전불이행,건조,맑음,단일로 - 지하차도(도로)내,승용,남,49세,상해없음,보행자,남,41세,경상
2021021100100060,2021년 2월 11일 08시,목요일,울산광역시 울주군 범서읍,경상사고,0,0,1,0,차량단독 - 공작물충돌,안전운전불이행,건조,맑음,단일로 - 기타,화물,남,48세,경상,,,,
2021021100100073,2021년 2월 11일 09시,목요일,울산광역시 울주군 온산읍,중상사고,0,1,0,0,차대사람 - 횡단중,안전운전불이행,건조,맑음,단일로 - 지하차도(도로)내,승용,여,52세,상해없음,보행자,여,50세,중상
2021021100100173,2021년 2월 11일 14시,목요일,울산광역시 울주군 서생면,중상사고,0,1,0,0,차대차 - 측면충돌,중앙선침범,건조,맑음,단일로 - 지하차도(도로)내,승용,남,59세,상해없음,이륜,남,52세,중상
2021021100100192,2021년 2월 11일 15시,목요일,울산광역시 울주군 온산읍,부상신고사고,0,0,0,1,차대차 - 측면충돌,교차로운행방법위반,건조,맑음,교차로 - 교차로안,승용,남,30세,기타불명,승합,남,50세,부상신고