사고번호,사고일시,요일,시군구,사고내용,사망자수,중상자수,경상자수,부상신고자수,사고유형,법규위반,노면상태,기상상태,도로형태,가해운전자 차종,가해운전자 성별,가해운전자 연령,가해운전자 상해정도,피해운전자 차종,피해운전자 성별,피해운전자 연령,피해운전자 상해정도
2021021100100232,2021년 2월 11일 17시,목요일,울산광역시 북구 상안동,중상사고,0,1,0,0,차대차 - 측면충돌,신호위반,건조,맑음,교차로 - 교차로부근,승용,여,50세,상해없음,이륜,남,60세,중상
2021021100100285,2021년 2월 11일 19시,목요일,울산광역시 동구 방어동,경상사고,0,0,1,0,차량단독 - 전도전복 - 전도,안전운전불이행,건조,맑음,교차로 - 교차로부근,이륜,남,71세,경상,,,,
2021021100100309,2021년 2월 11일 20시,목요일,울산광역시 남구 신정동,경상사고,0,0,1,0,차대사람 - 기타,교차로운행방법위반,건조,맑음,교차로 - 교차로안,승용,남,61세,상해없음,보행자,여,58세,경상
2021021100100310,2021년 2월 11일 20시,목요일,울산광역시 동구 일산동,경상사고,0,0,1,0,차대사람 - 횡단중,신호위반,건조,맑음,교차로 - 교차로안,승용,여,41세,상해없음,보행자,여,28세,경상
2021021200100018,2021년 2월 12일 02시,금요일,울산광역시 동구 방어동,경상사고,0,0,1,0,차대차 - 측면충돌,안전운전불이행,건조,맑음,교차로 - 교차로부근,승용,남,23세,상해없음,승용,남,22세,경상
2021021200100070,2021년 2월 12일 11시,금요일,울산광역시 남구 무거동,경상사고,0,0,1,0,차대차 - 추돌,안전거리미확보,건조,맑음,교차로 - 교차로횡단보도내,승용,남,59세,상해없음,이륜,남,17세,경상
2021021200100127,2021년 2월 12일 14시,금요일,울산광역시 울주군 언양읍,중상사고,0,1,0,0,차대차 - 측면충돌,교차로운행방법위반,건조,맑음,교차로 - 교차로안,승용,여,23세,상해없음,이륜,남,37세,중상
2021021200100148,2021년 2월 12일 15시,금요일,울산광역시 울주군 온산읍,경상사고,0,0,1,1,차대차 - 측면충돌,신호위반,건조,맑음,교차로 - 교차로안,승용,남,60세,기타불명,승용,여,29세,경상
2021021200100165,2021년 2월 12일 16시,금요일,울산광역시 동구 방어동,경상사고,0,0,1,0,차대차 - 측면충돌,안전운전불이행,건조,맑음,기타 - 기타,이륜,남,48세,경상,승용,남,39세,상해없음
2021021200100184,2021년 2월 12일 17시,금요일,울산광역시 중구 우정동,경상사고,0,0,1,0,차대차 - 측면충돌,교차로운행방법위반,건조,맑음,교차로 - 교차로안,승용,남,41세,상해없음,이륜,남,21세,경상
2021021300100090,2021년 2월 13일 12시,토요일,울산광역시 중구 북정동,경상사고,0,0,1,0,차대차 - 기타,신호위반,건조,맑음,교차로 - 교차로안,승용,여,38세,상해없음,승용,여,35세,경상
2021021300100091,2021년 2월 13일 12시,토요일,울산광역시 남구 무거동,경상사고,0,0,4,0,차대차 - 추돌,안전거리미확보,건조,맑음,교차로 - 교차로안,승합,남,44세,경상,승용,여,40세,경상
2021021300100092,2021년 2월 13일 12시,토요일,울산광역시 동구 일산동,경상사고,0,0,1,0,차대차 - 추돌,직진우회전진행방해,건조,맑음,교차로 - 교차로안,승용,남,40세,상해없음,이륜,남,71세,상해없음
2021021300100206,2021년 2월 13일 16시,토요일,울산광역시 북구 송정동,중상사고,0,1,1,0,차대차 - 정면충돌,안전운전불이행,건조,맑음,단일로 - 기타,자전거,남,56세,중상,자전거,남,37세,경상
2021021300100266,2021년 2월 13일 18시,토요일,울산광역시 남구 신정동,중상사고,0,1,1,0,차대사람 - 횡단중,보행자보호의무위반,건조,맑음,교차로 - 교차로안,승용,남,50세,상해없음,보행자,남,76세,중상
2021021300100294,2021년 2월 13일 19시,토요일,울산광역시 중구 남외동,중상사고,0,1,0,0,차대차 - 측면충돌,신호위반,건조,맑음,교차로 - 교차로안,승용,남,68세,상해없음,이륜,남,35세,중상
2021021300100295,2021년 2월 13일 19시,토요일,울산광역시 북구 효문동,중상사고,0,1,0,0,차량단독 - 전도전복 - 전도,안전운전불이행,건조,맑음,교차로 - 교차로안,승용,남,17세,중상,,,,
2021021300100388,2021년 2월 13일 22시,토요일,울산광역시 남구 신정동,중상사고,0,1,0,0,차대차 - 추돌,안전운전불이행,건조,맑음,교차로 - 교차로부근,승용,남,52세,상해없음,원동기,남,35세,중상
2021021400100016,2021년 2월 14일 03시,일요일,울산광역시 북구 호계동,부상신고사고,0,0,0,1,차량단독 - 공작물충돌,신호위반,건조,맑음,교차로 - 교차로안,승용,남,32세,부상신고,,,,
2021021400100020,2021년 2월 14일 06시,일요일,울산광역시 울주군 청량읍,중상사고,0,1,0,0,차대사람 - 횡단중,안전운전불이행,건조,맑음,교차로 - 교차로부근,승용,남,49세,상해없음,보행자,남,61세,중상
2021021400100074,2021년 2월 14일 12시,일요일,울산광역시 남구 삼산동,중상사고,0,1,0,0,차대차 - 측면충돌,안전운전불이행,젖음/습기,비,교차로 - 교차로부근,승용,남,44세,상해없음,이륜,남,37세,중상
2021021400100184,2021년 2월 14일 17시,일요일,울산광역시 남구 신정동,경상사고,0,0,1,0,차대차 - 측면충돌,안전거리미확보,젖음/습기,흐림,단일로 - 기타,이륜,남,49세,상해없음,승용,남,55세,경상
2021021400100185,2021년 2월 14일 17시,일요일,울산광역시 동구 전하동,경상사고,0,0,1,0,차대사람 - 기타,안전운전불이행,건조,맑음,단일로 - 기타,승합,남,47세,상해없음,보행자,남,13세,경상
2021021400100274,2021년 2월 14일 20시,일요일,울산광역시 남구 달동,경상사고,0,0,1,0,차대사람 - 횡단중,안전운전불이행,젖음/습기,비,교차로 - 교차로안,승용,남,63세,상해없음,보행자,남,38세,경상
2021021400100346,2021년 2월 14일 23시,일요일,울산광역시 남구 무거동,부상신고사고,0,0,0,1,차량단독 - 공작물충돌,안전운전불이행,젖음/습기,비,단일로 - 기타,승용,여,48세,부상신고,,,,
2021021500100045,2021년 2월 15일 07시,월요일,울산광역시 남구 신정동,중상사고,0,2,1,0,차대차 - 정면충돌,중앙선침범,젖음/습기,흐림,단일로 - 기타,화물,남,65세,상해없음,승용,남,52세,중상
2021021500100066,2021년 2월 15일 08시,월요일,울산광역시 남구 삼산동,경상사고,0,0,1,0,차대차 - 측면충돌,직진우회전진행방해,젖음/습기,맑음,교차로 - 교차로안,화물,남,41세,상해없음,승용,남,36세,경상
2021021500100158,2021년 2월 15일 12시,월요일,울산광역시 남구 신정동,경상사고,0,0,2,0,차대차 - 추돌,안전운전불이행,건조,맑음,교차로 - 교차로부근,승용,여,49세,상해없음,승용,남,38세,경상
2021021500100159,2021년 2월 15일 12시,월요일,울산광역시 남구 삼산동,경상사고,0,0,1,0,차대차 - 측면충돌,안전운전불이행,건조,맑음,교차로 - 교차로부근,이륜,남,52세,상해없음,이륜,남,29세,경상
2021021500100219,2021년 2월 15일 14시,월요일,울산광역시 남구 무거동,경상사고,0,0,1,0,차대차 - 기타,안전운전불이행,건조,맑음,교차로 - 교차로부근,이륜,남,26세,경상,승용,여,47세,상해없음
2021021500100220,2021년 2월 15일 14시,월요일,울산광역시 북구 연암동,경상사고,0,0,1,0,차대차 - 측면충돌,안전거리미확보,건조,맑음,단일로 - 기타,승용,남,59세,상해없음,화물,남,45세,경상
2021021500100258,2021년 2월 15일 15시,월요일,울산광역시 남구 신정동,경상사고,0,0,1,0,차대차 - 측면충돌,안전거리미확보,건조,맑음,교차로 - 교차로안,승용,여,46세,상해없음,승용,여,32세,경상
2021021600100105,2021년 2월 16일 09시,화요일,울산광역시 중구 성안동,중상사고,0,1,0,0,차대차 - 기타,안전운전불이행,건조,맑음,교차로 - 교차로안,승용,여,56세,상해없음,이륜,여,37세,중상
2021021600100106,2021년 2월 16일 09시,화요일,울산광역시 남구 신정동,경상사고,0,0,4,0,차대차 - 추돌,안전운전불이행,건조,맑음,교차로 - 교차로부근,승용,여,58세,상해없음,승용,남,21세,경상
2021021600100129,2021년 2월 16일 10시,화요일,울산광역시 남구 무거동,중상사고,0,1,0,0,차대차 - 측면충돌,안전거리미확보,젖음/습기,맑음,교차로 - 교차로부근,화물,남,49세,상해없음,이륜,남,88세,중상
2021021600100172,2021년 2월 16일 12시,화요일,울산광역시 동구 방어동,경상사고,0,0,1,0,차대사람 - 횡단중,보행자보호의무위반,건조,맑음,교차로 - 교차로횡단보도내,화물,남,68세,상해없음,보행자,여,67세,경상
2021021600100173,2021년 2월 16일 12시,화요일,울산광역시 울주군 삼남읍,경상사고,0,0,1,0,차대차 - 측면충돌,안전운전불이행,건조,맑음,교차로 - 교차로안,승용,여,58세,상해없음,승용,여,56세,경상
2021021600100217,2021년 2월 16일 13시,화요일,울산광역시 북구 상안동,부상신고사고,0,0,0,1,차대차 - 추돌,안전거리미확보,건조,맑음,교차로 - 교차로안,이륜,남,55세,부상신고,승합,남,57세,상해없음
2021021600100264,2021년 2월 16일 14시,화요일,울산광역시 울주군 온양읍,중상사고,0,1,0,0,차대사람 - 차도통행중,안전운전불이행,건조,맑음,교차로 - 교차로부근,승용,남,52세,상해없음,보행자,여,56세,중상
2021021600100419,2021년 2월 16일 18시,화요일,울산광역시 중구 복산동,경상사고,0,0,1,0,차대차 - 후진중충돌,안전운전불이행,건조,맑음,교차로 - 교차로안,화물,남,74세,상해없음,승용,여,69세,경상
2021021600100475,2021년 2월 16일 20시,화요일,울산광역시 남구 달동,경상사고,0,0,1,0,차대차 - 추돌,안전운전불이행,젖음/습기,눈,교차로 - 교차로부근,승용,남,36세,상해없음,승용,남,32세,경상
2021021600100476,2021년 2월 16일 20시,화요일,울산광역시 울주군 언양읍,경상사고,0,0,1,0,차대사람 - 보도통행중,안전운전불이행,젖음/습기,흐림,교차로 - 교차로안,승용,남,48세,상해없음,보행자,남,67세,경상
2021021600100497,2021년 2월 16일 21시,화요일,울산광역시 중구 유곡동,부상신고사고,0,0,0,1,차대차 - 추돌,안전운전불이행,건조,맑음,단일로 - 기타,이륜,남,54세,부상신고,승용,남,55세,상해없음
2021021600100520,2021년 2월 16일 22시,화요일,울산광역시 남구 신정동,경상사고,0,0,1,0,차대차 - 기타,안전운전불이행,건조,맑음,단일로 - 기타,이륜,남,42세,경상,승용,남,57세,상해없음
2021021600100536,2021년 2월 16일 23시,화요일,울산광역시 동구 서부동,경상사고,0,0,1,0,차대사람 - 기타,안전운전불이행,건조,맑음,단일로 - 기타,승용,남,51세,상해없음,보행자,남,48세,경상
2021021700100187,2021년 2월 17일 11시,수요일,울산광역시 남구 달동,부상신고사고,0,0,0,1,차대차 - 측면충돌,안전운전불이행,건조,맑음,교차로 - 교차로부근,이륜,여,38세,부상신고,승용,남,73세,상해없음
2021021700100188,2021년 2월 17일 11시,수요일,울산광역시 북구 효문동,중상사고,0,1,1,0,차대차 - 기타,안전거리미확보,건조,맑음,교차로 - 교차로부근,화물,남,58세,상해없음,승용,여,35세,경상
2021021700100214,2021년 2월 17일 12시,수요일,울산광역시 울주군 상북면,경상사고,0,0,2,2,차대차 - 정면충돌,중앙선침범,건조,맑음,단일로 - 기타,승용,남,61세,경상,화물,남,45세,부상신고
2021021700100215,2021년 2월 17일 12시,수요일,울산광역시 북구 진장동,경상사고,0,0,1,0,차대차 - 측면충돌,안전운전불이행,건조,맑음,단일로 - 기타,승용,여,57세,상해없음,이륜,남,27세,경상
2021021700100274,2021년 2월 17일 14시,수요일,울산광역시 울주군 온양읍,중상사고,0,1,0,0,차대차 - 기타,안전운전불이행,건조,맑음,교차로 - 교차로부근,승용,여,65세,상해없음,승용,여,52세,중상
2021021700100313,2021년 2월 17일 15시,수요일,울산광역시 남구 신정동,경상사고,0,0,1,0,차대차 - 측면충돌,교차로운행방법위반,건조,맑음,교차로 - 교차로안,승용,여,61세,상해없음,승용,여,59세,경상
2021021700100314,2021년 2월 17일 15시,수요일,울산광역시 북구 양정동,경상사고,0,0,2,0,차대차 - 측면충돌,안전운전불이행,건조,맑음,단일로 - 기타,승용,남,26세,경상,승용,남,28세,경상
2021021700100344,2021년 2월 17일 16시,수요일,울산광역시 북구 양정동,경상사고,0,0,2,0,차대차 - 추돌,안전운전불이행,건조,맑음,교차로 - 교차로안,승용,남,28세,상해없음,승용,남,54세,경상
2021021700100381,2021년 2월 17일 17시,수요일,울산광역시 중구 서동,경상사고,0,0,1,0,차대차 - 측면충돌,안전운전불이행,건조,맑음,교차로 - 교차로안,승용,여,48세,상해없음,승용,여,31세,경상
2021021700100558,2021년 2월 17일 22시,수요일,울산광역시 동구 방어동,경상사고,0,0,2,0,차대차 - 측면충돌,신호위반,건조,맑음,교차로 - 교차로안,이륜,남,36세,경상,승용,남,52세,경상
2021021800100060,2021년 2월 18일 07시,목요일,울산광역시 동구 화정동,중상사고,0,1,0,0,차대차 - 정면충돌,안전운전불이행,건조,맑음,교차로 - 교차로안,승용,남,59세,상해없음,이륜,남,69세,중상
2021021800100264,2021년 2월 18일 14시,목요일,울산광역시 북구 매곡동,경상사고,0,0,1,0,차대차 - 측면충돌,안전운전불이행,건조,맑음,단일로 - 기타,승용,여,43세,상해없음,자전거,남,13세,경상
2021021800100334,2021년 2월 18일 16시,목요일,울산광역시 중구 복산동,중상사고,0,1,0,0,차대차 - 측면충돌,안전운전불이행,건조,맑음,교차로 - 교차로안,승합,남,57세,상해없음,자전거,남,55세,중상
2021021800100335,2021년 2월 18일 16시,목요일,울산광역시 울주군 언양읍,경상사고,0,0,1,0,차대차 - 측면충돌,안전운전불이행,건조,맑음,교차로 - 교차로안,사륜오토바이(ATV),여,65세,상해없음,승용,남,26세,경상
2021021800100452,2021년 2월 18일 19시,목요일,울산광역시 남구 무거동,사망사고,1,0,0,0,차대사람 - 횡단중,안전운전불이행,건조,맑음,교차로 - 교차로횡단보도내,승용,여,55세,상해없음,보행자,남,79세,사망
2021021900100040,2021년 2월 19일 06시,금요일,울산광역시 울주군 서생면,경상사고,0,0,1,0,차대차 - 추돌,안전운전불이행,건조,맑음,단일로 - 기타,승용,남,51세,상해없음,자전거,남,65세,경상
2021021900100157,2021년 2월 19일 10시,금요일,울산광역시 중구 약사동,경상사고,0,0,1,0,차대차 - 측면충돌,안전운전불이행,건조,맑음,교차로 - 교차로부근,화물,남,44세,상해없음,승용,여,67세,경상
2021021900100158,2021년 2월 19일 10시,금요일,울산광역시 북구 호계동,경상사고,0,0,2,0,차대차 - 추돌,안전운전불이행,건조,맑음,교차로 - 교차로부근,승용,남,28세,경상,승용,여,41세,경상
2021021900100201,2021년 2월 19일 11시,금요일,울산광역시 중구 옥교동,경상사고,0,0,2,0,차대차 - 추돌,안전운전불이행,건조,맑음,단일로 - 기타,화물,남,46세,상해없음,승용,여,33세,경상
2021021900100377,2021년 2월 19일 15시,금요일,울산광역시 남구 선암동,중상사고,0,1,0,0,차대차 - 측면충돌,안전운전불이행,건조,맑음,교차로 - 교차로부근,화물,남,50세,상해없음,자전거,남,53세,중상
2021021900100378,2021년 2월 19일 15시,금요일,울산광역시 북구 양정동,중상사고,0,1,0,0,차대사람 - 횡단중,안전운전불이행,건조,맑음,단일로 - 기타,승합,남,50세,상해없음,보행자,여,50세,중상
2021021900100474,2021년 2월 19일 17시,금요일,울산광역시 중구 유곡동,경상사고,0,0,1,0,차대차 - 측면충돌,안전거리미확보,건조,맑음,단일로 - 기타,승합,남,66세,상해없음,승용,남,37세,경상
2021021900100526,2021년 2월 19일 18시,금요일,울산광역시 북구 양정동,중상사고,0,1,1,0,차대차 - 측면충돌,신호위반,건조,맑음,단일로 - 기타,원동기,남,39세,중상,승용,남,33세,경상
2021021900100580,2021년 2월 19일 19시,금요일,울산광역시 남구 삼산동,경상사고,0,0,1,0,차대사람 - 기타,안전운전불이행,건조,맑음,단일로 - 기타,승용,남,62세,상해없음,보행자,여,31세,경상
2021021900100581,2021년 2월 19일 19시,금요일,울산광역시 동구 전하동,경상사고,0,0,1,0,차대사람 - 길가장자리구역통행중,안전운전불이행,건조,맑음,단일로 - 기타,승용,남,66세,상해없음,보행자,남,34세,경상
2021021900100710,2021년 2월 19일 22시,금요일,울산광역시 중구 남외동,경상사고,0,0,1,0,차대사람 - 차도통행중,안전운전불이행,건조,맑음,단일로 - 기타,승용,남,41세,상해없음,보행자,남,56세,경상
2021022000100015,2021년 2월 20일 00시,토요일,울산광역시 남구 달동,경상사고,0,0,1,0,차대사람 - 기타,안전운전불이행,건조,맑음,단일로 - 기타,승용,남,56세,상해없음,보행자,남,29세,경상
2021022000100054,2021년 2월 20일 06시,토요일,울산광역시 동구 서부동,경상사고,0,0,1,0,차대사람 - 기타,안전운전불이행,건조,맑음,단일로 - 기타,승합,남,60세,상해없음,보행자,남,62세,경상
2021022000100300,2021년 2월 20일 15시,토요일,울산광역시 중구 태화동,경상사고,0,0,1,0,차대차 - 추돌,안전운전불이행,건조,맑음,단일로 - 기타,이륜,남,16세,기타불명,승용,여,45세,경상
2021022000100340,2021년 2월 20일 16시,토요일,울산광역시 동구 화정동,경상사고,0,0,1,0,차대사람 - 기타,안전운전불이행,건조,맑음,단일로 - 기타,이륜,남,54세,상해없음,보행자,남,6세,경상
2021022000100341,2021년 2월 20일 16시,토요일,울산광역시 북구 화봉동,부상신고사고,0,0,0,1,차량단독 - 공작물충돌,안전거리미확보,건조,맑음,단일로 - 기타,승용,남,38세,부상신고,,,,
2021022000100379,2021년 2월 20일 17시,토요일,울산광역시 북구 호계동,경상사고,0,0,2,0,차대차 - 측면충돌,직진우회전진행방해,건조,맑음,교차로 - 교차로안,승용,여,65세,상해없음,승용,남,38세,경상
2021022000100417,2021년 2월 20일 18시,토요일,울산광역시 남구 달동,경상사고,0,0,1,0,차대사람 - 횡단중,안전운전불이행,건조,맑음,교차로 - 교차로부근,승용,남,24세,상해없음,보행자,남,22세,경상
2021022000100449,2021년 2월 20일 19시,토요일,울산광역시 울주군 언양읍,사망사고,1,2,1,1,차대차 - 추돌,안전운전불이행,건조,맑음,단일로 - 기타,승용,남,37세,부상신고,화물,남,70세,상해없음
2021022000100531,2021년 2월 20일 22시,토요일,울산광역시 남구 달동,경상사고,0,0,1,0,차대차 - 기타,안전운전불이행,건조,맑음,교차로 - 교차로안,승용,남,22세,상해없음,이륜,남,40세,경상
2021022000100552,2021년 2월 20일 23시,토요일,울산광역시 남구 달동,경상사고,0,0,1,0,차대사람 - 기타,안전운전불이행,건조,맑음,단일로 - 기타,승용,남,19세,상해없음,보행자,남,25세,경상
2021022100100009,2021년 2월 21일 00시,일요일,울산광역시 남구 여천동,사망사고,1,0,0,0,차대사람 - 횡단중,기타,건조,맑음,교차로 - 교차로안,승용,남,23세,상해없음,보행자,남,50세,사망
2021022100100017,2021년 2월 21일 01시,일요일,울산광역시 중구 다운동,경상사고,0,0,1,0,차대차 - 추돌,안전거리미확보,건조,맑음,단일로 - 기타,승용,남,57세,상해없음,이륜,남,23세,경상
2021022100100083,2021년 2월 21일 10시,일요일,울산광역시 동구 서부동,중상사고,0,1,0,0,차대차 - 측면충돌,안전운전불이행,건조,맑음,교차로 - 교차로안,승용,남,60세,상해없음,승용,남,44세,중상
2021022100100111,2021년 2월 21일 11시,일요일,울산광역시 울주군 두서면,경상사고,0,0,1,0,차대차 - 추돌,안전거리미확보,건조,맑음,단일로 - 기타,승용,남,58세,상해없음,자전거,남,56세,경상
2021022100100217,2021년 2월 21일 15시,일요일,울산광역시 중구 다운동,중상사고,0,1,0,0,차대사람 - 기타,안전운전불이행,건조,맑음,단일로 - 기타,자전거,여,27세,상해없음,보행자,여,40세,중상
2021022100100341,2021년 2월 21일 19시,일요일,울산광역시 북구 호계동,경상사고,0,0,4,0,차대차 - 측면충돌,교차로운행방법위반,건조,맑음,교차로 - 교차로안,승용,여,63세,경상,승용,남,40세,경상
2021022100100360,2021년 2월 21일 20시,일요일,울산광역시 남구 무거동,경상사고,0,0,1,0,차대차 - 기타,안전운전불이행,건조,맑음,교차로 - 교차로부근,승합,남,60세,상해없음,승용,여,32세,경상
2021022100100376,2021년 2월 21일 21시,일요일,울산광역시 중구 성안동,중상사고,0,1,0,0,차대사람 - 차도통행중,안전운전불이행,건조,맑음,단일로 - 기타,자전거,남,7세,상해없음,보행자,여,81세,중상
2021022100100377,2021년 2월 21일 21시,일요일,울산광역시 남구 무거동,중상사고,0,1,0,0,차량단독 - 기타,안전운전불이행,건조,맑음,단일로 - 기타,승합,남,51세,상해없음,,,,
2021022100100378,2021년 2월 21일 21시,일요일,울산광역시 울주군 언양읍,경상사고,0,0,1,0,차대차 - 측면충돌,안전운전불이행,건조,맑음,교차로 - 교차로안,화물,여,20세,상해없음,이륜,남,50세,경상
2021022100100393,2021년 2월 21일 22시,일요일,울산광역시 남구 신정동,중상사고,0,1,0,0,차대사람 - 차도통행중,기타,건조,맑음,단일로 - 기타,이륜,남,21세,상해없음,보행자,남,50세,중상
2021022200100143,2021년 2월 22일 09시,월요일,울산광역시 남구 성암동,경상사고,0,0,1,0,차대차 - 추돌,안전운전불이행,건조,맑음,단일로 - 기타,화물,남,67세,상해없음,승용,남,50세,경상
2021022200100207,2021년 2월 22일 11시,월요일,울산광역시 울주군 언양읍,중상사고,0,1,0,0,차대차 - 추돌,신호위반,건조,맑음,교차로 - 교차로안,승용,여,32세,상해없음,원동기,남,30세,중상
2021022200100208,2021년 2월 22일 11시,월요일,울산광역시 북구 산하동,중상사고,0,1,0,0,차대차 - 측면충돌,안전운전불이행,건조,맑음,단일로 - 기타,승용,여,28세,상해없음,승용,남,62세,중상
2021022200100297,2021년 2월 22일 14시,월요일,울산광역시 남구 신정동,중상사고,0,1,3,0,차대차 - 측면충돌,신호위반,건조,맑음,교차로 - 교차로안,이륜,남,28세,중상,승합,남,42세,경상
2021022200100298,2021년 2월 22일 14시,월요일,울산광역시 북구 연암동,경상사고,0,0,1,0,차대사람 - 횡단중,신호위반,건조,맑음,교차로 - 교차로안,승용,여,55세,상해없음,보행자,남,88세,경상
2021022200100342,2021년 2월 22일 15시,월요일,울산광역시 울주군 청량읍,부상신고사고,0,0,0,1,차대사람 - 기타,신호위반,건조,맑음,교차로 - 교차로횡단보도내,승용,남,58세,상해없음,보행자,남,87세,부상신고
2021022200100389,2021년 2월 22일 16시,월요일,울산광역시 남구 선암동,중상사고,0,1,1,0,차대차 - 측면충돌,교차로운행방법위반,건조,맑음,교차로 - 교차로안,승용,남,49세,상해없음,원동기,남,78세,경상
2021022200100420,2021년 2월 22일 17시,월요일,울산광역시 남구 여천동,경상사고,0,0,1,0,차대차 - 측면충돌,안전거리미확보,건조,맑음,단일로 - 기타,승용,남,25세,상해없음,승용,남,45세,경상
2021022200100421,2021년 2월 22일 17시,월요일,울산광역시 남구 신정동,경상사고,0,0,1,0,차량단독 - 기타,안전운전불이행,건조,맑음,단일로 - 기타,승합,남,60세,상해없음,,,,
2021022200100422,2021년 2월 22일 17시,월요일,울산광역시 남구 신정동,경상사고,0,0,2,0,차대차 - 측면충돌,교차로운행방법위반,건조,맑음,교차로 - 교차로안,승용,남,55세,상해없음,승용,여,53세,경상
2021022200100459,2021년 2월 22일 18시,월요일,울산광역시 남구 신정동,부상신고사고,0,0,0,1,차대차 - 측면충돌,안전거리미확보,건조,맑음,교차로 - 교차로안,승용,남,39세,상해없음,승용,남,27세,부상신고
2021022200100497,2021년 2월 22일 19시,월요일,울산광역시 울주군 온산읍,경상사고,0,0,1,0,차량단독 - 전도전복 - 전도,안전운전불이행,건조,맑음,단일로 - 기타,이륜,남,64세,경상,,,,
2021022200100524,2021년 2월 22일 20시,월요일,울산광역시 동구 화정동,경상사고,0,0,1,0,차대차 - 측면충돌,직진우회전진행방해,건조,맑음,교차로 - 교차로안,이륜,남,57세,상해없음,승용,여,43세,경상
2021022300100018,2021년 2월 23일 02시,화요일,울산광역시 중구 반구동,중상사고,0,1,0,0,차대차 - 추돌,안전운전불이행,건조,맑음,단일로 - 기타,이륜,남,21세,중상,승합,남,44세,기타불명
2021022300100044,2021년 2월 23일 06시,화요일,울산광역시 북구 호계동,경상사고,0,0,1,0,차대사람 - 횡단중,보행자보호의무위반,건조,맑음,교차로 - 교차로안,승용,남,25세,상해없음,보행자,여,31세,경상
2021022300100099,2021년 2월 23일 08시,화요일,울산광역시 울주군 두동면,경상사고,0,0,1,0,차량단독 - 전도전복 - 전복,안전운전불이행,건조,맑음,단일로 - 지하차도(도로)내,이륜,남,85세,경상,,,,
2021022300100148,2021년 2월 23일 10시,화요일,울산광역시 남구 황성동,중상사고,0,1,0,0,차대사람 - 기타,안전운전불이행,건조,맑음,기타 - 기타,건설기계,남,56세,상해없음,보행자,남,50세,중상
2021022300100204,2021년 2월 23일 12시,화요일,울산광역시 중구 반구동,중상사고,0,1,0,0,차대차 - 추돌,안전거리미확보,건조,맑음,단일로 - 기타,승용,여,54세,상해없음,이륜,남,25세,중상
2021022300100283,2021년 2월 23일 14시,화요일,울산광역시 중구 성안동,경상사고,0,0,2,1,차대차 - 정면충돌,직진우회전진행방해,건조,맑음,교차로 - 교차로안,화물,남,61세,부상신고,승용,여,56세,경상
2021022300100325,2021년 2월 23일 15시,화요일,울산광역시 동구 일산동,경상사고,0,0,1,0,차대차 - 측면충돌,안전운전불이행,건조,맑음,교차로 - 교차로부근,건설기계,남,60세,상해없음,승용,여,36세,경상
2021022300100358,2021년 2월 23일 16시,화요일,울산광역시 남구 신정동,부상신고사고,0,0,0,1,차량단독 - 공작물충돌,안전운전불이행,건조,맑음,교차로 - 교차로부근,승용,남,82세,부상신고,,,,
2021022300100359,2021년 2월 23일 16시,화요일,울산광역시 북구 염포동,경상사고,0,0,1,0,차대차 - 측면충돌,신호위반,건조,맑음,교차로 - 교차로부근,승용,남,58세,상해없음,승용,남,28세,경상
2021022300100405,2021년 2월 23일 17시,화요일,울산광역시 울주군 두동면,부상신고사고,0,0,0,1,차대사람 - 기타,안전운전불이행,건조,맑음,단일로 - 기타,승용,남,68세,상해없음,보행자,남,60세,부상신고
2021022300100436,2021년 2월 23일 18시,화요일,울산광역시 동구 전하동,경상사고,0,0,1,0,차대사람 - 보도통행중,기타,건조,맑음,단일로 - 기타,개인형이동수단(PM),남,22세,상해없음,보행자,여,10세,경상
2021022400100127,2021년 2월 24일 10시,수요일,울산광역시 울주군 두서면,경상사고,0,0,2,0,차대차 - 정면충돌,안전운전불이행,건조,맑음,단일로 - 기타,화물,남,37세,경상,승용,여,53세,경상
2021022400100128,2021년 2월 24일 10시,수요일,울산광역시 울주군 온산읍,경상사고,0,0,1,0,차대차 - 측면충돌,신호위반,건조,맑음,교차로 - 교차로안,승용,여,47세,상해없음,승용,남,56세,경상
2021022400100177,2021년 2월 24일 12시,수요일,울산광역시 울주군 범서읍,경상사고,0,0,1,2,차대차 - 측면충돌,안전운전불이행,건조,맑음,단일로 - 기타,승용,여,63세,경상,승용,남,52세,부상신고
2021022400100343,2021년 2월 24일 17시,수요일,울산광역시 남구 삼산동,경상사고,0,0,2,0,차대차 - 추돌,중앙선침범,젖음/습기,흐림,단일로 - 지하차도(도로)내,승용,여,58세,기타불명,승용,남,25세,경상
2021022400100389,2021년 2월 24일 18시,수요일,울산광역시 중구 유곡동,부상신고사고,0,0,0,1,차대차 - 정면충돌,안전거리미확보,건조,맑음,단일로 - 기타,화물,남,61세,부상신고,화물,남,70세,상해없음
2021022400100476,2021년 2월 24일 21시,수요일,울산광역시 남구 달동,경상사고,0,0,1,0,차대사람 - 길가장자리구역통행중,안전운전불이행,건조,맑음,교차로 - 교차로부근,승용,남,18세,상해없음,보행자,여,28세,경상