사고번호,사고일시,요일,시군구,사고내용,사망자수,중상자수,경상자수,부상신고자수,사고유형,법규위반,노면상태,기상상태,도로형태,가해운전자 차종,가해운전자 성별,가해운전자 연령,가해운전자 상해정도,피해운전자 차종,피해운전자 성별,피해운전자 연령,피해운전자 상해정도
2021022400100530,2021년 2월 24일 23시,수요일,울산광역시 울주군 서생면,경상사고,0,0,1,0,차대차 - 후진중충돌,안전운전불이행,건조,맑음,단일로 - 지하차도(도로)내,승용,남,34세,상해없음,승용,남,43세,경상
2021022500100021,2021년 2월 25일 01시,목요일,울산광역시 동구 일산동,경상사고,0,0,1,0,차대차 - 추돌,안전운전불이행,건조,맑음,교차로 - 교차로부근,승용,남,41세,상해없음,이륜,남,42세,기타불명
2021022500100057,2021년 2월 25일 06시,목요일,울산광역시 북구 양정동,경상사고,0,0,1,0,차대차 - 기타,신호위반,건조,맑음,교차로 - 교차로안,이륜,남,49세,상해없음,이륜,남,28세,경상
2021022500100126,2021년 2월 25일 10시,목요일,울산광역시 중구 서동,경상사고,0,0,1,1,차대차 - 측면충돌,안전거리미확보,건조,맑음,교차로 - 교차로안,승용,여,37세,부상신고,승용,여,48세,경상
2021022500100431,2021년 2월 25일 19시,목요일,울산광역시 울주군 범서읍,중상사고,0,1,0,0,차대차 - 측면충돌,안전운전불이행,젖음/습기,비,교차로 - 교차로안,승용,여,48세,상해없음,이륜,남,44세,중상
2021022500100432,2021년 2월 25일 19시,목요일,울산광역시 북구 진장동,부상신고사고,0,0,0,1,차대차 - 추돌,안전운전불이행,젖음/습기,비,교차로 - 교차로부근,이륜,남,25세,부상신고,화물,여,47세,상해없음
2021022500100433,2021년 2월 25일 19시,목요일,울산광역시 북구 진장동,중상사고,0,1,0,0,차대차 - 측면충돌,안전운전불이행,젖음/습기,비,단일로 - 기타,승용,여,59세,상해없음,원동기,남,39세,중상
2021022500100458,2021년 2월 25일 20시,목요일,울산광역시 동구 일산동,경상사고,0,0,1,0,차대차 - 측면충돌,안전운전불이행,젖음/습기,비,단일로 - 기타,승용,남,47세,상해없음,승용,여,55세,경상
2021022500100511,2021년 2월 25일 22시,목요일,울산광역시 울주군 범서읍,중상사고,0,1,0,0,차대사람 - 길가장자리구역통행중,교차로운행방법위반,젖음/습기,비,교차로 - 교차로안,승용,남,29세,상해없음,보행자,여,62세,중상
2021022600100023,2021년 2월 26일 01시,금요일,울산광역시 울주군 범서읍,사망사고,1,0,0,0,차량단독 - 공작물충돌,안전운전불이행,젖음/습기,비,단일로 - 기타,화물,남,51세,사망,,,,
2021022600100095,2021년 2월 26일 08시,금요일,울산광역시 남구 상개동,중상사고,0,2,0,0,차대차 - 측면충돌,안전운전불이행,젖음/습기,비,단일로 - 기타,승용,남,33세,중상,승용,남,50세,중상
2021022600100125,2021년 2월 26일 09시,금요일,울산광역시 남구 달동,경상사고,0,0,2,0,차대차 - 추돌,안전운전불이행,젖음/습기,흐림,교차로 - 교차로부근,화물,남,82세,상해없음,승용,남,55세,경상
2021022600100189,2021년 2월 26일 11시,금요일,울산광역시 울주군 온산읍,경상사고,0,0,1,0,차대차 - 측면충돌,직진우회전진행방해,건조,맑음,교차로 - 교차로안,특수,남,65세,상해없음,화물,남,58세,경상
2021022600100255,2021년 2월 26일 13시,금요일,울산광역시 남구 여천동,경상사고,0,0,3,0,차대차 - 추돌,안전운전불이행,건조,맑음,교차로 - 교차로부근,승용,남,22세,경상,특수,남,46세,경상
2021022600100335,2021년 2월 26일 15시,금요일,울산광역시 남구 삼산동,경상사고,0,0,1,0,차대차 - 측면충돌,중앙선침범,건조,맑음,단일로 - 기타,자전거,남,62세,경상,승용,여,56세,상해없음
2021022600100336,2021년 2월 26일 15시,금요일,울산광역시 남구 삼산동,경상사고,0,0,2,1,차대차 - 기타,신호위반,건조,맑음,교차로 - 교차로부근,승용,여,63세,경상,승합,남,57세,상해없음
2021022600100367,2021년 2월 26일 16시,금요일,울산광역시 중구 우정동,중상사고,0,1,1,0,차대차 - 측면충돌,안전거리미확보,건조,맑음,단일로 - 기타,승용,남,75세,상해없음,승용,남,48세,경상
2021022600100368,2021년 2월 26일 16시,금요일,울산광역시 남구 달동,경상사고,0,0,1,0,차대차 - 기타,안전운전불이행,건조,맑음,기타 - 기타,승용,여,62세,기타불명,승용,여,60세,경상
2021022600100402,2021년 2월 26일 17시,금요일,울산광역시 남구 야음동,경상사고,0,0,1,0,차대차 - 측면충돌,안전운전불이행,건조,맑음,단일로 - 기타,승용,남,40세,상해없음,개인형이동수단(PM),남,71세,경상
2021022600100455,2021년 2월 26일 18시,금요일,울산광역시 동구 일산동,중상사고,0,1,0,0,차대차 - 측면충돌,안전운전불이행,건조,맑음,교차로 - 교차로안,승용,남,58세,상해없음,이륜,남,33세,중상
2021022600100509,2021년 2월 26일 19시,금요일,울산광역시 남구 무거동,경상사고,0,0,1,0,차대차 - 측면충돌,신호위반,건조,맑음,교차로 - 교차로안,이륜,남,26세,경상,승용,여,51세,상해없음
2021022600100510,2021년 2월 26일 19시,금요일,울산광역시 남구 달동,경상사고,0,0,2,0,차대차 - 기타,중앙선침범,건조,맑음,단일로 - 기타,승용,여,25세,상해없음,승용,남,38세,경상
2021022600100545,2021년 2월 26일 20시,금요일,울산광역시 중구 남외동,경상사고,0,0,1,0,차대차 - 측면충돌,교차로운행방법위반,건조,맑음,교차로 - 교차로횡단보도내,승용,여,24세,상해없음,이륜,남,50세,경상
2021022600100546,2021년 2월 26일 20시,금요일,울산광역시 북구 산하동,중상사고,0,1,1,0,차대차 - 측면충돌,신호위반,건조,맑음,교차로 - 교차로안,승용,여,62세,경상,이륜,남,38세,중상
2021022700100005,2021년 2월 27일 00시,토요일,울산광역시 북구 호계동,중상사고,0,1,1,0,차대차 - 측면충돌,직진우회전진행방해,건조,맑음,교차로 - 교차로안,이륜,남,27세,경상,이륜,남,48세,중상
2021022700100028,2021년 2월 27일 04시,토요일,울산광역시 중구 우정동,중상사고,0,1,2,0,차대차 - 측면충돌,신호위반,건조,맑음,교차로 - 교차로안,이륜,남,26세,경상,승용,남,61세,중상
2021022700100029,2021년 2월 27일 04시,토요일,울산광역시 울주군 언양읍,경상사고,0,0,1,0,차대차 - 측면충돌,안전운전불이행,건조,맑음,단일로 - 기타,승용,여,45세,상해없음,승용,남,32세,경상
2021022700100147,2021년 2월 27일 11시,토요일,울산광역시 남구 신정동,경상사고,0,0,1,0,차대차 - 기타,차로위반,건조,맑음,교차로 - 교차로안,승용,여,62세,상해없음,승용,남,31세,경상
2021022700100228,2021년 2월 27일 13시,토요일,울산광역시 남구 삼산동,중상사고,0,1,0,0,차대사람 - 횡단중,안전운전불이행,건조,맑음,교차로 - 교차로부근,화물,남,51세,상해없음,보행자,남,7세,중상
2021022700100275,2021년 2월 27일 14시,토요일,울산광역시 남구 신정동,경상사고,0,0,2,0,차대차 - 추돌,안전운전불이행,건조,맑음,단일로 - 기타,승용,여,31세,상해없음,승용,남,33세,경상
2021022700100452,2021년 2월 27일 19시,토요일,울산광역시 북구 호계동,중상사고,0,1,0,0,차대사람 - 횡단중,안전운전불이행,건조,맑음,단일로 - 기타,승용,남,51세,상해없음,보행자,여,52세,중상
2021022700100453,2021년 2월 27일 19시,토요일,울산광역시 북구 산하동,경상사고,0,0,1,0,차대차 - 추돌,안전운전불이행,건조,맑음,교차로 - 교차로부근,승용,남,34세,상해없음,승용,남,38세,기타불명
2021022700100478,2021년 2월 27일 20시,토요일,울산광역시 남구 무거동,경상사고,0,0,1,0,차대차 - 추돌,직진우회전진행방해,건조,맑음,교차로 - 교차로안,승용,남,19세,상해없음,이륜,남,49세,경상
2021022800100024,2021년 2월 28일 02시,일요일,울산광역시 남구 달동,중상사고,0,1,0,0,차대차 - 추돌,안전운전불이행,건조,맑음,교차로 - 교차로부근,이륜,남,20세,상해없음,승용,여,51세,중상
2021022800100038,2021년 2월 28일 04시,일요일,울산광역시 남구 매암동,중상사고,0,1,2,0,차대차 - 추돌,안전운전불이행,건조,맑음,교차로 - 교차로부근,승용,남,28세,중상,승용,남,18세,경상
2021022800100083,2021년 2월 28일 10시,일요일,울산광역시 남구 선암동,중상사고,0,1,0,0,차량단독 - 공작물충돌,안전운전불이행,건조,흐림,단일로 - 기타,이륜,남,51세,중상,,,,
2021022800100130,2021년 2월 28일 12시,일요일,울산광역시 남구 삼산동,경상사고,0,0,1,0,차대차 - 기타,안전운전불이행,건조,맑음,기타 - 기타,승용,남,52세,상해없음,이륜,남,44세,경상
2021022800100192,2021년 2월 28일 14시,일요일,울산광역시 울주군 언양읍,부상신고사고,0,0,0,1,차대사람 - 길가장자리구역통행중,안전운전불이행,건조,흐림,단일로 - 기타,화물,남,46세,상해없음,보행자,남,61세,부상신고
2021022800100242,2021년 2월 28일 16시,일요일,울산광역시 북구 신천동,경상사고,0,0,1,0,차대사람 - 차도통행중,안전운전불이행,건조,맑음,단일로 - 기타,승용,여,61세,상해없음,보행자,여,82세,경상
2021022800100316,2021년 2월 28일 19시,일요일,울산광역시 남구 삼산동,경상사고,0,0,3,0,차대차 - 측면충돌,신호위반,건조,맑음,교차로 - 교차로안,승용,남,34세,상해없음,승용,남,56세,경상
2021022800100318,2021년 2월 28일 19시,일요일,울산광역시 울주군 온산읍,중상사고,0,1,0,0,차대사람 - 횡단중,안전운전불이행,건조,맑음,단일로 - 지하차도(도로)내,승용,여,60세,상해없음,보행자,남,36세,중상
2021022800100339,2021년 2월 28일 20시,일요일,울산광역시 북구 명촌동,중상사고,0,1,0,0,차대차 - 기타,안전운전불이행,건조,맑음,단일로 - 기타,이륜,남,41세,중상,승용,남,46세,상해없음
2021022800100379,2021년 2월 28일 22시,일요일,울산광역시 울주군 청량읍,중상사고,0,1,0,0,차대사람 - 차도통행중,안전운전불이행,건조,맑음,단일로 - 지하차도(도로)내,승용,남,60세,상해없음,보행자,여,83세,중상
2021030100100020,2021년 3월 1일 02시,월요일,울산광역시 남구 달동,경상사고,0,0,1,0,차대차 - 후진중충돌,안전운전불이행,건조,맑음,교차로 - 교차로부근,승용,남,55세,상해없음,승용,남,27세,경상
2021030100100026,2021년 3월 1일 03시,월요일,울산광역시 남구 부곡동,경상사고,0,0,1,0,차대차 - 추돌,안전운전불이행,건조,맑음,교차로 - 교차로부근,승용,남,35세,상해없음,승용,남,60세,경상
2021030100100045,2021년 3월 1일 08시,월요일,울산광역시 북구 염포동,경상사고,0,0,1,0,차대차 - 추돌,안전운전불이행,건조,맑음,교차로 - 교차로부근,특수,남,58세,상해없음,승용,남,45세,경상
2021030100100054,2021년 3월 1일 09시,월요일,울산광역시 중구 서동,경상사고,0,0,3,0,차대차 - 측면충돌,안전운전불이행,건조,맑음,교차로 - 교차로안,승용,여,59세,상해없음,승용,남,38세,경상
2021030100100082,2021년 3월 1일 11시,월요일,울산광역시 울주군 범서읍,중상사고,0,1,0,0,차대차 - 추돌,안전운전불이행,건조,맑음,단일로 - 기타,자전거,남,62세,상해없음,자전거,여,57세,중상
2021030100100127,2021년 3월 1일 13시,월요일,울산광역시 남구 삼산동,중상사고,0,1,1,0,차대차 - 측면충돌,안전운전불이행,젖음/습기,비,단일로 - 기타,승용,남,41세,중상,승용,남,70세,경상
2021030100100151,2021년 3월 1일 14시,월요일,울산광역시 중구 반구동,중상사고,0,1,1,0,차대차 - 측면충돌,직진우회전진행방해,젖음/습기,비,교차로 - 교차로안,이륜,남,44세,중상,승용,남,57세,경상
2021030100100152,2021년 3월 1일 14시,월요일,울산광역시 남구 무거동,경상사고,0,0,2,0,차대차 - 정면충돌,안전운전불이행,젖음/습기,비,단일로 - 기타,승용,남,51세,상해없음,승용,남,54세,경상
2021030100100187,2021년 3월 1일 15시,월요일,울산광역시 남구 달동,경상사고,0,0,1,0,차대차 - 기타,안전거리미확보,젖음/습기,비,교차로 - 교차로안,승용,여,41세,상해없음,이륜,남,23세,경상
2021030100100253,2021년 3월 1일 17시,월요일,울산광역시 남구 삼산동,경상사고,0,0,1,0,차대사람 - 길가장자리구역통행중,안전운전불이행,젖음/습기,비,단일로 - 기타,승용,여,38세,상해없음,보행자,남,25세,경상
2021030100100351,2021년 3월 1일 19시,월요일,울산광역시 울주군 범서읍,중상사고,0,1,0,0,차대차 - 기타,안전운전불이행,젖음/습기,비,교차로 - 교차로안,승용,여,57세,상해없음,이륜,남,38세,중상
2021030100100352,2021년 3월 1일 19시,월요일,울산광역시 울주군 범서읍,중상사고,0,1,0,0,차대차 - 후진중충돌,안전운전불이행,젖음/습기,비,단일로 - 기타,승용,여,53세,상해없음,이륜,남,55세,중상
2021030100100384,2021년 3월 1일 20시,월요일,울산광역시 북구 연암동,부상신고사고,0,0,0,1,차량단독 - 공작물충돌,안전운전불이행,젖음/습기,비,단일로 - 기타,화물,남,56세,부상신고,,,,
2021030100100454,2021년 3월 1일 23시,월요일,울산광역시 남구 달동,경상사고,0,0,1,0,차대차 - 측면충돌,신호위반,젖음/습기,비,교차로 - 교차로부근,승용,남,27세,상해없음,원동기,남,29세,경상
2021030200100009,2021년 3월 2일 00시,화요일,울산광역시 남구 무거동,경상사고,0,0,1,0,차대차 - 기타,중앙선침범,젖음/습기,비,교차로 - 교차로부근,승용,남,25세,상해없음,승용,남,31세,경상
2021030200100025,2021년 3월 2일 05시,화요일,울산광역시 울주군 삼남읍,중상사고,0,1,0,0,차대사람 - 차도통행중,안전운전불이행,젖음/습기,흐림,단일로 - 기타,건설기계,남,43세,상해없음,보행자,여,78세,중상
2021030200100043,2021년 3월 2일 06시,화요일,울산광역시 울주군 범서읍,경상사고,0,0,3,1,차대차 - 측면충돌,안전운전불이행,건조,맑음,단일로 - 고가도로위,승용,여,54세,경상,화물,남,22세,상해없음
2021030200100058,2021년 3월 2일 07시,화요일,울산광역시 북구 연암동,경상사고,0,0,1,0,차대차 - 추돌,안전운전불이행,건조,맑음,교차로 - 교차로안,승용,남,38세,상해없음,승용,남,47세,경상
2021030200100089,2021년 3월 2일 08시,화요일,울산광역시 북구 중산동,경상사고,0,0,4,0,차대차 - 측면충돌,안전운전불이행,건조,맑음,교차로 - 교차로안,승용,여,47세,경상,승용,남,33세,경상
2021030200100179,2021년 3월 2일 11시,화요일,울산광역시 중구 반구동,경상사고,0,0,1,0,차대사람 - 기타,안전운전불이행,건조,흐림,단일로 - 기타,승용,남,60세,상해없음,보행자,남,68세,경상
2021030200100226,2021년 3월 2일 13시,화요일,울산광역시 북구 진장동,경상사고,0,0,1,0,차대차 - 측면충돌,신호위반,건조,맑음,교차로 - 교차로안,화물,남,62세,상해없음,이륜,남,58세,경상
2021030200100324,2021년 3월 2일 16시,화요일,울산광역시 동구 화정동,중상사고,0,2,0,0,차대사람 - 횡단중,보행자보호의무위반,건조,흐림,교차로 - 교차로횡단보도내,승용,남,70세,상해없음,보행자,여,15세,중상
2021030200100446,2021년 3월 2일 19시,화요일,울산광역시 동구 서부동,경상사고,0,0,1,0,차대사람 - 횡단중,신호위반,건조,맑음,교차로 - 교차로안,승용,남,41세,상해없음,보행자,여,35세,경상
2021030200100447,2021년 3월 2일 19시,화요일,울산광역시 울주군 청량읍,경상사고,0,0,1,0,차대차 - 추돌,안전운전불이행,건조,맑음,단일로 - 고가도로위,화물,남,59세,상해없음,승용,여,49세,경상
2021030200100466,2021년 3월 2일 20시,화요일,울산광역시 동구 서부동,중상사고,0,1,0,0,차대사람 - 횡단중,보행자보호의무위반,건조,맑음,교차로 - 교차로횡단보도내,승용,남,59세,상해없음,보행자,남,49세,중상
2021030200100527,2021년 3월 2일 23시,화요일,울산광역시 울주군 언양읍,사망사고,1,0,4,0,차대차 - 측면충돌,안전운전불이행,건조,맑음,교차로 - 교차로안,승용,남,46세,사망,승합,남,56세,경상
2021030300100007,2021년 3월 3일 00시,수요일,울산광역시 남구 야음동,중상사고,0,1,0,0,차대사람 - 보도통행중,기타,건조,맑음,단일로 - 기타,승용,여,62세,상해없음,보행자,남,45세,중상
2021030300100033,2021년 3월 3일 05시,수요일,울산광역시 북구 진장동,경상사고,0,0,1,0,차대차 - 추돌,안전거리미확보,건조,맑음,단일로 - 기타,승용,여,59세,상해없음,승용,남,29세,경상
2021030300100050,2021년 3월 3일 06시,수요일,울산광역시 남구 무거동,중상사고,0,1,0,0,차대사람 - 횡단중,보행자보호의무위반,건조,맑음,교차로 - 교차로안,승용,남,56세,상해없음,보행자,남,34세,중상
2021030300100051,2021년 3월 3일 06시,수요일,울산광역시 남구 옥동,경상사고,0,0,2,0,차대차 - 추돌,안전거리미확보,건조,맑음,교차로 - 교차로부근,승용,남,59세,경상,승용,남,66세,경상
2021030300100113,2021년 3월 3일 08시,수요일,울산광역시 남구 남화동,부상신고사고,0,0,0,1,차량단독 - 공작물충돌,기타,건조,맑음,단일로 - 기타,화물,남,66세,부상신고,,,,
2021030300100139,2021년 3월 3일 09시,수요일,울산광역시 중구 복산동,경상사고,0,0,1,0,차대차 - 측면충돌,안전거리미확보,건조,맑음,단일로 - 기타,승용,여,76세,상해없음,화물,남,36세,경상
2021030300100262,2021년 3월 3일 13시,수요일,울산광역시 울주군 삼남읍,중상사고,0,1,0,0,차대차 - 정면충돌,교차로운행방법위반,건조,맑음,교차로 - 교차로안,화물,남,24세,상해없음,승용,여,65세,중상
2021030300100297,2021년 3월 3일 14시,수요일,울산광역시 동구 일산동,경상사고,0,0,1,0,차대차 - 추돌,안전운전불이행,건조,맑음,교차로 - 교차로안,화물,남,38세,상해없음,승합,남,68세,상해없음
2021030300100353,2021년 3월 3일 16시,수요일,울산광역시 중구 성남동,경상사고,0,0,2,0,차대차 - 측면충돌,안전거리미확보,건조,맑음,단일로 - 기타,승용,남,43세,경상,승용,여,44세,경상
2021030300100534,2021년 3월 3일 23시,수요일,울산광역시 남구 삼산동,경상사고,0,0,1,0,차대차 - 측면충돌,교차로운행방법위반,건조,기타,교차로 - 교차로부근,승용,남,58세,상해없음,개인형이동수단(PM),여,27세,경상
2021030400100016,2021년 3월 4일 01시,목요일,울산광역시 북구 진장동,경상사고,0,0,1,0,차대사람 - 횡단중,안전운전불이행,건조,맑음,단일로 - 기타,승용,남,69세,상해없음,보행자,남,30세,경상
2021030400100062,2021년 3월 4일 07시,목요일,울산광역시 중구 학산동,경상사고,0,0,1,0,차대사람 - 차도통행중,안전운전불이행,건조,맑음,교차로 - 교차로안,승용,남,40세,상해없음,보행자,여,62세,경상
2021030400100063,2021년 3월 4일 07시,목요일,울산광역시 남구 삼산동,경상사고,0,0,1,0,차대차 - 측면충돌,신호위반,건조,맑음,교차로 - 교차로안,승용,남,66세,상해없음,승용,남,29세,경상
2021030400100104,2021년 3월 4일 08시,목요일,울산광역시 중구 태화동,경상사고,0,0,1,0,차대사람 - 횡단중,보행자보호의무위반,건조,맑음,교차로 - 교차로안,승용,여,41세,상해없음,보행자,여,26세,경상
2021030400100152,2021년 3월 4일 10시,목요일,울산광역시 북구 호계동,경상사고,0,0,1,0,차대차 - 측면충돌,안전운전불이행,건조,맑음,단일로 - 기타,승용,여,39세,상해없음,자전거,남,53세,경상
2021030400100202,2021년 3월 4일 12시,목요일,울산광역시 울주군 서생면,중상사고,0,3,1,0,차대차 - 측면충돌,안전운전불이행,건조,맑음,교차로 - 교차로안,승용,여,56세,상해없음,승용,남,48세,중상
2021030400100362,2021년 3월 4일 18시,목요일,울산광역시 남구 달동,경상사고,0,0,1,0,차대차 - 측면충돌,교차로운행방법위반,젖음/습기,비,교차로 - 교차로안,승용,남,48세,상해없음,승용,남,58세,경상
2021030400100363,2021년 3월 4일 18시,목요일,울산광역시 동구 방어동,경상사고,0,0,1,0,차대사람 - 차도통행중,안전운전불이행,젖음/습기,비,교차로 - 교차로부근,화물,남,33세,상해없음,보행자,여,25세,경상
2021030400100417,2021년 3월 4일 19시,목요일,울산광역시 중구 복산동,중상사고,0,1,0,0,차대사람 - 횡단중,보행자보호의무위반,젖음/습기,비,교차로 - 교차로횡단보도내,승용,남,29세,상해없음,보행자,남,34세,중상
2021030400100503,2021년 3월 4일 22시,목요일,울산광역시 남구 삼산동,중상사고,0,1,0,0,차대차 - 정면충돌,신호위반,젖음/습기,비,교차로 - 교차로안,승용,남,37세,상해없음,이륜,남,46세,중상
2021030400100504,2021년 3월 4일 22시,목요일,울산광역시 남구 신정동,경상사고,0,0,1,0,차대사람 - 기타,안전운전불이행,젖음/습기,비,기타 - 기타,승용,여,27세,상해없음,보행자,남,32세,경상
2021030400100526,2021년 3월 4일 23시,목요일,울산광역시 남구 삼산동,중상사고,0,2,0,0,차대차 - 기타,안전운전불이행,젖음/습기,비,교차로 - 교차로부근,승용,남,34세,상해없음,승용,남,29세,중상
2021030500100028,2021년 3월 5일 03시,금요일,울산광역시 남구 신정동,경상사고,0,0,1,1,차대차 - 측면충돌,신호위반,젖음/습기,흐림,교차로 - 교차로안,승용,남,64세,상해없음,승용,남,50세,부상신고
2021030500100055,2021년 3월 5일 06시,금요일,울산광역시 북구 진장동,중상사고,0,1,0,0,차대차 - 추돌,안전운전불이행,건조,맑음,단일로 - 기타,승용,남,23세,상해없음,이륜,남,61세,중상
2021030500100233,2021년 3월 5일 12시,금요일,울산광역시 북구 구유동,경상사고,0,0,1,0,차대차 - 측면충돌,중앙선침범,건조,맑음,단일로 - 기타,승용,남,65세,상해없음,승합,남,35세,경상
2021030500100377,2021년 3월 5일 16시,금요일,울산광역시 동구 동부동,경상사고,0,0,1,0,차대차 - 측면충돌,안전운전불이행,건조,맑음,주차장 - 주차장,승용,남,74세,상해없음,승용,남,22세,기타불명
2021030500100415,2021년 3월 5일 17시,금요일,울산광역시 울주군 범서읍,부상신고사고,0,0,0,1,차대차 - 측면충돌,안전운전불이행,건조,맑음,교차로 - 교차로안,자전거,남,9세,부상신고,이륜,남,39세,상해없음
2021030500100461,2021년 3월 5일 18시,금요일,울산광역시 북구 호계동,중상사고,0,1,0,0,차대차 - 측면충돌,안전운전불이행,건조,맑음,단일로 - 기타,승용,남,19세,상해없음,이륜,남,21세,중상
2021030500100534,2021년 3월 5일 20시,금요일,울산광역시 남구 달동,경상사고,0,0,2,0,차대차 - 측면충돌,직진우회전진행방해,건조,맑음,교차로 - 교차로안,승용,남,35세,경상,승용,남,28세,경상
2021030500100591,2021년 3월 5일 22시,금요일,울산광역시 남구 달동,경상사고,0,0,1,0,차대차 - 측면충돌,안전운전불이행,건조,맑음,단일로 - 기타,승용,남,49세,상해없음,승용,남,66세,경상
2021030500100610,2021년 3월 5일 23시,금요일,울산광역시 북구 송정동,부상신고사고,0,0,0,1,차대차 - 측면충돌,중앙선침범,건조,맑음,단일로 - 기타,승용,남,32세,부상신고,승용,남,42세,상해없음
2021030600100011,2021년 3월 6일 00시,토요일,울산광역시 동구 방어동,중상사고,0,1,0,0,차대사람 - 차도통행중,안전운전불이행,건조,맑음,단일로 - 지하차도(도로)내,승용,남,65세,상해없음,보행자,여,65세,중상
2021030600100012,2021년 3월 6일 00시,토요일,울산광역시 북구 염포동,중상사고,0,1,0,0,차대사람 - 횡단중,보행자보호의무위반,건조,맑음,단일로 - 기타,승용,남,58세,상해없음,보행자,남,27세,중상
2021030600100247,2021년 3월 6일 14시,토요일,울산광역시 울주군 범서읍,경상사고,0,0,2,0,차대차 - 추돌,안전운전불이행,건조,맑음,단일로 - 기타,건설기계,남,48세,상해없음,승용,여,41세,경상
2021030600100283,2021년 3월 6일 15시,토요일,울산광역시 남구 무거동,중상사고,0,1,0,0,차대차 - 추돌,안전운전불이행,젖음/습기,비,교차로 - 교차로안,승용,남,39세,상해없음,승용,여,58세,중상
2021030600100375,2021년 3월 6일 18시,토요일,울산광역시 중구 반구동,경상사고,0,0,1,0,차대사람 - 기타,신호위반,젖음/습기,흐림,기타 - 기타,이륜,남,27세,상해없음,보행자,남,26세,경상
2021030600100424,2021년 3월 6일 20시,토요일,울산광역시 남구 야음동,경상사고,0,0,1,0,차대차 - 측면충돌,직진우회전진행방해,건조,맑음,교차로 - 교차로안,원동기,남,16세,경상,승용,여,41세,상해없음
2021030600100425,2021년 3월 6일 20시,토요일,울산광역시 울주군 웅촌면,경상사고,0,0,2,0,차대차 - 측면충돌,차로위반,건조,맑음,단일로 - 지하차도(도로)내,승용,여,63세,상해없음,승용,남,35세,경상
2021030600100496,2021년 3월 6일 23시,토요일,울산광역시 남구 달동,경상사고,0,0,1,0,차대사람 - 길가장자리구역통행중,안전운전불이행,건조,맑음,교차로 - 교차로부근,화물,남,53세,상해없음,보행자,남,52세,경상
2021030700100048,2021년 3월 7일 08시,일요일,울산광역시 북구 연암동,경상사고,0,0,1,0,차대차 - 추돌,안전운전불이행,건조,맑음,단일로 - 기타,승용,남,82세,상해없음,승용,남,54세,경상
2021030700100143,2021년 3월 7일 13시,일요일,울산광역시 중구 반구동,경상사고,0,0,1,0,차대차 - 측면충돌,기타,건조,맑음,기타 - 기타,승용,남,56세,상해없음,이륜,남,21세,경상
2021030700100144,2021년 3월 7일 13시,일요일,울산광역시 중구 유곡동,경상사고,0,0,1,0,차대차 - 측면충돌,차로위반,건조,맑음,교차로 - 교차로안,승용,남,62세,상해없음,승용,남,42세,경상
2021030700100145,2021년 3월 7일 13시,일요일,울산광역시 남구 신정동,경상사고,0,0,2,0,차대차 - 측면충돌,교차로운행방법위반,건조,맑음,교차로 - 교차로안,승용,여,58세,경상,승용,남,27세,경상
2021030700100203,2021년 3월 7일 15시,일요일,울산광역시 남구 달동,경상사고,0,0,1,0,차대사람 - 횡단중,안전운전불이행,건조,맑음,교차로 - 교차로횡단보도내,화물,남,37세,상해없음,보행자,남,75세,경상
2021030700100284,2021년 3월 7일 18시,일요일,울산광역시 북구 연암동,경상사고,0,0,4,0,차대차 - 측면충돌,신호위반,건조,맑음,교차로 - 교차로안,승용,남,70세,상해없음,승용,남,27세,경상
2021030700100336,2021년 3월 7일 20시,일요일,울산광역시 울주군 온산읍,경상사고,0,0,1,0,차대차 - 측면충돌,중앙선침범,건조,맑음,주차장 - 주차장,승용,남,60세,상해없음,승용,남,38세,경상
2021030700100380,2021년 3월 7일 22시,일요일,울산광역시 중구 북정동,경상사고,0,0,3,0,차대차 - 추돌,안전운전불이행,건조,맑음,단일로 - 기타,승용,여,29세,상해없음,승용,남,39세,경상
2021030700100381,2021년 3월 7일 22시,일요일,울산광역시 북구 호계동,중상사고,0,1,0,0,차대사람 - 길가장자리구역통행중,안전운전불이행,건조,맑음,교차로 - 교차로부근,승용,여,68세,상해없음,보행자,남,53세,중상
2021030800100065,2021년 3월 8일 07시,월요일,울산광역시 남구 삼산동,경상사고,0,0,1,0,차대차 - 추돌,안전운전불이행,건조,맑음,교차로 - 교차로부근,승용,남,39세,상해없음,승용,남,61세,경상
2021030800100066,2021년 3월 8일 07시,월요일,울산광역시 울주군 온산읍,중상사고,0,1,0,0,차대사람 - 기타,안전운전불이행,건조,맑음,교차로 - 교차로안,이륜,남,61세,상해없음,보행자,여,65세,중상
2021030800100164,2021년 3월 8일 09시,월요일,울산광역시 북구 신천동,경상사고,0,0,1,0,차대차 - 측면충돌,안전운전불이행,건조,맑음,교차로 - 교차로부근,화물,남,75세,상해없음,승용,여,28세,경상
2021030800100212,2021년 3월 8일 11시,월요일,울산광역시 남구 삼산동,중상사고,0,1,0,0,차대차 - 측면충돌,안전운전불이행,건조,맑음,교차로 - 교차로안,화물,남,46세,상해없음,원동기,남,47세,중상
2021030800100241,2021년 3월 8일 12시,월요일,울산광역시 울주군 언양읍,경상사고,0,0,1,0,차량단독 - 공작물충돌,안전운전불이행,건조,맑음,교차로 - 교차로안,화물,남,53세,경상,,,,
2021030800100340,2021년 3월 8일 15시,월요일,울산광역시 남구 선암동,경상사고,0,0,3,0,차대차 - 기타,안전거리미확보,건조,맑음,교차로 - 교차로부근,화물,남,63세,상해없음,승용,남,68세,경상