사고번호,사고일시,요일,시군구,사고내용,사망자수,중상자수,경상자수,부상신고자수,사고유형,법규위반,노면상태,기상상태,도로형태,가해운전자 차종,가해운전자 성별,가해운전자 연령,가해운전자 상해정도,피해운전자 차종,피해운전자 성별,피해운전자 연령,피해운전자 상해정도
2021030800100341,2021년 3월 8일 15시,월요일,울산광역시 북구 화봉동,경상사고,0,0,2,0,차대차 - 측면충돌,교차로운행방법위반,건조,맑음,교차로 - 교차로안,승용,여,45세,경상,승용,남,43세,경상
2021030800100420,2021년 3월 8일 17시,월요일,울산광역시 중구 학성동,경상사고,0,0,1,0,차대차 - 측면충돌,안전운전불이행,건조,맑음,교차로 - 교차로안,승용,여,54세,상해없음,이륜,남,42세,경상
2021030800100421,2021년 3월 8일 17시,월요일,울산광역시 울주군 범서읍,경상사고,0,0,1,0,차대차 - 측면충돌,안전운전불이행,건조,맑음,교차로 - 교차로안,승용,여,42세,상해없음,승용,여,39세,경상
2021030800100542,2021년 3월 8일 20시,월요일,울산광역시 북구 명촌동,경상사고,0,0,1,0,차대차 - 추돌,안전운전불이행,건조,맑음,단일로 - 기타,승용,남,48세,기타불명,화물,남,68세,경상
2021030900100015,2021년 3월 9일 02시,화요일,울산광역시 남구 삼산동,중상사고,0,1,1,0,차대사람 - 기타,안전운전불이행,건조,맑음,단일로 - 기타,승용,남,29세,상해없음,보행자,남,21세,중상
2021030900100022,2021년 3월 9일 04시,화요일,울산광역시 북구 염포동,중상사고,0,1,0,0,차대차 - 추돌,안전운전불이행,건조,맑음,단일로 - 기타,화물,남,41세,상해없음,승용,여,50세,중상
2021030900100039,2021년 3월 9일 06시,화요일,울산광역시 중구 서동,경상사고,0,0,1,0,차대차 - 측면충돌,차로위반,건조,맑음,교차로 - 교차로안,화물,남,28세,상해없음,승용,남,27세,경상
2021030900100058,2021년 3월 9일 07시,화요일,울산광역시 남구 여천동,경상사고,0,0,1,0,차대차 - 측면충돌,안전거리미확보,건조,맑음,단일로 - 기타,승용,남,73세,상해없음,특수,남,37세,경상
2021030900100059,2021년 3월 9일 07시,화요일,울산광역시 울주군 범서읍,부상신고사고,0,0,0,2,차대차 - 추돌,안전운전불이행,건조,맑음,교차로 - 교차로부근,승합,남,51세,상해없음,승용,남,58세,부상신고
2021030900100107,2021년 3월 9일 09시,화요일,울산광역시 남구 무거동,경상사고,0,0,1,1,차대차 - 추돌,안전거리미확보,건조,맑음,교차로 - 교차로안,승용,남,52세,상해없음,승용,남,57세,부상신고
2021030900100202,2021년 3월 9일 12시,화요일,울산광역시 남구 무거동,부상신고사고,0,0,0,1,차대차 - 측면충돌,안전거리미확보,건조,맑음,단일로 - 기타,승용,남,52세,상해없음,승용,여,48세,부상신고
2021030900100203,2021년 3월 9일 12시,화요일,울산광역시 북구 양정동,중상사고,0,1,0,0,차대사람 - 횡단중,안전운전불이행,건조,맑음,단일로 - 기타,화물,남,30세,상해없음,보행자,여,82세,중상
2021030900100233,2021년 3월 9일 13시,화요일,울산광역시 남구 여천동,경상사고,0,0,3,0,차대차 - 추돌,안전거리미확보,건조,맑음,교차로 - 교차로부근,승용,여,35세,경상,화물,남,67세,경상
2021030900100394,2021년 3월 9일 18시,화요일,울산광역시 남구 삼산동,경상사고,0,0,2,0,차대차 - 후진중충돌,안전운전불이행,건조,맑음,주차장 - 주차장,승용,여,28세,상해없음,승용,여,30세,경상
2021030900100423,2021년 3월 9일 19시,화요일,울산광역시 중구 성남동,경상사고,0,0,5,0,차대차 - 추돌,안전운전불이행,건조,맑음,단일로 - 기타,승용,남,55세,상해없음,승합,남,47세,경상
2021030900100471,2021년 3월 9일 21시,화요일,울산광역시 울주군 범서읍,중상사고,0,1,0,0,차대차 - 추돌,안전거리미확보,건조,맑음,교차로 - 교차로부근,개인형이동수단(PM),여,17세,중상,승용,남,48세,상해없음
2021031000100007,2021년 3월 10일 00시,수요일,울산광역시 울주군 온산읍,사망사고,1,0,0,0,차량단독 - 공작물충돌,안전운전불이행,건조,맑음,교차로 - 교차로안,승용,남,51세,사망,,,,
2021031000100187,2021년 3월 10일 11시,수요일,울산광역시 북구 중산동,경상사고,0,0,1,0,차대차 - 기타,신호위반,건조,맑음,교차로 - 교차로안,승용,여,21세,경상,화물,남,25세,상해없음
2021031000100344,2021년 3월 10일 15시,수요일,울산광역시 남구 야음동,중상사고,0,1,0,0,차대차 - 측면충돌,안전거리미확보,건조,맑음,단일로 - 기타,승용,남,66세,상해없음,이륜,남,39세,중상
2021031000100377,2021년 3월 10일 16시,수요일,울산광역시 남구 달동,경상사고,0,0,1,0,차대차 - 추돌,안전운전불이행,건조,맑음,주차장 - 주차장,승용,여,55세,상해없음,승용,남,25세,경상
2021031000100417,2021년 3월 10일 17시,수요일,울산광역시 중구 성남동,경상사고,0,0,1,0,차대차 - 측면충돌,중앙선침범,건조,맑음,교차로 - 교차로횡단보도내,자전거,남,67세,경상,승용,남,73세,상해없음
2021031000100418,2021년 3월 10일 17시,수요일,울산광역시 중구 남외동,경상사고,0,0,1,0,차대차 - 기타,중앙선침범,건조,맑음,단일로 - 기타,자전거,남,65세,상해없음,자전거,남,37세,경상
2021031000100456,2021년 3월 10일 18시,수요일,울산광역시 북구 매곡동,경상사고,0,0,2,0,차대차 - 기타,안전운전불이행,건조,맑음,교차로 - 교차로부근,승용,여,46세,상해없음,승용,남,35세,경상
2021031000100494,2021년 3월 10일 19시,수요일,울산광역시 남구 삼산동,부상신고사고,0,0,0,1,차대차 - 측면충돌,안전운전불이행,건조,맑음,교차로 - 교차로안,이륜,남,40세,부상신고,승용,여,29세,상해없음
2021031000100590,2021년 3월 10일 23시,수요일,울산광역시 울주군 웅촌면,경상사고,0,0,1,0,차대차 - 측면충돌,차로위반,건조,맑음,단일로 - 지하차도(도로)내,화물,남,71세,상해없음,승용,남,29세,경상
2021031100100009,2021년 3월 11일 00시,목요일,울산광역시 북구 진장동,중상사고,0,1,0,0,차대차 - 측면충돌,안전운전불이행,건조,맑음,교차로 - 교차로횡단보도내,승용,여,23세,상해없음,개인형이동수단(PM),남,28세,중상
2021031100100074,2021년 3월 11일 07시,목요일,울산광역시 북구 신천동,경상사고,0,0,1,0,차대사람 - 횡단중,신호위반,건조,맑음,교차로 - 교차로부근,이륜,남,미분류,상해없음,보행자,남,22세,경상
2021031100100099,2021년 3월 11일 08시,목요일,울산광역시 남구 달동,중상사고,0,1,0,0,차대차 - 기타,차로위반,건조,맑음,교차로 - 교차로부근,승용,남,79세,기타불명,이륜,남,35세,중상
2021031100100368,2021년 3월 11일 17시,목요일,울산광역시 남구 무거동,경상사고,0,0,1,0,차대차 - 측면충돌,교차로운행방법위반,건조,맑음,교차로 - 교차로부근,승합,남,74세,상해없음,이륜,남,42세,경상
2021031100100369,2021년 3월 11일 17시,목요일,울산광역시 울주군 온양읍,경상사고,0,0,1,0,차대사람 - 기타,안전운전불이행,건조,맑음,교차로 - 교차로안,승용,남,59세,기타불명,보행자,남,16세,경상
2021031100100450,2021년 3월 11일 19시,목요일,울산광역시 남구 삼산동,경상사고,0,0,1,0,차대사람 - 횡단중,신호위반,건조,맑음,교차로 - 교차로횡단보도내,원동기,남,40세,상해없음,보행자,여,65세,경상
2021031100100451,2021년 3월 11일 19시,목요일,울산광역시 울주군 온산읍,경상사고,0,0,2,0,차대차 - 측면충돌,신호위반,건조,맑음,교차로 - 교차로안,승합,남,39세,상해없음,승용,남,39세,경상
2021031100100485,2021년 3월 11일 20시,목요일,울산광역시 중구 약사동,중상사고,0,1,0,0,차대차 - 측면충돌,신호위반,건조,맑음,교차로 - 교차로안,원동기,남,22세,중상,승용,여,44세,상해없음
2021031200100016,2021년 3월 12일 02시,금요일,울산광역시 울주군 삼동면,중상사고,0,1,0,0,차대사람 - 길가장자리구역통행중,안전운전불이행,젖음/습기,비,단일로 - 기타,승용,남,34세,상해없음,보행자,남,81세,중상
2021031200100040,2021년 3월 12일 06시,금요일,울산광역시 남구 달동,중상사고,0,1,0,0,차대사람 - 기타,안전운전불이행,젖음/습기,비,단일로 - 기타,승용,남,37세,상해없음,보행자,남,52세,중상
2021031200100061,2021년 3월 12일 08시,금요일,울산광역시 울주군 범서읍,경상사고,0,0,1,0,차대차 - 추돌,신호위반,젖음/습기,비,단일로 - 기타,화물,남,72세,상해없음,특수,남,65세,경상
2021031200100143,2021년 3월 12일 11시,금요일,울산광역시 울주군 삼남읍,중상사고,0,2,0,0,차대차 - 추돌,안전운전불이행,젖음/습기,비,단일로 - 기타,승용,남,56세,상해없음,승용,남,61세,중상
2021031200100166,2021년 3월 12일 11시,금요일,울산광역시 남구 옥동,중상사고,0,1,0,0,차대사람 - 횡단중,중앙선침범,젖음/습기,비,교차로 - 교차로횡단보도내,이륜,남,24세,상해없음,보행자,여,68세,중상
2021031200100200,2021년 3월 12일 12시,금요일,울산광역시 중구 다운동,중상사고,0,2,1,0,차대차 - 측면충돌,직진우회전진행방해,건조,맑음,교차로 - 교차로안,승용,남,75세,경상,승용,남,67세,중상
2021031200100232,2021년 3월 12일 13시,금요일,울산광역시 남구 신정동,경상사고,0,0,1,0,차대차 - 측면충돌,안전운전불이행,젖음/습기,비,교차로 - 교차로안,승용,남,22세,상해없음,이륜,남,31세,경상
2021031200100233,2021년 3월 12일 13시,금요일,울산광역시 울주군 온양읍,경상사고,0,0,1,0,차대차 - 측면충돌,차로위반,젖음/습기,비,단일로 - 기타,화물,남,62세,경상,화물,남,50세,상해없음
2021031200100267,2021년 3월 12일 14시,금요일,울산광역시 울주군 온산읍,경상사고,0,0,1,0,차대차 - 측면충돌,직진우회전진행방해,젖음/습기,비,교차로 - 교차로안,승용,여,48세,상해없음,승용,여,64세,경상
2021031200100310,2021년 3월 12일 15시,금요일,울산광역시 울주군 온산읍,경상사고,0,0,1,0,차대차 - 추돌,안전운전불이행,젖음/습기,비,교차로 - 교차로부근,화물,남,68세,상해없음,승용,남,54세,경상
2021031200100349,2021년 3월 12일 16시,금요일,울산광역시 중구 학산동,경상사고,0,0,1,0,차대사람 - 기타,안전운전불이행,젖음/습기,비,교차로 - 교차로안,기타불명,기타불명,미분류,기타불명,보행자,여,65세,경상
2021031200100435,2021년 3월 12일 18시,금요일,울산광역시 중구 교동,경상사고,0,0,1,0,차대차 - 측면충돌,교차로운행방법위반,건조,맑음,교차로 - 교차로안,승용,남,66세,상해없음,승용,남,36세,경상
2021031200100536,2021년 3월 12일 20시,금요일,울산광역시 울주군 언양읍,중상사고,0,1,0,0,차대사람 - 횡단중,안전운전불이행,젖음/습기,비,단일로 - 기타,이륜,남,45세,상해없음,보행자,남,58세,중상
2021031200100564,2021년 3월 12일 21시,금요일,울산광역시 동구 화정동,경상사고,0,0,1,0,차대차 - 추돌,안전운전불이행,젖음/습기,비,교차로 - 교차로부근,이륜,남,55세,경상,승용,남,52세,상해없음
2021031300100012,2021년 3월 13일 00시,토요일,울산광역시 남구 달동,경상사고,0,0,1,0,차대사람 - 횡단중,안전운전불이행,젖음/습기,흐림,교차로 - 교차로안,승용,남,29세,상해없음,보행자,남,49세,경상
2021031300100051,2021년 3월 13일 06시,토요일,울산광역시 남구 삼산동,중상사고,0,1,0,0,차대사람 - 보도통행중,신호위반,건조,맑음,교차로 - 교차로횡단보도내,승용,남,59세,기타불명,보행자,남,19세,중상
2021031300100063,2021년 3월 13일 07시,토요일,울산광역시 울주군 두동면,경상사고,0,0,1,0,차대차 - 기타,안전운전불이행,건조,맑음,교차로 - 교차로부근,승용,남,32세,경상,승용,남,32세,상해없음
2021031300100131,2021년 3월 13일 10시,토요일,울산광역시 중구 복산동,경상사고,0,0,1,0,차대차 - 측면충돌,신호위반,건조,맑음,교차로 - 교차로안,화물,남,47세,상해없음,승용,남,78세,경상
2021031300100132,2021년 3월 13일 10시,토요일,울산광역시 중구 성안동,경상사고,0,0,1,0,차대차 - 측면충돌,안전운전불이행,건조,맑음,교차로 - 교차로부근,승용,여,50세,상해없음,화물,남,31세,경상
2021031300100169,2021년 3월 13일 11시,토요일,울산광역시 남구 야음동,경상사고,0,0,1,0,차대사람 - 횡단중,보행자보호의무위반,건조,맑음,교차로 - 교차로횡단보도내,승용,여,48세,상해없음,보행자,여,54세,경상
2021031300100217,2021년 3월 13일 12시,토요일,울산광역시 남구 달동,경상사고,0,0,1,0,차대사람 - 횡단중,보행자보호의무위반,건조,맑음,교차로 - 교차로횡단보도내,승용,여,52세,상해없음,보행자,남,32세,경상
2021031300100253,2021년 3월 13일 13시,토요일,울산광역시 울주군 서생면,중상사고,0,1,0,0,차량단독 - 공작물충돌,안전운전불이행,건조,맑음,단일로 - 기타,승용,남,53세,중상,,,,
2021031300100286,2021년 3월 13일 14시,토요일,울산광역시 남구 달동,중상사고,0,1,1,0,차대차 - 측면충돌,신호위반,건조,맑음,교차로 - 교차로안,승용,여,58세,상해없음,승용,남,64세,경상
2021031300100385,2021년 3월 13일 17시,토요일,울산광역시 울주군 서생면,경상사고,0,0,4,2,차대차 - 측면충돌,중앙선침범,건조,맑음,단일로 - 기타,승용,여,47세,부상신고,승용,남,48세,경상
2021031300100420,2021년 3월 13일 18시,토요일,울산광역시 남구 삼산동,경상사고,0,0,1,0,차대차 - 측면충돌,안전운전불이행,건조,맑음,교차로 - 교차로횡단보도내,승용,남,41세,상해없음,자전거,여,11세,경상
2021031300100421,2021년 3월 13일 18시,토요일,울산광역시 북구 호계동,경상사고,0,0,1,0,차대차 - 측면충돌,안전운전불이행,건조,맑음,단일로 - 기타,이륜,남,20세,기타불명,승용,여,49세,경상
2021031400100084,2021년 3월 14일 10시,일요일,울산광역시 중구 서동,부상신고사고,0,0,0,1,차대차 - 추돌,안전운전불이행,건조,맑음,단일로 - 기타,승용,남,72세,상해없음,승용,남,39세,부상신고
2021031400100085,2021년 3월 14일 10시,일요일,울산광역시 울주군 언양읍,부상신고사고,0,0,0,2,차대차 - 추돌,교차로운행방법위반,건조,맑음,교차로 - 교차로안,승용,남,21세,상해없음,승용,남,37세,부상신고
2021031400100212,2021년 3월 14일 16시,일요일,울산광역시 울주군 언양읍,중상사고,0,2,0,0,차대차 - 추돌,차로위반,건조,맑음,단일로 - 기타,승용,남,44세,상해없음,승용,여,50세,중상
2021031400100268,2021년 3월 14일 17시,일요일,울산광역시 남구 신정동,경상사고,0,0,3,0,차대차 - 추돌,안전거리미확보,건조,맑음,교차로 - 교차로안,승용,남,55세,상해없음,화물,남,46세,경상
2021031400100269,2021년 3월 14일 17시,일요일,울산광역시 북구 호계동,부상신고사고,0,0,0,1,차대차 - 정면충돌,안전운전불이행,건조,맑음,단일로 - 기타,자전거,남,12세,부상신고,승용,남,43세,상해없음
2021031400100297,2021년 3월 14일 18시,일요일,울산광역시 남구 신정동,경상사고,0,0,1,0,차대차 - 측면충돌,안전운전불이행,건조,맑음,교차로 - 교차로안,승용,여,38세,상해없음,승용,남,27세,경상
2021031400100407,2021년 3월 14일 22시,일요일,울산광역시 남구 달동,경상사고,0,0,1,0,차대사람 - 횡단중,교차로운행방법위반,건조,맑음,교차로 - 교차로안,승용,남,44세,상해없음,보행자,남,37세,경상
2021031400100408,2021년 3월 14일 22시,일요일,울산광역시 울주군 온산읍,중상사고,0,1,0,0,차대차 - 추돌,안전운전불이행,건조,맑음,단일로 - 기타,이륜,남,50세,중상,건설기계,남,29세,상해없음
2021031500100016,2021년 3월 15일 03시,월요일,울산광역시 남구 달동,경상사고,0,0,1,0,차량단독 - 기타,안전운전불이행,건조,맑음,교차로 - 교차로안,승용,남,41세,상해없음,,,,
2021031500100101,2021년 3월 15일 08시,월요일,울산광역시 중구 서동,경상사고,0,0,2,0,차대차 - 측면충돌,안전운전불이행,건조,맑음,교차로 - 교차로안,승용,여,36세,상해없음,승용,여,42세,경상
2021031500100102,2021년 3월 15일 08시,월요일,울산광역시 남구 신정동,경상사고,0,0,7,0,차대차 - 추돌,안전거리미확보,건조,맑음,단일로 - 기타,화물,남,65세,상해없음,승용,여,44세,경상
2021031500100103,2021년 3월 15일 08시,월요일,울산광역시 동구 방어동,경상사고,0,0,1,0,차대사람 - 기타,안전운전불이행,건조,맑음,기타 - 기타,기타불명,기타불명,미분류,기타불명,보행자,남,82세,경상
2021031500100168,2021년 3월 15일 10시,월요일,울산광역시 울주군 온양읍,경상사고,0,0,1,0,차대차 - 정면충돌,신호위반,건조,맑음,교차로 - 교차로안,승용,여,67세,상해없음,승용,여,52세,경상
2021031500100225,2021년 3월 15일 12시,월요일,울산광역시 울주군 두서면,경상사고,0,0,1,0,차대차 - 추돌,안전거리미확보,건조,맑음,단일로 - 지하차도(도로)내,화물,남,44세,상해없음,화물,남,35세,경상
2021031500100249,2021년 3월 15일 13시,월요일,울산광역시 울주군 범서읍,경상사고,0,0,2,0,차대사람 - 차도통행중,안전운전불이행,건조,맑음,단일로 - 기타,자전거,여,54세,경상,보행자,남,74세,경상
2021031500100250,2021년 3월 15일 13시,월요일,울산광역시 북구 화봉동,중상사고,0,1,1,0,차대차 - 기타,안전거리미확보,건조,맑음,교차로 - 교차로부근,승용,여,47세,상해없음,화물,남,73세,중상
2021031500100283,2021년 3월 15일 14시,월요일,울산광역시 중구 반구동,중상사고,0,1,1,0,차대차 - 측면충돌,안전운전불이행,건조,맑음,기타 - 기타,자전거,남,64세,경상,자전거,남,65세,중상
2021031500100348,2021년 3월 15일 16시,월요일,울산광역시 중구 반구동,중상사고,0,1,0,0,차대차 - 측면충돌,신호위반,건조,맑음,교차로 - 교차로안,승용,여,64세,상해없음,이륜,남,78세,중상
2021031500100440,2021년 3월 15일 18시,월요일,울산광역시 울주군 온산읍,부상신고사고,0,0,0,1,차량단독 - 공작물충돌,안전운전불이행,기타,맑음,기타 - 기타,승용,여,28세,부상신고,,,,
2021031600100254,2021년 3월 16일 12시,화요일,울산광역시 울주군 범서읍,경상사고,0,0,1,0,차대차 - 측면충돌,안전운전불이행,건조,맑음,교차로 - 교차로부근,이륜,남,32세,상해없음,자전거,남,17세,경상
2021031600100255,2021년 3월 16일 12시,화요일,울산광역시 북구 연암동,경상사고,0,0,1,0,차량단독 - 기타,안전운전불이행,건조,맑음,단일로 - 기타,승합,남,52세,상해없음,,,,
2021031600100317,2021년 3월 16일 14시,화요일,울산광역시 남구 신정동,경상사고,0,0,1,0,차대차 - 측면충돌,교차로운행방법위반,건조,맑음,교차로 - 교차로안,승용,남,26세,상해없음,화물,남,43세,경상
2021031600100349,2021년 3월 16일 15시,화요일,울산광역시 남구 무거동,경상사고,0,0,1,0,차대차 - 추돌,안전운전불이행,건조,맑음,단일로 - 기타,승용,여,53세,상해없음,승용,여,34세,경상
2021031600100382,2021년 3월 16일 16시,화요일,울산광역시 울주군 삼남읍,경상사고,0,0,1,0,차대차 - 기타,직진우회전진행방해,건조,맑음,교차로 - 교차로안,승용,남,34세,상해없음,이륜,남,70세,경상
2021031600100383,2021년 3월 16일 16시,화요일,울산광역시 북구 매곡동,경상사고,0,0,1,1,차대차 - 추돌,교차로운행방법위반,건조,맑음,교차로 - 교차로부근,승용,여,32세,부상신고,승용,여,52세,경상
2021031600100420,2021년 3월 16일 17시,화요일,울산광역시 남구 삼산동,경상사고,0,0,1,0,차대차 - 기타,신호위반,건조,맑음,교차로 - 교차로안,승용,남,27세,상해없음,이륜,남,38세,경상
2021031600100472,2021년 3월 16일 18시,화요일,울산광역시 중구 반구동,부상신고사고,0,0,0,1,차대차 - 기타,신호위반,건조,맑음,교차로 - 교차로안,이륜,남,50세,부상신고,화물,남,50세,상해없음
2021031600100473,2021년 3월 16일 18시,화요일,울산광역시 남구 삼산동,경상사고,0,0,2,0,차대차 - 측면충돌,안전운전불이행,건조,맑음,교차로 - 교차로안,승용,남,24세,상해없음,승용,남,34세,경상
2021031600100474,2021년 3월 16일 18시,화요일,울산광역시 울주군 언양읍,부상신고사고,0,0,0,1,차대차 - 측면충돌,안전운전불이행,건조,맑음,교차로 - 교차로안,기타불명,기타불명,미분류,기타불명,자전거,남,51세,부상신고
2021031600100475,2021년 3월 16일 18시,화요일,울산광역시 북구 명촌동,경상사고,0,0,4,0,차대차 - 측면충돌,안전운전불이행,건조,맑음,단일로 - 기타,승합,여,61세,상해없음,승용,남,40세,경상
2021031600100545,2021년 3월 16일 21시,화요일,울산광역시 중구 학성동,중상사고,0,1,0,0,차대사람 - 차도통행중,안전운전불이행,건조,맑음,단일로 - 기타,승합,남,45세,상해없음,보행자,남,53세,중상
2021031600100546,2021년 3월 16일 21시,화요일,울산광역시 북구 연암동,중상사고,0,1,0,0,차대사람 - 횡단중,안전운전불이행,건조,맑음,교차로 - 교차로부근,승용,남,58세,상해없음,보행자,여,42세,중상
2021031600100599,2021년 3월 16일 23시,화요일,울산광역시 남구 신정동,경상사고,0,0,1,0,차대차 - 측면충돌,안전거리미확보,건조,맑음,교차로 - 교차로안,승용,남,59세,상해없음,승용,남,36세,경상
2021031700100037,2021년 3월 17일 06시,수요일,울산광역시 남구 야음동,경상사고,0,0,1,0,차대차 - 측면충돌,안전운전불이행,건조,맑음,교차로 - 교차로안,자전거,남,36세,경상,승용,남,50세,상해없음
2021031700100061,2021년 3월 17일 07시,수요일,울산광역시 동구 화정동,경상사고,0,0,2,0,차대차 - 측면충돌,안전운전불이행,건조,맑음,교차로 - 교차로안,승용,여,46세,기타불명,승용,남,30세,경상
2021031700100062,2021년 3월 17일 07시,수요일,울산광역시 북구 양정동,경상사고,0,0,2,0,차대차 - 추돌,안전운전불이행,건조,맑음,교차로 - 교차로부근,화물,여,59세,상해없음,승용,여,54세,경상
2021031700100149,2021년 3월 17일 10시,수요일,울산광역시 울주군 온양읍,경상사고,0,0,6,0,차대차 - 측면충돌,신호위반,건조,맑음,교차로 - 교차로안,승용,남,72세,상해없음,승용,여,60세,경상
2021031700100355,2021년 3월 17일 16시,수요일,울산광역시 남구 고사동,경상사고,0,0,1,0,차대차 - 추돌,안전운전불이행,건조,맑음,교차로 - 교차로부근,화물,남,67세,상해없음,승용,남,53세,경상
2021031700100400,2021년 3월 17일 17시,수요일,울산광역시 중구 반구동,중상사고,0,2,1,0,차대차 - 측면충돌,신호위반,건조,맑음,교차로 - 교차로안,이륜,남,19세,중상,승용,남,24세,중상
2021031700100439,2021년 3월 17일 18시,수요일,울산광역시 남구 신정동,경상사고,0,0,1,0,차대사람 - 기타,안전운전불이행,건조,맑음,단일로 - 기타,승용,여,57세,상해없음,보행자,여,72세,경상
2021031700100514,2021년 3월 17일 20시,수요일,울산광역시 남구 무거동,경상사고,0,0,1,0,차대차 - 기타,안전거리미확보,건조,맑음,단일로 - 기타,승용,남,63세,상해없음,승용,남,63세,상해없음
2021031700100543,2021년 3월 17일 21시,수요일,울산광역시 북구 효문동,경상사고,0,0,1,0,차대차 - 측면충돌,중앙선침범,건조,맑음,단일로 - 기타,승용,남,26세,상해없음,자전거,여,45세,경상
2021031700100566,2021년 3월 17일 22시,수요일,울산광역시 남구 삼산동,경상사고,0,0,1,3,차대차 - 추돌,안전운전불이행,건조,맑음,교차로 - 교차로안,승용,남,50세,상해없음,승용,남,48세,경상
2021031800100240,2021년 3월 18일 13시,목요일,울산광역시 남구 여천동,중상사고,0,1,2,0,차대차 - 추돌,안전운전불이행,건조,맑음,교차로 - 교차로부근,건설기계,남,65세,상해없음,승용,여,51세,경상
2021031800100279,2021년 3월 18일 14시,목요일,울산광역시 울주군 상북면,부상신고사고,0,0,0,1,차대사람 - 기타,안전운전불이행,건조,맑음,주차장 - 주차장,승용,여,50세,상해없음,보행자,남,50세,부상신고
2021031800100311,2021년 3월 18일 15시,목요일,울산광역시 북구 진장동,중상사고,0,1,0,0,차대사람 - 기타,안전운전불이행,건조,맑음,단일로 - 기타,승합,남,52세,상해없음,보행자,여,73세,중상
2021031800100448,2021년 3월 18일 19시,목요일,울산광역시 동구 방어동,경상사고,0,0,1,0,차대사람 - 횡단중,보행자보호의무위반,건조,맑음,교차로 - 교차로횡단보도내,승용,여,38세,상해없음,보행자,여,45세,경상
2021031800100492,2021년 3월 18일 21시,목요일,울산광역시 중구 성안동,경상사고,0,0,1,0,차대차 - 정면충돌,중앙선침범,건조,맑음,단일로 - 기타,화물,남,53세,상해없음,이륜,남,18세,경상
2021031900100015,2021년 3월 19일 01시,금요일,울산광역시 울주군 범서읍,경상사고,0,0,1,0,차대차 - 추돌,안전거리미확보,건조,맑음,단일로 - 지하차도(도로)내,화물,남,59세,기타불명,건설기계,남,59세,경상
2021031900100100,2021년 3월 19일 08시,금요일,울산광역시 북구 화봉동,경상사고,0,0,1,0,차대차 - 추돌,안전운전불이행,건조,맑음,단일로 - 기타,화물,남,40세,상해없음,승용,남,35세,경상
2021031900100127,2021년 3월 19일 09시,금요일,울산광역시 남구 신정동,중상사고,0,1,0,0,차대차 - 추돌,안전운전불이행,건조,맑음,단일로 - 기타,승용,남,60세,상해없음,승용,여,52세,중상
2021031900100160,2021년 3월 19일 10시,금요일,울산광역시 남구 고사동,경상사고,0,0,4,0,차대차 - 추돌,안전거리미확보,건조,맑음,단일로 - 기타,화물,남,53세,상해없음,화물,남,67세,경상
2021031900100190,2021년 3월 19일 11시,금요일,울산광역시 울주군 삼동면,경상사고,0,0,1,0,차량단독 - 공작물충돌,안전운전불이행,건조,맑음,단일로 - 기타,승용,남,44세,경상,,,,
2021031900100226,2021년 3월 19일 12시,금요일,울산광역시 북구 염포동,사망사고,1,0,0,0,차량단독 - 주/정차차량 충돌,안전운전불이행,건조,맑음,단일로 - 기타,이륜,남,28세,사망,,,,
2021031900100434,2021년 3월 19일 17시,금요일,울산광역시 울주군 서생면,중상사고,0,1,0,0,차대차 - 정면충돌,중앙선침범,건조,맑음,단일로 - 기타,화물,남,46세,상해없음,승용,남,80세,중상
2021031900100523,2021년 3월 19일 19시,금요일,울산광역시 울주군 언양읍,경상사고,0,0,1,0,차대사람 - 횡단중,안전운전불이행,건조,맑음,단일로 - 기타,승용,남,69세,상해없음,보행자,남,58세,경상
2021031900100524,2021년 3월 19일 19시,금요일,울산광역시 북구 중산동,경상사고,0,0,3,0,차대차 - 측면충돌,안전거리미확보,건조,맑음,단일로 - 기타,승용,여,64세,상해없음,승용,여,27세,경상
2021031900100566,2021년 3월 19일 20시,금요일,울산광역시 중구 태화동,중상사고,0,1,0,0,차대사람 - 횡단중,신호위반,건조,맑음,교차로 - 교차로안,승용,여,52세,상해없음,보행자,남,72세,중상
2021031900100567,2021년 3월 19일 20시,금요일,울산광역시 북구 중산동,중상사고,0,1,2,0,차대차 - 추돌,안전운전불이행,건조,맑음,단일로 - 기타,승용,남,26세,상해없음,승용,여,46세,경상
2021031900100598,2021년 3월 19일 21시,금요일,울산광역시 북구 연암동,중상사고,0,1,1,0,차대차 - 추돌,안전운전불이행,건조,맑음,단일로 - 기타,이륜,남,39세,중상,승용,남,46세,경상
2021031900100638,2021년 3월 19일 22시,금요일,울산광역시 남구 두왕동,경상사고,0,0,1,0,차대차 - 측면충돌,차로위반,건조,맑음,단일로 - 기타,승합,남,38세,상해없음,승용,남,48세,경상
2021031900100639,2021년 3월 19일 22시,금요일,울산광역시 북구 염포동,중상사고,0,1,0,0,차대사람 - 보도통행중,안전운전불이행,건조,맑음,기타 - 기타,화물,남,19세,상해없음,보행자,여,81세,중상
2021032000100026,2021년 3월 20일 03시,토요일,울산광역시 북구 염포동,사망사고,1,0,0,0,차량단독 - 공작물충돌,안전운전불이행,건조,맑음,단일로 - 기타,승용,남,24세,사망,,,,
2021032000100136,2021년 3월 20일 11시,토요일,울산광역시 남구 삼산동,경상사고,0,0,1,0,차대차 - 측면충돌,중앙선침범,젖음/습기,비,교차로 - 교차로부근,승용,여,55세,상해없음,승용,남,59세,경상