사고번호,사고일시,요일,시군구,사고내용,사망자수,중상자수,경상자수,부상신고자수,사고유형,법규위반,노면상태,기상상태,도로형태,가해운전자 차종,가해운전자 성별,가해운전자 연령,가해운전자 상해정도,피해운전자 차종,피해운전자 성별,피해운전자 연령,피해운전자 상해정도
2021032000100137,2021년 3월 20일 11시,토요일,울산광역시 울주군 범서읍,경상사고,0,0,1,0,차대사람 - 기타,안전운전불이행,젖음/습기,비,교차로 - 교차로안,승용,남,31세,상해없음,보행자,남,41세,경상
2021032000100176,2021년 3월 20일 12시,토요일,울산광역시 북구 산하동,중상사고,0,1,0,1,차대차 - 측면충돌,신호위반,젖음/습기,흐림,교차로 - 교차로안,화물,남,53세,부상신고,승용,남,36세,중상
2021032000100257,2021년 3월 20일 14시,토요일,울산광역시 북구 연암동,부상신고사고,0,0,0,1,차량단독 - 공작물충돌,안전운전불이행,건조,맑음,단일로 - 기타,화물,남,27세,부상신고,,,,
2021032000100338,2021년 3월 20일 17시,토요일,울산광역시 울주군 범서읍,경상사고,0,0,1,0,차대차 - 측면충돌,교차로운행방법위반,건조,맑음,교차로 - 교차로안,화물,남,59세,상해없음,이륜,남,17세,경상
2021032000100339,2021년 3월 20일 17시,토요일,울산광역시 북구 명촌동,중상사고,0,1,0,0,차대사람 - 기타,안전운전불이행,건조,맑음,단일로 - 기타,승용,여,53세,상해없음,보행자,남,42세,중상
2021032000100340,2021년 3월 20일 17시,토요일,울산광역시 북구 연암동,경상사고,0,0,1,1,차대차 - 측면충돌,차로위반,건조,맑음,단일로 - 기타,승용,여,42세,부상신고,승용,여,54세,경상
2021032000100373,2021년 3월 20일 18시,토요일,울산광역시 남구 두왕동,중상사고,0,2,0,0,차대차 - 기타,안전운전불이행,건조,맑음,교차로 - 교차로횡단보도내,승용,남,66세,기타불명,승용,남,63세,중상
2021032000100447,2021년 3월 20일 20시,토요일,울산광역시 동구 방어동,경상사고,0,0,2,0,차대사람 - 차도통행중,안전운전불이행,건조,맑음,단일로 - 지하차도(도로)내,승용,남,54세,상해없음,보행자,여,62세,경상
2021032000100448,2021년 3월 20일 20시,토요일,울산광역시 동구 주전동,경상사고,0,0,1,0,차대차 - 기타,안전운전불이행,젖음/습기,흐림,교차로 - 교차로부근,승용,남,50세,상해없음,이륜,남,20세,경상
2021032000100525,2021년 3월 20일 23시,토요일,울산광역시 중구 우정동,부상신고사고,0,0,0,1,차대차 - 기타,안전운전불이행,건조,맑음,단일로 - 기타,승용,남,26세,상해없음,승용,남,57세,부상신고
2021032100100009,2021년 3월 21일 00시,일요일,울산광역시 중구 성안동,경상사고,0,0,1,0,차대사람 - 횡단중,보행자보호의무위반,젖음/습기,비,단일로 - 기타,이륜,남,39세,상해없음,보행자,남,37세,경상
2021032100100028,2021년 3월 21일 02시,일요일,울산광역시 동구 방어동,중상사고,0,2,1,0,차량단독 - 전도전복 - 전도,기타,건조,맑음,교차로 - 교차로안,승용,남,24세,중상,,,,
2021032100100062,2021년 3월 21일 08시,일요일,울산광역시 중구 태화동,중상사고,0,1,0,0,차대사람 - 기타,보행자보호의무위반,건조,맑음,교차로 - 교차로부근,승용,남,45세,상해없음,보행자,여,78세,중상
2021032100100191,2021년 3월 21일 14시,일요일,울산광역시 남구 신정동,중상사고,0,1,0,0,차대차 - 측면충돌,직진우회전진행방해,건조,맑음,교차로 - 교차로안,승용,남,56세,상해없음,자전거,여,60세,중상
2021032100100227,2021년 3월 21일 15시,일요일,울산광역시 울주군 범서읍,경상사고,0,0,3,0,차대차 - 정면충돌,중앙선침범,건조,맑음,단일로 - 기타,화물,남,53세,상해없음,승용,남,39세,경상
2021032100100259,2021년 3월 21일 16시,일요일,울산광역시 중구 북정동,경상사고,0,0,1,0,차대차 - 측면충돌,안전운전불이행,건조,맑음,교차로 - 교차로안,승용,남,70세,상해없음,승용,남,40세,경상
2021032100100260,2021년 3월 21일 16시,일요일,울산광역시 중구 서동,경상사고,0,0,2,0,차대차 - 측면충돌,안전거리미확보,건조,맑음,교차로 - 교차로안,승용,남,46세,상해없음,승용,남,43세,경상
2021032100100261,2021년 3월 21일 16시,일요일,울산광역시 남구 야음동,중상사고,0,1,0,0,차대사람 - 횡단중,안전운전불이행,건조,맑음,교차로 - 교차로안,승용,남,36세,상해없음,보행자,여,33세,중상
2021032100100318,2021년 3월 21일 18시,일요일,울산광역시 중구 옥교동,경상사고,0,0,2,0,차대차 - 측면충돌,안전운전불이행,건조,맑음,단일로 - 고가도로위,화물,남,56세,상해없음,승용,남,45세,경상
2021032100100319,2021년 3월 21일 18시,일요일,울산광역시 북구 화봉동,중상사고,0,1,0,0,차대사람 - 횡단중,보행자보호의무위반,건조,맑음,단일로 - 기타,승용,여,48세,상해없음,보행자,여,6세,중상
2021032100100355,2021년 3월 21일 19시,일요일,울산광역시 남구 신정동,경상사고,0,0,1,0,차대차 - 측면충돌,안전운전불이행,건조,맑음,교차로 - 교차로안,승용,남,43세,상해없음,승용,여,51세,경상
2021032100100385,2021년 3월 21일 20시,일요일,울산광역시 중구 태화동,중상사고,0,1,0,0,차대사람 - 횡단중,신호위반,건조,맑음,교차로 - 교차로안,승용,남,27세,상해없음,보행자,남,71세,중상
2021032100100386,2021년 3월 21일 20시,일요일,울산광역시 북구 산하동,부상신고사고,0,0,0,1,차량단독 - 기타,안전운전불이행,건조,맑음,단일로 - 기타,승용,남,28세,부상신고,,,,
2021032200100004,2021년 3월 22일 00시,월요일,울산광역시 남구 신정동,경상사고,0,0,1,0,차대사람 - 보도통행중,안전운전불이행,건조,맑음,단일로 - 지하차도(도로)내,화물,남,53세,상해없음,보행자,남,31세,경상
2021032200100110,2021년 3월 22일 08시,월요일,울산광역시 중구 반구동,중상사고,0,1,1,0,차대차 - 추돌,안전운전불이행,건조,맑음,단일로 - 기타,승용,남,55세,상해없음,승용,여,27세,중상
2021032200100143,2021년 3월 22일 09시,월요일,울산광역시 중구 서동,경상사고,0,0,1,0,차대차 - 측면충돌,안전거리미확보,건조,맑음,단일로 - 기타,화물,남,71세,상해없음,승용,여,27세,경상
2021032200100269,2021년 3월 22일 13시,월요일,울산광역시 남구 삼산동,경상사고,0,0,1,0,차대사람 - 기타,안전운전불이행,건조,맑음,단일로 - 기타,승용,여,29세,상해없음,보행자,여,27세,경상
2021032200100304,2021년 3월 22일 14시,월요일,울산광역시 중구 성남동,경상사고,0,0,1,0,차대차 - 측면충돌,안전운전불이행,건조,맑음,단일로 - 기타,원동기,남,40세,상해없음,원동기,남,60세,경상
2021032200100305,2021년 3월 22일 14시,월요일,울산광역시 북구 신천동,중상사고,0,1,0,0,차대차 - 측면충돌,안전운전불이행,건조,맑음,교차로 - 교차로안,승용,남,32세,기타불명,원동기,남,40세,중상
2021032200100381,2021년 3월 22일 16시,월요일,울산광역시 북구 효문동,경상사고,0,0,1,0,차대차 - 측면충돌,중앙선침범,건조,맑음,단일로 - 기타,자전거,남,27세,경상,승용,여,54세,상해없음
2021032200100422,2021년 3월 22일 17시,월요일,울산광역시 동구 전하동,중상사고,0,1,0,0,차대차 - 측면충돌,안전운전불이행,건조,맑음,교차로 - 교차로안,이륜,남,40세,중상,승용,여,55세,상해없음
2021032200100456,2021년 3월 22일 18시,월요일,울산광역시 북구 호계동,경상사고,0,0,1,0,차대차 - 측면충돌,안전운전불이행,건조,맑음,교차로 - 교차로안,승용,여,39세,기타불명,승용,남,37세,경상
2021032200100495,2021년 3월 22일 19시,월요일,울산광역시 남구 무거동,경상사고,0,0,1,0,차대차 - 추돌,안전운전불이행,건조,맑음,단일로 - 기타,승용,여,53세,상해없음,승용,남,61세,경상
2021032200100496,2021년 3월 22일 19시,월요일,울산광역시 남구 무거동,경상사고,0,0,1,0,차대차 - 추돌,안전운전불이행,건조,맑음,교차로 - 교차로부근,화물,남,54세,상해없음,승용,여,54세,경상
2021032200100522,2021년 3월 22일 20시,월요일,울산광역시 중구 남외동,중상사고,0,1,0,0,차대차 - 정면충돌,교차로운행방법위반,건조,맑음,교차로 - 교차로부근,승용,남,47세,상해없음,이륜,남,62세,중상
2021032200100567,2021년 3월 22일 22시,월요일,울산광역시 북구 양정동,경상사고,0,0,1,0,차대차 - 측면충돌,안전운전불이행,건조,맑음,단일로 - 고가도로위,특수,남,33세,경상,승용,남,45세,상해없음
2021032300100176,2021년 3월 23일 11시,화요일,울산광역시 중구 학성동,경상사고,0,0,1,1,차대사람 - 기타,안전운전불이행,건조,맑음,단일로 - 기타,자전거,남,18세,부상신고,보행자,여,52세,경상
2021032300100240,2021년 3월 23일 13시,화요일,울산광역시 남구 옥동,중상사고,0,1,1,0,차대차 - 측면충돌,신호위반,건조,맑음,교차로 - 교차로안,승용,여,53세,경상,승용,남,48세,중상
2021032300100282,2021년 3월 23일 14시,화요일,울산광역시 중구 태화동,경상사고,0,0,1,0,차대차 - 측면충돌,안전운전불이행,건조,맑음,단일로 - 기타,승용,남,35세,상해없음,자전거,남,16세,경상
2021032300100320,2021년 3월 23일 15시,화요일,울산광역시 중구 다운동,경상사고,0,0,2,0,차대차 - 추돌,안전운전불이행,건조,맑음,단일로 - 기타,화물,남,55세,상해없음,승용,여,56세,경상
2021032300100358,2021년 3월 23일 16시,화요일,울산광역시 동구 화정동,경상사고,0,0,1,0,차대차 - 측면충돌,안전운전불이행,건조,맑음,단일로 - 지하차도(도로)내,이륜,여,42세,경상,승용,여,50세,상해없음
2021032300100407,2021년 3월 23일 17시,화요일,울산광역시 남구 신정동,중상사고,0,1,4,0,차대차 - 측면충돌,중앙선침범,건조,맑음,단일로 - 기타,승용,여,65세,상해없음,승용,남,68세,경상
2021032300100449,2021년 3월 23일 18시,화요일,울산광역시 동구 방어동,경상사고,0,0,1,0,차대사람 - 길가장자리구역통행중,안전운전불이행,건조,맑음,교차로 - 교차로안,승용,여,31세,상해없음,보행자,여,64세,경상
2021032300100450,2021년 3월 23일 18시,화요일,울산광역시 북구 진장동,경상사고,0,0,3,0,차대차 - 측면충돌,기타,건조,맑음,교차로 - 교차로안,승용,여,51세,경상,승용,여,57세,경상
2021032300100483,2021년 3월 23일 19시,화요일,울산광역시 중구 성남동,경상사고,0,0,1,0,차대사람 - 횡단중,보행자보호의무위반,건조,맑음,단일로 - 기타,승용,남,27세,상해없음,보행자,남,22세,경상
2021032400100077,2021년 3월 24일 07시,수요일,울산광역시 남구 신정동,경상사고,0,0,1,0,차대차 - 측면충돌,안전운전불이행,건조,맑음,교차로 - 교차로안,승용,여,59세,상해없음,승용,남,35세,경상
2021032400100115,2021년 3월 24일 08시,수요일,울산광역시 남구 삼산동,경상사고,0,0,1,0,차대차 - 정면충돌,안전운전불이행,건조,맑음,단일로 - 기타,화물,여,51세,상해없음,자전거,남,65세,경상
2021032400100116,2021년 3월 24일 08시,수요일,울산광역시 북구 양정동,경상사고,0,0,1,2,차대차 - 추돌,안전거리미확보,건조,맑음,교차로 - 교차로부근,이륜,여,29세,부상신고,승용,여,42세,경상
2021032400100148,2021년 3월 24일 09시,수요일,울산광역시 북구 호계동,경상사고,0,0,1,0,차대차 - 추돌,안전운전불이행,건조,맑음,단일로 - 기타,승용,남,52세,상해없음,승용,남,73세,경상
2021032400100251,2021년 3월 24일 13시,수요일,울산광역시 동구 방어동,중상사고,0,1,0,0,차량단독 - 전도전복 - 전도,안전운전불이행,건조,맑음,교차로 - 교차로안,이륜,남,52세,중상,,,,
2021032400100356,2021년 3월 24일 16시,수요일,울산광역시 울주군 범서읍,중상사고,0,1,0,0,차대사람 - 횡단중,안전운전불이행,건조,맑음,교차로 - 교차로안,승용,여,73세,상해없음,보행자,남,79세,중상
2021032400100357,2021년 3월 24일 16시,수요일,울산광역시 울주군 청량읍,경상사고,0,0,1,0,차대차 - 정면충돌,중앙선침범,건조,맑음,단일로 - 기타,승합,남,45세,상해없음,승용,남,23세,상해없음
2021032400100368,2021년 3월 24일 17시,수요일,울산광역시 울주군 삼남읍,경상사고,0,0,1,0,차대차 - 측면충돌,차로위반,건조,맑음,단일로 - 기타,승용,남,62세,상해없음,승용,남,25세,경상
2021032400100403,2021년 3월 24일 17시,수요일,울산광역시 동구 전하동,중상사고,0,1,0,0,차대차 - 추돌,안전운전불이행,건조,맑음,교차로 - 교차로부근,승용,여,54세,상해없음,승용,여,55세,중상
2021032400100404,2021년 3월 24일 17시,수요일,울산광역시 북구 진장동,경상사고,0,0,1,0,차대사람 - 기타,안전운전불이행,건조,맑음,단일로 - 기타,승합,남,57세,상해없음,보행자,여,5세,경상
2021032400100443,2021년 3월 24일 18시,수요일,울산광역시 중구 서동,경상사고,0,0,1,0,차대차 - 측면충돌,안전거리미확보,건조,맑음,단일로 - 기타,승용,남,76세,상해없음,승용,여,24세,경상
2021032400100485,2021년 3월 24일 19시,수요일,울산광역시 중구 약사동,경상사고,0,0,1,0,차대차 - 정면충돌,중앙선침범,건조,맑음,단일로 - 기타,승용,남,61세,상해없음,이륜,남,25세,경상
2021032400100530,2021년 3월 24일 21시,수요일,울산광역시 남구 달동,경상사고,0,0,2,0,차대차 - 측면충돌,안전운전불이행,건조,맑음,교차로 - 교차로횡단보도내,승용,남,50세,상해없음,개인형이동수단(PM),여,18세,경상
2021032500100008,2021년 3월 25일 00시,목요일,울산광역시 북구 명촌동,경상사고,0,0,1,0,차대차 - 정면충돌,중앙선침범,건조,맑음,단일로 - 기타,자전거,남,56세,상해없음,이륜,남,26세,경상
2021032500100024,2021년 3월 25일 04시,목요일,울산광역시 남구 옥동,중상사고,0,1,0,0,차대사람 - 기타,안전운전불이행,건조,맑음,교차로 - 교차로부근,기타불명,기타불명,미분류,기타불명,보행자,여,36세,중상
2021032500100067,2021년 3월 25일 07시,목요일,울산광역시 남구 선암동,경상사고,0,0,2,0,차대차 - 추돌,안전운전불이행,건조,맑음,교차로 - 교차로부근,승합,남,58세,상해없음,승용,여,42세,경상
2021032500100157,2021년 3월 25일 10시,목요일,울산광역시 북구 어물동,경상사고,0,0,1,0,차대차 - 추돌,안전거리미확보,건조,맑음,단일로 - 기타,승용,남,69세,상해없음,승용,여,56세,경상
2021032500100223,2021년 3월 25일 12시,목요일,울산광역시 남구 삼산동,경상사고,0,0,2,0,차대차 - 추돌,안전거리미확보,건조,맑음,단일로 - 기타,승용,남,45세,상해없음,승용,남,43세,경상
2021032500100260,2021년 3월 25일 13시,목요일,울산광역시 동구 서부동,중상사고,0,1,0,0,차대사람 - 횡단중,안전운전불이행,건조,맑음,기타 - 기타,승용,여,37세,상해없음,보행자,여,37세,중상
2021032500100261,2021년 3월 25일 13시,목요일,울산광역시 북구 연암동,경상사고,0,0,1,0,차대차 - 추돌,안전운전불이행,건조,맑음,단일로 - 지하차도(도로)내,화물,남,27세,상해없음,화물,남,36세,상해없음
2021032500100313,2021년 3월 25일 14시,목요일,울산광역시 중구 옥교동,경상사고,0,0,1,0,차대차 - 측면충돌,교차로운행방법위반,건조,맑음,교차로 - 교차로안,승용,여,60세,상해없음,자전거,남,70세,경상
2021032500100378,2021년 3월 25일 16시,목요일,울산광역시 중구 성안동,경상사고,0,0,1,0,차대차 - 측면충돌,안전운전불이행,건조,맑음,단일로 - 기타,승용,남,21세,상해없음,이륜,남,27세,경상
2021032500100503,2021년 3월 25일 19시,목요일,울산광역시 남구 야음동,경상사고,0,0,1,0,차대사람 - 차도통행중,안전운전불이행,건조,기타,교차로 - 교차로부근,승용,남,56세,상해없음,보행자,남,78세,경상
2021032500100568,2021년 3월 25일 21시,목요일,울산광역시 남구 야음동,경상사고,0,0,2,0,차대차 - 정면충돌,안전운전불이행,건조,기타,단일로 - 기타,승용,여,52세,상해없음,승용,남,43세,경상
2021032500100569,2021년 3월 25일 21시,목요일,울산광역시 남구 신정동,중상사고,0,1,0,0,차대차 - 기타,안전운전불이행,건조,맑음,기타 - 기타,승용,여,50세,중상,자전거,남,45세,상해없음
2021032600100060,2021년 3월 26일 07시,금요일,울산광역시 울주군 범서읍,경상사고,0,0,1,0,차대차 - 측면충돌,신호위반,건조,맑음,교차로 - 교차로안,승용,여,58세,상해없음,승용,남,58세,경상
2021032600100114,2021년 3월 26일 08시,금요일,울산광역시 북구 상안동,경상사고,0,0,2,0,차대차 - 측면충돌,안전운전불이행,건조,맑음,단일로 - 기타,승용,남,53세,상해없음,승용,남,42세,경상
2021032600100235,2021년 3월 26일 12시,금요일,울산광역시 동구 방어동,경상사고,0,0,1,0,차대차 - 측면충돌,중앙선침범,건조,맑음,단일로 - 지하차도(도로)내,이륜,남,69세,경상,승용,남,32세,상해없음
2021032600100236,2021년 3월 26일 12시,금요일,울산광역시 북구 호계동,경상사고,0,0,1,0,차대사람 - 기타,안전운전불이행,건조,맑음,단일로 - 기타,승용,여,54세,상해없음,보행자,여,54세,경상
2021032600100386,2021년 3월 26일 16시,금요일,울산광역시 남구 여천동,경상사고,0,0,1,0,차대차 - 측면충돌,안전거리미확보,건조,맑음,단일로 - 기타,승용,남,59세,상해없음,승용,남,29세,경상
2021032600100438,2021년 3월 26일 17시,금요일,울산광역시 남구 선암동,경상사고,0,0,1,0,차대차 - 기타,교차로운행방법위반,건조,맑음,교차로 - 교차로안,승용,여,38세,상해없음,이륜,남,38세,경상
2021032600100482,2021년 3월 26일 18시,금요일,울산광역시 중구 남외동,중상사고,0,1,0,0,차대차 - 추돌,신호위반,건조,맑음,단일로 - 기타,이륜,남,48세,중상,승용,여,31세,상해없음
2021032600100483,2021년 3월 26일 18시,금요일,울산광역시 남구 신정동,경상사고,0,0,1,0,차대차 - 측면충돌,안전거리미확보,건조,맑음,기타 - 기타,승용,남,50세,상해없음,이륜,남,29세,경상
2021032600100484,2021년 3월 26일 18시,금요일,울산광역시 북구 양정동,경상사고,0,0,1,0,차대차 - 측면충돌,신호위반,건조,맑음,단일로 - 고가도로위,이륜,남,29세,경상,승용,남,29세,상해없음
2021032600100530,2021년 3월 26일 19시,금요일,울산광역시 북구 호계동,사망사고,1,0,0,0,차대사람 - 횡단중,안전운전불이행,건조,맑음,단일로 - 고가도로위,승용,여,38세,상해없음,보행자,남,77세,사망
2021032600100565,2021년 3월 26일 20시,금요일,울산광역시 남구 무거동,경상사고,0,0,3,2,차대차 - 추돌,안전거리미확보,건조,맑음,교차로 - 교차로부근,화물,남,35세,경상,승용,남,23세,경상
2021032600100566,2021년 3월 26일 20시,금요일,울산광역시 동구 서부동,경상사고,0,0,1,0,차대차 - 추돌,안전운전불이행,건조,맑음,단일로 - 지하차도(도로)내,이륜,남,18세,상해없음,승용,남,43세,경상
2021032600100607,2021년 3월 26일 21시,금요일,울산광역시 북구 산하동,중상사고,0,2,0,0,차대사람 - 횡단중,안전운전불이행,건조,맑음,교차로 - 교차로횡단보도내,승용,남,55세,상해없음,보행자,남,32세,중상
2021032700100019,2021년 3월 27일 00시,토요일,울산광역시 북구 연암동,중상사고,0,2,1,0,차대차 - 측면충돌,안전운전불이행,건조,맑음,단일로 - 기타,승용,남,29세,경상,승용,여,62세,중상
2021032700100037,2021년 3월 27일 02시,토요일,울산광역시 북구 천곡동,부상신고사고,0,0,0,1,차대사람 - 횡단중,안전운전불이행,건조,맑음,주차장 - 주차장,승용,남,24세,상해없음,보행자,남,27세,부상신고
2021032700100067,2021년 3월 27일 06시,토요일,울산광역시 남구 신정동,중상사고,0,1,0,0,차대사람 - 횡단중,안전운전불이행,건조,맑음,단일로 - 기타,승용,남,22세,상해없음,보행자,남,78세,중상
2021032700100208,2021년 3월 27일 12시,토요일,울산광역시 남구 선암동,경상사고,0,0,1,2,차대차 - 추돌,안전운전불이행,건조,맑음,단일로 - 기타,화물,남,42세,상해없음,승합,남,52세,경상
2021032700100285,2021년 3월 27일 14시,토요일,울산광역시 울주군 온양읍,경상사고,0,0,2,0,차대차 - 측면충돌,안전운전불이행,건조,맑음,단일로 - 지하차도(도로)내,승용,남,25세,상해없음,이륜,남,17세,경상
2021032700100328,2021년 3월 27일 15시,토요일,울산광역시 남구 신정동,경상사고,0,0,3,0,차대차 - 추돌,안전운전불이행,건조,맑음,교차로 - 교차로부근,승용,남,37세,상해없음,승용,남,30세,경상
2021032700100329,2021년 3월 27일 15시,토요일,울산광역시 남구 야음동,경상사고,0,0,1,0,차대사람 - 기타,안전운전불이행,건조,맑음,단일로 - 기타,승용,남,58세,상해없음,보행자,여,21세,경상
2021032700100376,2021년 3월 27일 16시,토요일,울산광역시 중구 남외동,경상사고,0,0,1,0,차대차 - 추돌,안전거리미확보,건조,맑음,단일로 - 기타,승용,남,75세,상해없음,승용,여,42세,경상
2021032700100378,2021년 3월 27일 16시,토요일,울산광역시 울주군 온양읍,경상사고,0,0,1,0,차대차 - 후진중충돌,안전운전불이행,건조,맑음,교차로 - 교차로부근,승용,남,41세,상해없음,이륜,남,41세,경상
2021032700100422,2021년 3월 27일 17시,토요일,울산광역시 울주군 범서읍,경상사고,0,0,2,0,차대차 - 정면충돌,중앙선침범,젖음/습기,비,단일로 - 기타,승용,남,20세,상해없음,승용,남,49세,경상
2021032700100471,2021년 3월 27일 18시,토요일,울산광역시 북구 매곡동,중상사고,0,2,4,0,차대차 - 측면충돌,직진우회전진행방해,건조,맑음,교차로 - 교차로안,승합,남,69세,상해없음,승용,여,46세,경상
2021032700100521,2021년 3월 27일 19시,토요일,울산광역시 중구 학성동,중상사고,0,1,0,0,차대사람 - 기타,안전운전불이행,젖음/습기,비,교차로 - 교차로부근,승용,남,27세,상해없음,보행자,남,50세,중상
2021032700100522,2021년 3월 27일 19시,토요일,울산광역시 남구 야음동,경상사고,0,0,1,0,차대차 - 측면충돌,교차로운행방법위반,젖음/습기,비,교차로 - 교차로안,승용,여,52세,상해없음,승용,남,67세,상해없음
2021032700100604,2021년 3월 27일 21시,토요일,울산광역시 북구 달천동,경상사고,0,0,3,1,차대차 - 측면충돌,안전거리미확보,젖음/습기,비,교차로 - 교차로부근,승용,남,61세,부상신고,승용,남,26세,경상
2021032700100646,2021년 3월 27일 22시,토요일,울산광역시 울주군 온산읍,경상사고,0,0,1,0,차대차 - 측면충돌,신호위반,젖음/습기,맑음,교차로 - 교차로안,승용,여,42세,상해없음,승용,여,66세,경상
2021032800100042,2021년 3월 28일 01시,일요일,울산광역시 남구 신정동,중상사고,0,1,1,0,차대차 - 추돌,안전거리미확보,젖음/습기,비,단일로 - 기타,승용,남,44세,상해없음,승용,남,47세,중상
2021032800100084,2021년 3월 28일 07시,일요일,울산광역시 동구 전하동,경상사고,0,0,1,0,차량단독 - 전도전복 - 전도,안전운전불이행,건조,맑음,교차로 - 교차로부근,원동기,남,36세,경상,,,,
2021032800100235,2021년 3월 28일 14시,일요일,울산광역시 동구 방어동,중상사고,0,1,0,0,차대차 - 측면충돌,안전운전불이행,건조,맑음,교차로 - 교차로안,이륜,남,73세,중상,승용,남,53세,상해없음
2021032800100236,2021년 3월 28일 14시,일요일,울산광역시 동구 화정동,경상사고,0,0,1,0,차대차 - 기타,직진우회전진행방해,건조,맑음,교차로 - 교차로안,이륜,남,26세,상해없음,이륜,남,41세,경상
2021032800100269,2021년 3월 28일 15시,일요일,울산광역시 동구 방어동,경상사고,0,0,1,0,차대사람 - 기타,안전운전불이행,건조,맑음,교차로 - 교차로부근,승용,여,26세,상해없음,보행자,남,14세,경상
2021032800100270,2021년 3월 28일 15시,일요일,울산광역시 울주군 언양읍,경상사고,0,0,1,0,차대차 - 측면충돌,안전운전불이행,건조,맑음,단일로 - 기타,승용,남,56세,상해없음,이륜,남,19세,경상
2021032800100322,2021년 3월 28일 17시,일요일,울산광역시 동구 일산동,경상사고,0,0,1,0,차대사람 - 길가장자리구역통행중,안전운전불이행,건조,맑음,단일로 - 기타,승용,여,37세,상해없음,보행자,남,49세,경상
2021032800100323,2021년 3월 28일 17시,일요일,울산광역시 북구 명촌동,경상사고,0,0,1,0,차대차 - 후진중충돌,안전운전불이행,건조,맑음,교차로 - 교차로안,승용,남,52세,상해없음,원동기,남,36세,경상
2021032800100388,2021년 3월 28일 20시,일요일,울산광역시 중구 남외동,경상사고,0,0,1,0,차대차 - 측면충돌,안전거리미확보,건조,맑음,단일로 - 기타,승용,남,68세,상해없음,승용,남,34세,경상
2021032800100389,2021년 3월 28일 20시,일요일,울산광역시 북구 천곡동,경상사고,0,0,2,0,차대차 - 측면충돌,안전운전불이행,건조,맑음,단일로 - 기타,승용,여,48세,상해없음,승용,여,30세,경상
2021032900100039,2021년 3월 29일 06시,월요일,울산광역시 중구 성안동,경상사고,0,0,2,0,차량단독 - 전도전복 - 전도,안전운전불이행,건조,맑음,단일로 - 기타,승용,여,24세,상해없음,,,,
2021032900100117,2021년 3월 29일 08시,월요일,울산광역시 울주군 청량읍,중상사고,0,1,0,0,차대차 - 기타,기타,건조,맑음,단일로 - 기타,특수,남,63세,상해없음,승용,여,41세,중상
2021032900100155,2021년 3월 29일 09시,월요일,울산광역시 중구 다운동,중상사고,0,1,1,0,차대차 - 측면충돌,교차로운행방법위반,건조,맑음,교차로 - 교차로안,승용,남,40세,경상,승용,여,52세,중상
2021032900100197,2021년 3월 29일 10시,월요일,울산광역시 남구 옥동,경상사고,0,0,1,0,차대차 - 후진중충돌,안전운전불이행,건조,맑음,단일로 - 기타,승용,남,66세,기타불명,승용,여,56세,상해없음
2021032900100198,2021년 3월 29일 10시,월요일,울산광역시 북구 산하동,경상사고,0,0,1,0,차대차 - 측면충돌,신호위반,건조,맑음,교차로 - 교차로안,승용,여,56세,경상,화물,남,56세,상해없음
2021032900100237,2021년 3월 29일 11시,월요일,울산광역시 동구 방어동,사망사고,1,0,0,0,차대사람 - 횡단중,안전운전불이행,건조,맑음,단일로 - 지하차도(도로)내,승용,남,44세,상해없음,보행자,여,77세,사망
2021032900100271,2021년 3월 29일 12시,월요일,울산광역시 북구 진장동,경상사고,0,0,1,0,차대차 - 측면충돌,중앙선침범,건조,맑음,단일로 - 고가도로위,승용,남,77세,상해없음,승용,여,35세,경상
2021032900100337,2021년 3월 29일 14시,월요일,울산광역시 중구 옥교동,경상사고,0,0,1,0,차대사람 - 기타,안전운전불이행,건조,맑음,단일로 - 기타,승용,남,29세,상해없음,보행자,여,54세,경상
2021032900100395,2021년 3월 29일 16시,월요일,울산광역시 동구 일산동,경상사고,0,0,1,0,차대사람 - 횡단중,보행자보호의무위반,건조,맑음,교차로 - 교차로횡단보도내,승용,남,47세,상해없음,보행자,남,57세,경상
2021032900100486,2021년 3월 29일 18시,월요일,울산광역시 남구 무거동,경상사고,0,0,1,0,차대차 - 기타,안전운전불이행,건조,맑음,교차로 - 교차로안,화물,남,51세,상해없음,승용,남,29세,경상
2021033000100013,2021년 3월 30일 00시,화요일,울산광역시 동구 서부동,중상사고,0,3,0,0,차대차 - 측면충돌,안전거리미확보,건조,맑음,단일로 - 기타,특수,남,52세,상해없음,화물,남,50세,상해없음
2021033000100081,2021년 3월 30일 07시,화요일,울산광역시 중구 성안동,경상사고,0,0,1,0,차대차 - 추돌,안전운전불이행,건조,맑음,단일로 - 기타,승용,남,24세,상해없음,화물,남,46세,경상
2021033000100082,2021년 3월 30일 07시,화요일,울산광역시 남구 신정동,중상사고,0,1,0,0,차대사람 - 횡단중,기타,건조,맑음,기타 - 기타,개인형이동수단(PM),여,18세,상해없음,보행자,남,16세,중상
2021033000100126,2021년 3월 30일 08시,화요일,울산광역시 남구 야음동,경상사고,0,0,1,0,차대사람 - 횡단중,보행자보호의무위반,건조,맑음,교차로 - 교차로횡단보도내,승용,남,52세,상해없음,보행자,여,15세,경상