사고번호,사고일시,요일,시군구,사고내용,사망자수,중상자수,경상자수,부상신고자수,사고유형,법규위반,노면상태,기상상태,도로형태,가해운전자 차종,가해운전자 성별,가해운전자 연령,가해운전자 상해정도,피해운전자 차종,피해운전자 성별,피해운전자 연령,피해운전자 상해정도
2021033000100127,2021년 3월 30일 08시,화요일,울산광역시 동구 화정동,경상사고,0,0,1,0,차대차 - 정면충돌,신호위반,건조,맑음,교차로 - 교차로안,승용,남,67세,상해없음,승용,여,42세,경상
2021033000100189,2021년 3월 30일 10시,화요일,울산광역시 남구 달동,부상신고사고,0,0,0,1,차량단독 - 기타,안전운전불이행,건조,맑음,교차로 - 교차로부근,승합,남,52세,상해없음,,,,
2021033000100190,2021년 3월 30일 10시,화요일,울산광역시 북구 신천동,경상사고,0,0,1,0,차대차 - 측면충돌,신호위반,건조,맑음,교차로 - 교차로안,승용,여,44세,상해없음,승용,여,43세,경상
2021033000100227,2021년 3월 30일 11시,화요일,울산광역시 동구 방어동,경상사고,0,0,1,0,차대차 - 측면충돌,안전운전불이행,건조,맑음,단일로 - 기타,승용,여,53세,상해없음,승합,남,52세,경상
2021033000100285,2021년 3월 30일 13시,화요일,울산광역시 남구 야음동,경상사고,0,0,1,0,차대차 - 측면충돌,교차로운행방법위반,건조,맑음,교차로 - 교차로부근,승용,남,71세,상해없음,승용,남,51세,경상
2021033000100286,2021년 3월 30일 13시,화요일,울산광역시 북구 양정동,경상사고,0,0,5,0,차대차 - 기타,안전거리미확보,건조,맑음,단일로 - 기타,승용,여,46세,상해없음,승합,남,44세,경상
2021033000100358,2021년 3월 30일 15시,화요일,울산광역시 북구 연암동,부상신고사고,0,0,0,1,차대차 - 기타,안전거리미확보,건조,맑음,단일로 - 기타,기타불명,기타불명,미분류,기타불명,승합,남,57세,상해없음
2021033000100359,2021년 3월 30일 15시,화요일,울산광역시 북구 명촌동,중상사고,0,1,0,0,차대차 - 측면충돌,안전운전불이행,건조,맑음,단일로 - 교량,자전거,남,58세,상해없음,자전거,남,57세,중상
2021033000100401,2021년 3월 30일 16시,화요일,울산광역시 동구 방어동,중상사고,0,1,1,0,차대차 - 측면충돌,직진우회전진행방해,건조,맑음,교차로 - 교차로안,이륜,여,54세,경상,승용,남,53세,상해없음
2021033000100402,2021년 3월 30일 16시,화요일,울산광역시 북구 진장동,경상사고,0,0,2,0,차대차 - 추돌,안전거리미확보,건조,맑음,단일로 - 기타,승용,여,57세,상해없음,승합,여,60세,경상
2021033000100499,2021년 3월 30일 18시,화요일,울산광역시 남구 옥동,경상사고,0,0,1,0,차대차 - 추돌,안전거리미확보,건조,맑음,교차로 - 교차로부근,승용,남,55세,상해없음,이륜,남,24세,경상
2021033000100589,2021년 3월 30일 21시,화요일,울산광역시 울주군 온산읍,부상신고사고,0,0,0,1,차량단독 - 공작물충돌,안전운전불이행,건조,맑음,단일로 - 기타,원동기,남,14세,부상신고,,,,
2021033100100039,2021년 3월 31일 05시,수요일,울산광역시 울주군 언양읍,경상사고,0,0,1,0,차대사람 - 보도통행중,기타,건조,맑음,단일로 - 기타,개인형이동수단(PM),남,16세,상해없음,보행자,남,49세,경상
2021033100100137,2021년 3월 31일 09시,수요일,울산광역시 중구 남외동,경상사고,0,0,2,0,차대차 - 추돌,안전거리미확보,건조,맑음,교차로 - 교차로부근,승용,여,63세,경상,승용,여,43세,경상
2021033100100163,2021년 3월 31일 10시,수요일,울산광역시 중구 성남동,중상사고,0,1,0,0,차대사람 - 횡단중,안전운전불이행,건조,맑음,교차로 - 교차로안,승용,남,55세,상해없음,보행자,여,60세,중상
2021033100100164,2021년 3월 31일 10시,수요일,울산광역시 남구 선암동,경상사고,0,0,1,0,차대차 - 측면충돌,신호위반,건조,맑음,교차로 - 교차로안,승용,여,39세,상해없음,승용,여,62세,경상
2021033100100165,2021년 3월 31일 10시,수요일,울산광역시 울주군 범서읍,경상사고,0,0,1,0,차대차 - 추돌,안전거리미확보,건조,맑음,교차로 - 교차로안,승용,여,37세,상해없음,승용,남,39세,경상
2021033100100197,2021년 3월 31일 11시,수요일,울산광역시 남구 옥동,중상사고,0,1,0,0,차대차 - 측면충돌,안전운전불이행,건조,맑음,단일로 - 기타,자전거,남,72세,중상,승용,남,21세,상해없음
2021033100100198,2021년 3월 31일 11시,수요일,울산광역시 동구 화정동,경상사고,0,0,1,0,차대차 - 측면충돌,안전운전불이행,건조,맑음,단일로 - 기타,이륜,남,50세,경상,승용,여,43세,상해없음
2021033100100199,2021년 3월 31일 11시,수요일,울산광역시 울주군 상북면,경상사고,0,0,1,0,차대차 - 측면충돌,직진우회전진행방해,건조,맑음,교차로 - 교차로안,승용,남,57세,상해없음,승용,남,29세,경상
2021033100100229,2021년 3월 31일 12시,수요일,울산광역시 남구 신정동,중상사고,0,1,0,0,차대차 - 추돌,안전거리미확보,건조,맑음,교차로 - 교차로안,승용,남,31세,상해없음,승용,여,56세,중상
2021033100100296,2021년 3월 31일 14시,수요일,울산광역시 울주군 두동면,경상사고,0,0,1,0,차량단독 - 공작물충돌,안전운전불이행,건조,맑음,단일로 - 기타,승용,여,68세,경상,,,,
2021033100100342,2021년 3월 31일 15시,수요일,울산광역시 남구 신정동,경상사고,0,0,1,0,차대사람 - 길가장자리구역통행중,안전운전불이행,건조,맑음,단일로 - 기타,화물,남,37세,상해없음,보행자,남,16세,경상
2021033100100343,2021년 3월 31일 15시,수요일,울산광역시 울주군 상북면,중상사고,0,2,0,0,차대차 - 측면충돌,직진우회전진행방해,건조,맑음,교차로 - 교차로안,승용,여,53세,상해없음,이륜,남,42세,중상
2021033100100385,2021년 3월 31일 16시,수요일,울산광역시 남구 신정동,경상사고,0,0,1,0,차대차 - 측면충돌,신호위반,건조,맑음,기타 - 기타,승용,여,59세,상해없음,개인형이동수단(PM),남,22세,경상
2021033100100480,2021년 3월 31일 18시,수요일,울산광역시 남구 무거동,경상사고,0,0,1,0,차대차 - 측면충돌,안전운전불이행,건조,맑음,교차로 - 교차로안,승용,여,25세,상해없음,승용,남,61세,경상
2021033100100481,2021년 3월 31일 18시,수요일,울산광역시 북구 염포동,경상사고,0,0,1,0,차대차 - 측면충돌,안전운전불이행,건조,맑음,기타 - 기타,승용,남,39세,상해없음,자전거,남,50세,경상
2021033100100570,2021년 3월 31일 21시,수요일,울산광역시 중구 복산동,경상사고,0,0,1,0,차대차 - 측면충돌,안전운전불이행,건조,맑음,기타 - 기타,화물,남,41세,상해없음,승용,남,36세,경상
2021033100100593,2021년 3월 31일 22시,수요일,울산광역시 남구 달동,중상사고,0,1,0,0,차대사람 - 횡단중,안전운전불이행,건조,맑음,교차로 - 교차로횡단보도내,승용,남,51세,상해없음,보행자,남,32세,중상
2021033100100612,2021년 3월 31일 23시,수요일,울산광역시 남구 야음동,경상사고,0,0,2,0,차대차 - 정면충돌,안전운전불이행,건조,맑음,단일로 - 기타,화물,남,34세,상해없음,승용,남,56세,경상
2021040100100033,2021년 4월 1일 04시,목요일,울산광역시 북구 명촌동,경상사고,0,0,1,0,차대차 - 측면충돌,안전운전불이행,건조,맑음,단일로 - 기타,승용,남,27세,상해없음,승용,여,38세,경상
2021040100100066,2021년 4월 1일 07시,목요일,울산광역시 남구 무거동,중상사고,0,1,0,0,차대차 - 추돌,안전운전불이행,건조,맑음,교차로 - 교차로부근,승용,여,36세,상해없음,승용,남,60세,중상
2021040100100067,2021년 4월 1일 07시,목요일,울산광역시 북구 효문동,경상사고,0,0,1,0,차대차 - 측면충돌,안전거리미확보,건조,맑음,교차로 - 교차로부근,이륜,남,45세,상해없음,이륜,남,32세,경상
2021040100100068,2021년 4월 1일 07시,목요일,울산광역시 북구 명촌동,경상사고,0,0,1,0,차대차 - 추돌,안전운전불이행,건조,맑음,단일로 - 기타,승용,남,56세,상해없음,원동기,남,40세,경상
2021040100100109,2021년 4월 1일 08시,목요일,울산광역시 북구 염포동,경상사고,0,0,1,0,차량단독 - 기타,기타,건조,맑음,단일로 - 기타,승합,남,47세,상해없음,,,,
2021040100100143,2021년 4월 1일 09시,목요일,울산광역시 동구 화정동,경상사고,0,0,1,0,차대차 - 측면충돌,직진우회전진행방해,건조,맑음,교차로 - 교차로안,승합,여,53세,기타불명,승용,여,48세,경상
2021040100100319,2021년 4월 1일 14시,목요일,울산광역시 중구 학성동,중상사고,0,1,1,0,차대차 - 측면충돌,신호위반,건조,맑음,교차로 - 교차로안,승용,여,53세,경상,승용,남,52세,중상
2021040100100320,2021년 4월 1일 14시,목요일,울산광역시 울주군 온산읍,경상사고,0,0,3,0,차대차 - 측면충돌,안전운전불이행,건조,맑음,교차로 - 교차로안,승용,남,28세,경상,화물,남,24세,경상
2021040100100321,2021년 4월 1일 14시,목요일,울산광역시 북구 진장동,경상사고,0,0,1,0,차대차 - 측면충돌,교차로운행방법위반,건조,맑음,교차로 - 교차로안,승용,여,62세,상해없음,승용,남,30세,경상
2021040100100364,2021년 4월 1일 15시,목요일,울산광역시 동구 방어동,경상사고,0,0,1,0,차대차 - 측면충돌,안전운전불이행,건조,맑음,교차로 - 교차로부근,이륜,남,60세,경상,화물,남,61세,상해없음
2021040100100449,2021년 4월 1일 17시,목요일,울산광역시 중구 유곡동,중상사고,0,1,0,0,차대사람 - 횡단중,보행자보호의무위반,건조,맑음,단일로 - 기타,승용,여,28세,상해없음,보행자,남,6세,중상
2021040100100548,2021년 4월 1일 19시,목요일,울산광역시 중구 반구동,경상사고,0,0,1,0,차대차 - 측면충돌,신호위반,건조,맑음,교차로 - 교차로안,승용,남,79세,상해없음,이륜,남,44세,경상
2021040100100575,2021년 4월 1일 20시,목요일,울산광역시 남구 삼산동,경상사고,0,0,1,0,차대사람 - 횡단중,안전운전불이행,건조,맑음,교차로 - 교차로안,승용,남,56세,상해없음,보행자,남,34세,경상
2021040100100576,2021년 4월 1일 20시,목요일,울산광역시 울주군 온양읍,중상사고,0,2,0,0,차대차 - 추돌,안전거리미확보,건조,맑음,단일로 - 지하차도(도로)내,승용,남,21세,상해없음,승용,여,43세,중상
2021040100100598,2021년 4월 1일 21시,목요일,울산광역시 북구 호계동,경상사고,0,0,1,0,차대차 - 측면충돌,안전운전불이행,건조,맑음,기타 - 기타,화물,남,64세,상해없음,승용,여,46세,경상
2021040100100623,2021년 4월 1일 22시,목요일,울산광역시 북구 양정동,중상사고,0,1,1,0,차대차 - 추돌,안전거리미확보,건조,맑음,교차로 - 교차로안,승용,남,33세,상해없음,승용,남,48세,중상
2021040200100030,2021년 4월 2일 04시,금요일,울산광역시 남구 달동,경상사고,0,0,1,0,차대차 - 추돌,안전거리미확보,젖음/습기,비,교차로 - 교차로부근,승용,남,29세,상해없음,승용,남,66세,경상
2021040200100074,2021년 4월 2일 07시,금요일,울산광역시 남구 무거동,경상사고,0,0,1,0,차대차 - 측면충돌,안전거리미확보,건조,맑음,교차로 - 교차로안,화물,남,63세,상해없음,승용,남,33세,경상
2021040200100140,2021년 4월 2일 09시,금요일,울산광역시 남구 삼산동,경상사고,0,0,3,0,차대차 - 측면충돌,안전운전불이행,건조,맑음,교차로 - 교차로안,화물,남,73세,상해없음,승용,여,30세,경상
2021040200100349,2021년 4월 2일 15시,금요일,울산광역시 북구 달천동,경상사고,0,0,2,0,차대차 - 측면충돌,안전운전불이행,건조,맑음,교차로 - 교차로부근,이륜,남,25세,경상,승합,남,50세,경상
2021040200100350,2021년 4월 2일 15시,금요일,울산광역시 북구 신천동,경상사고,0,0,1,0,차대차 - 측면충돌,신호위반,건조,맑음,교차로 - 교차로횡단보도내,이륜,남,60세,상해없음,자전거,남,61세,경상
2021040200100351,2021년 4월 2일 15시,금요일,울산광역시 북구 양정동,경상사고,0,0,2,0,차대차 - 기타,안전거리미확보,건조,맑음,단일로 - 기타,승합,여,64세,상해없음,원동기,남,29세,경상
2021040200100432,2021년 4월 2일 17시,금요일,울산광역시 북구 연암동,경상사고,0,0,1,0,차대사람 - 차도통행중,안전운전불이행,건조,맑음,단일로 - 고가도로위,승용,남,35세,상해없음,보행자,여,33세,경상
2021040200100486,2021년 4월 2일 18시,금요일,울산광역시 남구 신정동,부상신고사고,0,0,0,1,차대차 - 측면충돌,직진우회전진행방해,건조,맑음,교차로 - 교차로안,이륜,남,53세,부상신고,승용,남,59세,상해없음
2021040200100487,2021년 4월 2일 18시,금요일,울산광역시 남구 삼산동,경상사고,0,0,1,0,차대차 - 측면충돌,신호위반,건조,맑음,교차로 - 교차로안,승용,남,39세,상해없음,승용,여,40세,경상
2021040200100567,2021년 4월 2일 20시,금요일,울산광역시 남구 신정동,경상사고,0,0,1,0,차대사람 - 횡단중,보행자보호의무위반,건조,맑음,단일로 - 기타,승용,여,48세,상해없음,보행자,여,17세,경상
2021040300100018,2021년 4월 3일 00시,토요일,울산광역시 남구 무거동,중상사고,0,1,0,0,차대사람 - 기타,안전운전불이행,건조,기타,교차로 - 교차로부근,승용,남,62세,상해없음,보행자,남,26세,중상
2021040300100029,2021년 4월 3일 01시,토요일,울산광역시 울주군 온산읍,경상사고,0,0,1,0,차대차 - 측면충돌,안전운전불이행,건조,맑음,교차로 - 교차로부근,승용,남,39세,상해없음,이륜,남,21세,경상
2021040300100036,2021년 4월 3일 02시,토요일,울산광역시 울주군 범서읍,중상사고,0,1,0,0,차량단독 - 기타,안전운전불이행,건조,맑음,단일로 - 기타,승용,남,64세,상해없음,,,,
2021040300100037,2021년 4월 3일 02시,토요일,울산광역시 북구 진장동,경상사고,0,0,1,0,차대차 - 기타,중앙선침범,건조,맑음,단일로 - 고가도로위,승용,남,38세,상해없음,승용,남,50세,경상
2021040300100068,2021년 4월 3일 07시,토요일,울산광역시 북구 송정동,부상신고사고,0,0,0,1,차대차 - 추돌,안전운전불이행,건조,맑음,교차로 - 교차로부근,승용,남,23세,부상신고,건설기계,남,47세,상해없음
2021040300100258,2021년 4월 3일 13시,토요일,울산광역시 남구 신정동,경상사고,0,0,1,0,차대차 - 측면충돌,중앙선침범,건조,흐림,단일로 - 기타,승용,여,28세,상해없음,승용,여,29세,경상
2021040300100259,2021년 4월 3일 13시,토요일,울산광역시 남구 선암동,경상사고,0,0,3,0,차대차 - 추돌,안전운전불이행,건조,맑음,단일로 - 기타,승용,남,48세,경상,승용,남,41세,경상
2021040300100260,2021년 4월 3일 13시,토요일,울산광역시 울주군 범서읍,중상사고,0,1,0,0,차대차 - 추돌,차로위반,젖음/습기,흐림,단일로 - 고가도로위,승용,남,56세,상해없음,이륜,남,62세,중상
2021040300100319,2021년 4월 3일 15시,토요일,울산광역시 북구 진장동,경상사고,0,0,2,0,차대차 - 측면충돌,안전거리미확보,젖음/습기,비,단일로 - 고가도로위,승용,여,36세,상해없음,승용,여,47세,경상
2021040300100320,2021년 4월 3일 15시,토요일,울산광역시 북구 명촌동,경상사고,0,0,1,0,차대차 - 측면충돌,안전운전불이행,건조,맑음,단일로 - 고가도로위,승용,남,30세,상해없음,승용,남,25세,경상
2021040300100391,2021년 4월 3일 17시,토요일,울산광역시 북구 매곡동,경상사고,0,0,1,0,차대차 - 측면충돌,안전운전불이행,젖음/습기,비,교차로 - 교차로안,화물,남,44세,상해없음,승용,남,25세,경상
2021040300100468,2021년 4월 3일 19시,토요일,울산광역시 동구 전하동,경상사고,0,0,1,0,차대차 - 측면충돌,안전운전불이행,젖음/습기,비,교차로 - 교차로안,승용,남,65세,상해없음,이륜,남,44세,경상
2021040300100512,2021년 4월 3일 20시,토요일,울산광역시 울주군 삼남읍,경상사고,0,0,2,0,차대차 - 측면충돌,신호위반,젖음/습기,비,교차로 - 교차로안,승용,남,57세,경상,승용,남,65세,경상
2021040300100601,2021년 4월 3일 22시,토요일,울산광역시 북구 호계동,중상사고,0,1,0,0,차대사람 - 기타,안전운전불이행,젖음/습기,비,단일로 - 기타,승용,남,46세,상해없음,보행자,남,57세,중상
2021040400100014,2021년 4월 4일 00시,일요일,울산광역시 중구 성남동,경상사고,0,0,2,0,차대사람 - 기타,안전운전불이행,젖음/습기,비,교차로 - 교차로안,승용,남,22세,상해없음,보행자,여,30세,경상
2021040400100026,2021년 4월 4일 01시,일요일,울산광역시 남구 달동,사망사고,1,0,0,0,차대사람 - 횡단중,안전운전불이행,젖음/습기,비,교차로 - 교차로안,승용,남,32세,상해없음,보행자,남,58세,사망
2021040400100139,2021년 4월 4일 12시,일요일,울산광역시 동구 동부동,경상사고,0,0,1,0,차대사람 - 횡단중,안전운전불이행,건조,맑음,단일로 - 기타,승용,여,50세,상해없음,보행자,여,10세,경상
2021040400100193,2021년 4월 4일 14시,일요일,울산광역시 남구 상개동,중상사고,0,1,0,0,차대차 - 기타,신호위반,젖음/습기,흐림,교차로 - 교차로안,화물,남,35세,기타불명,승용,남,60세,중상
2021040400100236,2021년 4월 4일 15시,일요일,울산광역시 동구 일산동,경상사고,0,0,4,0,차대차 - 측면충돌,안전운전불이행,건조,맑음,주차장 - 주차장,승용,남,47세,상해없음,승용,남,44세,상해없음
2021040400100237,2021년 4월 4일 15시,일요일,울산광역시 북구 효문동,경상사고,0,0,1,0,차대차 - 측면충돌,안전거리미확보,건조,맑음,단일로 - 기타,승용,남,25세,상해없음,이륜,남,39세,경상
2021040400100298,2021년 4월 4일 17시,일요일,울산광역시 중구 남외동,경상사고,0,0,1,0,차대차 - 측면충돌,차로위반,건조,맑음,단일로 - 기타,승합,남,23세,상해없음,이륜,남,40세,경상
2021040400100299,2021년 4월 4일 17시,일요일,울산광역시 북구 산하동,경상사고,0,0,1,0,차대차 - 추돌,안전운전불이행,건조,맑음,단일로 - 기타,승용,남,65세,상해없음,승용,여,26세,경상
2021040400100347,2021년 4월 4일 19시,일요일,울산광역시 남구 옥동,중상사고,0,1,0,0,차대사람 - 기타,안전운전불이행,건조,맑음,단일로 - 기타,승용,남,47세,상해없음,보행자,여,75세,중상
2021040400100391,2021년 4월 4일 21시,일요일,울산광역시 중구 북정동,경상사고,0,0,2,0,차대차 - 측면충돌,안전운전불이행,건조,맑음,교차로 - 교차로안,승용,남,59세,상해없음,승용,남,34세,경상
2021040500100083,2021년 4월 5일 07시,월요일,울산광역시 남구 무거동,경상사고,0,0,1,0,차대차 - 기타,안전운전불이행,건조,맑음,단일로 - 기타,승용,남,32세,상해없음,승용,남,31세,경상
2021040500100131,2021년 4월 5일 08시,월요일,울산광역시 동구 동부동,경상사고,0,0,1,0,차대차 - 기타,안전운전불이행,건조,맑음,교차로 - 교차로부근,승용,여,44세,상해없음,이륜,남,41세,경상
2021040500100132,2021년 4월 5일 08시,월요일,울산광역시 북구 명촌동,경상사고,0,0,1,0,차대차 - 추돌,안전운전불이행,건조,맑음,단일로 - 기타,승용,여,29세,상해없음,승용,남,48세,경상
2021040500100163,2021년 4월 5일 09시,월요일,울산광역시 남구 삼산동,경상사고,0,0,1,0,차량단독 - 기타,안전운전불이행,건조,맑음,단일로 - 기타,승합,남,58세,상해없음,,,,
2021040500100204,2021년 4월 5일 10시,월요일,울산광역시 중구 학산동,경상사고,0,0,1,0,차대차 - 추돌,안전운전불이행,건조,맑음,단일로 - 기타,승용,여,58세,상해없음,승용,여,67세,경상
2021040500100235,2021년 4월 5일 11시,월요일,울산광역시 동구 방어동,경상사고,0,0,7,0,차대차 - 추돌,안전운전불이행,건조,맑음,교차로 - 교차로안,승용,남,46세,상해없음,승용,남,33세,경상
2021040500100236,2021년 4월 5일 11시,월요일,울산광역시 울주군 온산읍,경상사고,0,0,1,0,차대사람 - 횡단중,안전운전불이행,건조,맑음,단일로 - 기타,승용,남,28세,상해없음,보행자,남,54세,경상
2021040500100237,2021년 4월 5일 11시,월요일,울산광역시 북구 효문동,경상사고,0,0,2,0,차대차 - 추돌,중앙선침범,건조,맑음,교차로 - 교차로부근,승용,남,58세,경상,승용,남,42세,경상
2021040500100343,2021년 4월 5일 14시,월요일,울산광역시 중구 남외동,경상사고,0,0,1,0,차대사람 - 횡단중,안전운전불이행,건조,맑음,단일로 - 기타,승용,남,67세,상해없음,보행자,여,73세,경상
2021040500100387,2021년 4월 5일 15시,월요일,울산광역시 동구 전하동,경상사고,0,0,1,0,차대차 - 측면충돌,안전운전불이행,건조,맑음,교차로 - 교차로부근,승용,여,37세,경상,승용,여,62세,기타불명
2021040500100432,2021년 4월 5일 16시,월요일,울산광역시 남구 삼산동,중상사고,0,1,0,0,차대차 - 측면충돌,중앙선침범,건조,맑음,교차로 - 교차로부근,승용,남,48세,상해없음,이륜,남,40세,중상
2021040500100482,2021년 4월 5일 17시,월요일,울산광역시 중구 태화동,경상사고,0,0,1,0,차대사람 - 횡단중,안전운전불이행,건조,맑음,교차로 - 교차로안,승용,여,44세,상해없음,보행자,남,32세,경상
2021040500100483,2021년 4월 5일 17시,월요일,울산광역시 남구 야음동,경상사고,0,0,1,0,차대차 - 측면충돌,교차로운행방법위반,건조,맑음,교차로 - 교차로안,승용,여,42세,상해없음,승용,남,50세,경상
2021040500100574,2021년 4월 5일 19시,월요일,울산광역시 동구 일산동,경상사고,0,0,1,0,차대사람 - 길가장자리구역통행중,안전운전불이행,건조,맑음,교차로 - 교차로부근,승용,여,36세,상해없음,보행자,여,45세,경상
2021040500100608,2021년 4월 5일 20시,월요일,울산광역시 남구 무거동,중상사고,0,1,1,0,차대차 - 기타,안전운전불이행,건조,맑음,교차로 - 교차로안,이륜,남,47세,중상,자전거,남,17세,경상
2021040500100609,2021년 4월 5일 20시,월요일,울산광역시 울주군 범서읍,경상사고,0,0,1,0,차대차 - 측면충돌,교차로운행방법위반,건조,맑음,교차로 - 교차로안,이륜,남,18세,경상,승용,남,59세,상해없음
2021040500100655,2021년 4월 5일 22시,월요일,울산광역시 남구 무거동,사망사고,1,0,0,0,차대차 - 측면충돌,기타,건조,맑음,단일로 - 기타,승용,여,52세,사망,승용,남,53세,기타불명
2021040600100038,2021년 4월 6일 06시,화요일,울산광역시 중구 우정동,경상사고,0,0,1,0,차대차 - 추돌,안전거리미확보,건조,맑음,단일로 - 기타,화물,남,49세,상해없음,승용,여,26세,경상
2021040600100064,2021년 4월 6일 07시,화요일,울산광역시 남구 신정동,경상사고,0,0,2,0,차대차 - 측면충돌,안전운전불이행,건조,맑음,교차로 - 교차로안,화물,남,59세,상해없음,승용,남,20세,경상
2021040600100102,2021년 4월 6일 08시,화요일,울산광역시 남구 무거동,중상사고,0,1,2,0,차대차 - 추돌,안전거리미확보,건조,맑음,단일로 - 고가도로위,화물,남,31세,상해없음,화물,남,36세,중상
2021040600100126,2021년 4월 6일 09시,화요일,울산광역시 동구 동부동,중상사고,0,1,0,0,차대차 - 추돌,안전운전불이행,건조,맑음,단일로 - 기타,승용,남,74세,상해없음,이륜,남,75세,중상
2021040600100365,2021년 4월 6일 16시,화요일,울산광역시 남구 신정동,경상사고,0,0,1,0,차대차 - 측면충돌,안전운전불이행,건조,맑음,교차로 - 교차로안,승용,여,44세,상해없음,승용,남,48세,경상
2021040600100407,2021년 4월 6일 17시,화요일,울산광역시 북구 명촌동,중상사고,0,1,0,0,차대차 - 측면충돌,안전운전불이행,건조,맑음,교차로 - 교차로안,승용,남,49세,상해없음,자전거,여,56세,중상
2021040600100441,2021년 4월 6일 18시,화요일,울산광역시 남구 신정동,중상사고,0,1,0,0,차대사람 - 기타,안전운전불이행,건조,맑음,단일로 - 기타,개인형이동수단(PM),여,15세,상해없음,보행자,남,52세,상해없음
2021040600100518,2021년 4월 6일 20시,화요일,울산광역시 북구 천곡동,중상사고,0,1,0,0,차대차 - 측면충돌,안전운전불이행,건조,맑음,교차로 - 교차로안,화물,남,64세,상해없음,승용,여,45세,중상
2021040600100543,2021년 4월 6일 21시,화요일,울산광역시 동구 일산동,중상사고,0,2,1,0,차대차 - 정면충돌,중앙선침범,건조,맑음,교차로 - 교차로안,승용,여,40세,중상,승용,남,47세,중상
2021040600100566,2021년 4월 6일 22시,화요일,울산광역시 울주군 온산읍,부상신고사고,0,0,0,1,차대사람 - 기타,중앙선침범,건조,맑음,단일로 - 기타,승용,남,19세,상해없음,보행자,남,44세,부상신고
2021040600100578,2021년 4월 6일 23시,화요일,울산광역시 남구 신정동,경상사고,0,0,1,0,차대차 - 측면충돌,신호위반,건조,맑음,교차로 - 교차로안,승용,남,62세,상해없음,승용,남,19세,경상
2021040700100175,2021년 4월 7일 10시,수요일,울산광역시 울주군 범서읍,중상사고,0,1,4,0,차대차 - 추돌,안전운전불이행,건조,맑음,단일로 - 기타,화물,남,56세,상해없음,승용,남,68세,경상
2021040700100499,2021년 4월 7일 18시,수요일,울산광역시 중구 교동,경상사고,0,0,1,0,차대사람 - 차도통행중,안전운전불이행,건조,맑음,단일로 - 기타,화물,남,30세,상해없음,보행자,여,77세,경상
2021040800100013,2021년 4월 8일 00시,목요일,울산광역시 남구 달동,경상사고,0,0,2,0,차대사람 - 횡단중,보행자보호의무위반,건조,맑음,교차로 - 교차로횡단보도내,승용,여,48세,상해없음,보행자,여,20세,경상
2021040800100044,2021년 4월 8일 06시,목요일,울산광역시 동구 방어동,경상사고,0,0,1,0,차대차 - 추돌,안전운전불이행,건조,맑음,단일로 - 지하차도(도로)내,승용,남,28세,상해없음,승용,남,69세,경상
2021040800100083,2021년 4월 8일 07시,목요일,울산광역시 남구 무거동,경상사고,0,0,2,0,차대차 - 추돌,안전운전불이행,건조,맑음,교차로 - 교차로안,화물,남,43세,상해없음,승용,여,53세,경상
2021040800100121,2021년 4월 8일 08시,목요일,울산광역시 울주군 범서읍,중상사고,0,1,1,0,차대차 - 기타,안전운전불이행,건조,맑음,교차로 - 교차로안,이륜,남,14세,경상,승용,남,37세,중상
2021040800100122,2021년 4월 8일 08시,목요일,울산광역시 울주군 범서읍,경상사고,0,0,1,0,차대차 - 추돌,안전운전불이행,건조,맑음,단일로 - 교량,승용,남,23세,상해없음,화물,남,62세,경상
2021040800100225,2021년 4월 8일 11시,목요일,울산광역시 남구 달동,중상사고,0,1,0,0,차대차 - 측면충돌,안전운전불이행,건조,맑음,교차로 - 교차로부근,승용,여,66세,상해없음,자전거,여,66세,중상
2021040800100454,2021년 4월 8일 17시,목요일,울산광역시 남구 삼산동,중상사고,0,1,0,0,차대사람 - 길가장자리구역통행중,안전운전불이행,건조,맑음,단일로 - 기타,승용,남,56세,상해없음,보행자,남,6세,중상
2021040800100504,2021년 4월 8일 18시,목요일,울산광역시 중구 학성동,중상사고,0,1,0,0,차대차 - 정면충돌,안전운전불이행,건조,맑음,교차로 - 교차로안,승용,여,27세,상해없음,이륜,남,30세,중상
2021040800100505,2021년 4월 8일 18시,목요일,울산광역시 남구 신정동,경상사고,0,0,1,0,차대사람 - 길가장자리구역통행중,안전운전불이행,건조,맑음,단일로 - 기타,승합,남,55세,상해없음,보행자,남,51세,경상
2021040800100506,2021년 4월 8일 18시,목요일,울산광역시 동구 화정동,경상사고,0,0,1,0,차대차 - 측면충돌,신호위반,건조,맑음,교차로 - 교차로안,승용,남,75세,상해없음,이륜,남,38세,경상
2021040800100507,2021년 4월 8일 18시,목요일,울산광역시 동구 전하동,중상사고,0,1,0,0,차대차 - 추돌,안전거리미확보,건조,맑음,교차로 - 교차로부근,승용,남,65세,상해없음,이륜,남,42세,중상
2021040800100538,2021년 4월 8일 19시,목요일,울산광역시 동구 전하동,경상사고,0,0,1,0,차대사람 - 횡단중,신호위반,건조,맑음,교차로 - 교차로횡단보도내,기타불명,기타불명,미분류,기타불명,보행자,남,29세,경상
2021040800100539,2021년 4월 8일 19시,목요일,울산광역시 북구 신천동,중상사고,0,1,0,0,차대차 - 측면충돌,안전운전불이행,건조,맑음,교차로 - 교차로안,승용,여,39세,상해없음,원동기,남,36세,중상
2021040800100540,2021년 4월 8일 19시,목요일,울산광역시 북구 연암동,중상사고,0,1,0,0,차대차 - 추돌,안전거리미확보,건조,맑음,단일로 - 기타,승용,남,55세,상해없음,이륜,남,57세,중상