사고번호,사고일시,요일,시군구,사고내용,사망자수,중상자수,경상자수,부상신고자수,사고유형,법규위반,노면상태,기상상태,도로형태,가해운전자 차종,가해운전자 성별,가해운전자 연령,가해운전자 상해정도,피해운전자 차종,피해운전자 성별,피해운전자 연령,피해운전자 상해정도
2021040900100011,2021년 4월 9일 00시,금요일,울산광역시 북구 진장동,중상사고,0,1,0,0,차대사람 - 길가장자리구역통행중,안전운전불이행,건조,맑음,단일로 - 기타,승용,남,51세,상해없음,보행자,남,60세,중상
2021040900100065,2021년 4월 9일 07시,금요일,울산광역시 남구 달동,경상사고,0,0,1,0,차대사람 - 횡단중,보행자보호의무위반,건조,맑음,교차로 - 교차로횡단보도내,화물,남,27세,상해없음,보행자,여,19세,경상
2021040900100066,2021년 4월 9일 07시,금요일,울산광역시 북구 명촌동,경상사고,0,0,1,0,차대차 - 측면충돌,안전거리미확보,건조,맑음,단일로 - 기타,승용,남,57세,상해없음,승용,남,56세,경상
2021040900100170,2021년 4월 9일 10시,금요일,울산광역시 남구 옥동,경상사고,0,0,3,0,차대차 - 정면충돌,중앙선침범,건조,맑음,교차로 - 교차로부근,승용,여,61세,기타불명,승용,남,53세,경상
2021040900100217,2021년 4월 9일 11시,금요일,울산광역시 중구 남외동,중상사고,0,1,0,0,차대차 - 측면충돌,안전운전불이행,젖음/습기,비,교차로 - 교차로부근,승용,여,49세,상해없음,이륜,남,37세,중상
2021040900100253,2021년 4월 9일 12시,금요일,울산광역시 북구 매곡동,경상사고,0,0,1,0,차대차 - 측면충돌,안전운전불이행,젖음/습기,흐림,단일로 - 기타,승용,여,64세,상해없음,이륜,남,32세,경상
2021040900100281,2021년 4월 9일 13시,금요일,울산광역시 중구 서동,경상사고,0,0,1,1,차대차 - 정면충돌,안전거리미확보,건조,맑음,단일로 - 기타,승용,남,52세,부상신고,승용,여,43세,경상
2021040900100282,2021년 4월 9일 13시,금요일,울산광역시 남구 삼산동,경상사고,0,0,3,0,차대차 - 측면충돌,신호위반,젖음/습기,비,교차로 - 교차로안,승용,남,68세,상해없음,승용,남,49세,경상
2021040900100308,2021년 4월 9일 14시,금요일,울산광역시 중구 남외동,경상사고,0,0,1,0,차대차 - 측면충돌,신호위반,건조,맑음,교차로 - 교차로안,승용,여,35세,상해없음,승합,남,47세,경상
2021040900100309,2021년 4월 9일 14시,금요일,울산광역시 북구 연암동,중상사고,0,1,0,0,차대차 - 측면충돌,안전운전불이행,건조,맑음,단일로 - 기타,승용,여,51세,상해없음,승용,여,58세,중상
2021040900100580,2021년 4월 9일 20시,금요일,울산광역시 중구 유곡동,중상사고,0,1,1,0,차대차 - 정면충돌,기타,건조,맑음,단일로 - 기타,원동기,남,23세,경상,승용,여,53세,중상
2021040900100581,2021년 4월 9일 20시,금요일,울산광역시 중구 태화동,경상사고,0,0,1,0,차대차 - 추돌,신호위반,건조,맑음,교차로 - 교차로안,기타불명,기타불명,미분류,기타불명,자전거,남,54세,경상
2021040900100582,2021년 4월 9일 20시,금요일,울산광역시 동구 전하동,중상사고,0,1,1,0,차대차 - 추돌,안전거리미확보,건조,맑음,단일로 - 기타,이륜,남,32세,중상,승용,여,52세,상해없음
2021040900100607,2021년 4월 9일 21시,금요일,울산광역시 북구 호계동,경상사고,0,0,1,0,차대차 - 측면충돌,중앙선침범,건조,맑음,단일로 - 기타,승용,남,46세,상해없음,이륜,남,39세,경상
2021040900100658,2021년 4월 9일 23시,금요일,울산광역시 울주군 온산읍,경상사고,0,0,1,0,차대차 - 측면충돌,신호위반,건조,맑음,교차로 - 교차로안,특수,남,55세,상해없음,승용,남,30세,경상
2021040900100659,2021년 4월 9일 23시,금요일,울산광역시 북구 신천동,경상사고,0,0,1,0,차량단독 - 전도전복 - 전도,안전운전불이행,건조,맑음,단일로 - 기타,이륜,남,18세,경상,,,,
2021041000100016,2021년 4월 10일 01시,토요일,울산광역시 북구 양정동,부상신고사고,0,0,0,1,차대차 - 측면충돌,신호위반,건조,맑음,교차로 - 교차로안,자전거,여,43세,부상신고,승용,남,56세,상해없음
2021041000100020,2021년 4월 10일 02시,토요일,울산광역시 남구 달동,경상사고,0,0,1,0,차대차 - 추돌,안전운전불이행,건조,맑음,단일로 - 기타,승용,남,26세,상해없음,승용,남,36세,경상
2021041000100030,2021년 4월 10일 04시,토요일,울산광역시 남구 삼산동,경상사고,0,0,1,0,차량단독 - 기타,안전운전불이행,건조,맑음,교차로 - 교차로부근,승용,남,54세,상해없음,,,,
2021041000100056,2021년 4월 10일 07시,토요일,울산광역시 동구 전하동,경상사고,0,0,1,0,차대차 - 측면충돌,안전운전불이행,건조,맑음,교차로 - 교차로안,기타불명,기타불명,미분류,기타불명,자전거,여,51세,경상
2021041000100107,2021년 4월 10일 09시,토요일,울산광역시 동구 방어동,경상사고,0,0,1,0,차대차 - 추돌,안전운전불이행,건조,맑음,단일로 - 지하차도(도로)내,이륜,남,28세,경상,승용,남,51세,기타불명
2021041000100228,2021년 4월 10일 12시,토요일,울산광역시 중구 성남동,경상사고,0,0,1,1,차대차 - 측면충돌,안전운전불이행,건조,맑음,단일로 - 기타,자전거,남,71세,부상신고,자전거,여,53세,경상
2021041000100270,2021년 4월 10일 13시,토요일,울산광역시 남구 무거동,경상사고,0,0,1,0,차대차 - 측면충돌,교차로운행방법위반,건조,맑음,교차로 - 교차로안,승합,남,50세,상해없음,승합,남,42세,경상
2021041000100271,2021년 4월 10일 13시,토요일,울산광역시 남구 신정동,경상사고,0,0,1,0,차대사람 - 기타,안전운전불이행,건조,맑음,기타 - 기타,승용,남,80세,상해없음,보행자,여,65세,경상
2021041000100355,2021년 4월 10일 15시,토요일,울산광역시 북구 명촌동,경상사고,0,0,1,0,차대사람 - 횡단중,안전운전불이행,건조,맑음,주차장 - 주차장,승용,남,27세,상해없음,보행자,남,26세,경상
2021041000100448,2021년 4월 10일 17시,토요일,울산광역시 남구 무거동,중상사고,0,1,0,0,차대차 - 추돌,안전운전불이행,건조,맑음,교차로 - 교차로부근,화물,남,47세,상해없음,화물,남,44세,중상
2021041100100008,2021년 4월 11일 00시,일요일,울산광역시 울주군 온산읍,중상사고,0,1,0,0,차대사람 - 기타,안전운전불이행,건조,맑음,단일로 - 기타,이륜,남,17세,상해없음,보행자,남,27세,중상
2021041100100239,2021년 4월 11일 14시,일요일,울산광역시 남구 신정동,경상사고,0,0,1,0,차대차 - 측면충돌,안전운전불이행,건조,맑음,단일로 - 기타,화물,남,75세,상해없음,승용,여,65세,경상
2021041100100240,2021년 4월 11일 14시,일요일,울산광역시 동구 서부동,중상사고,0,1,1,0,차대차 - 기타,안전거리미확보,건조,맑음,교차로 - 교차로부근,이륜,남,40세,상해없음,승합,남,56세,기타불명
2021041100100316,2021년 4월 11일 16시,일요일,울산광역시 중구 반구동,경상사고,0,0,2,0,차대차 - 측면충돌,교차로운행방법위반,건조,맑음,교차로 - 교차로안,승용,여,44세,경상,승용,남,26세,경상
2021041100100317,2021년 4월 11일 16시,일요일,울산광역시 남구 신정동,경상사고,0,0,1,0,차대차 - 측면충돌,안전운전불이행,건조,맑음,단일로 - 기타,화물,남,48세,상해없음,자전거,남,67세,경상
2021041100100318,2021년 4월 11일 16시,일요일,울산광역시 울주군 범서읍,부상신고사고,0,0,0,1,차대차 - 정면충돌,안전운전불이행,건조,맑음,단일로 - 기타,자전거,여,6세,부상신고,자전거,남,27세,상해없음
2021041100100319,2021년 4월 11일 16시,일요일,울산광역시 울주군 범서읍,경상사고,0,0,1,0,차대차 - 기타,안전운전불이행,건조,맑음,기타 - 기타,자전거,남,56세,상해없음,이륜,남,55세,경상
2021041100100353,2021년 4월 11일 17시,일요일,울산광역시 울주군 두동면,경상사고,0,0,1,0,차대차 - 추돌,안전운전불이행,건조,맑음,단일로 - 기타,이륜,남,60세,경상,승용,남,57세,상해없음
2021041200100062,2021년 4월 12일 07시,월요일,울산광역시 울주군 온산읍,경상사고,0,0,1,0,차대사람 - 횡단중,안전운전불이행,건조,맑음,단일로 - 기타,승용,여,37세,상해없음,보행자,여,83세,경상
2021041200100124,2021년 4월 12일 09시,월요일,울산광역시 남구 달동,중상사고,0,1,0,0,차대차 - 기타,안전운전불이행,건조,맑음,교차로 - 교차로안,승용,여,27세,상해없음,이륜,남,60세,중상
2021041200100154,2021년 4월 12일 10시,월요일,울산광역시 울주군 언양읍,경상사고,0,0,1,0,차대차 - 측면충돌,직진우회전진행방해,젖음/습기,비,교차로 - 교차로안,이륜,남,33세,경상,승합,여,52세,상해없음
2021041200100185,2021년 4월 12일 11시,월요일,울산광역시 울주군 청량읍,부상신고사고,0,0,0,1,차대차 - 기타,안전운전불이행,젖음/습기,비,교차로 - 교차로안,이륜,남,41세,부상신고,기타불명,기타불명,미분류,기타불명
2021041200100217,2021년 4월 12일 12시,월요일,울산광역시 북구 호계동,부상신고사고,0,0,0,1,차대차 - 추돌,안전운전불이행,젖음/습기,비,교차로 - 교차로안,승용,여,32세,상해없음,승용,남,64세,부상신고
2021041200100218,2021년 4월 12일 12시,월요일,울산광역시 북구 연암동,경상사고,0,0,1,0,차대차 - 측면충돌,안전운전불이행,건조,맑음,단일로 - 기타,승용,여,30세,상해없음,승용,남,44세,경상
2021041200100283,2021년 4월 12일 14시,월요일,울산광역시 중구 남외동,부상신고사고,0,0,0,1,차대차 - 기타,신호위반,젖음/습기,흐림,교차로 - 교차로안,이륜,남,59세,부상신고,승용,남,76세,상해없음
2021041200100284,2021년 4월 12일 14시,월요일,울산광역시 울주군 범서읍,중상사고,0,1,1,0,차대차 - 추돌,안전운전불이행,건조,맑음,단일로 - 기타,특수,남,33세,경상,승용,여,60세,중상
2021041200100365,2021년 4월 12일 16시,월요일,울산광역시 울주군 삼남읍,경상사고,0,0,1,0,차대차 - 추돌,안전운전불이행,젖음/습기,비,단일로 - 지하차도(도로)내,화물,남,24세,상해없음,화물,남,54세,경상
2021041200100642,2021년 4월 12일 23시,월요일,울산광역시 남구 야음동,중상사고,0,1,0,0,차대사람 - 기타,교차로운행방법위반,젖음/습기,비,교차로 - 교차로안,승용,남,35세,상해없음,보행자,남,59세,중상
2021041300100080,2021년 4월 13일 07시,화요일,울산광역시 울주군 청량읍,경상사고,0,0,2,0,차대차 - 추돌,신호위반,건조,맑음,교차로 - 교차로안,승합,남,61세,상해없음,화물,남,57세,경상
2021041300100120,2021년 4월 13일 08시,화요일,울산광역시 남구 삼산동,경상사고,0,0,1,0,차대차 - 추돌,안전운전불이행,건조,맑음,단일로 - 지하차도(도로)내,화물,남,59세,상해없음,승용,여,33세,경상
2021041300100298,2021년 4월 13일 14시,화요일,울산광역시 남구 신정동,경상사고,0,0,1,0,차대차 - 후진중충돌,기타,건조,맑음,단일로 - 기타,승용,남,60세,상해없음,승용,여,47세,경상
2021041300100299,2021년 4월 13일 14시,화요일,울산광역시 남구 신정동,경상사고,0,0,1,1,차대차 - 측면충돌,안전거리미확보,건조,맑음,단일로 - 기타,이륜,남,32세,부상신고,승용,여,40세,경상
2021041300100300,2021년 4월 13일 14시,화요일,울산광역시 울주군 웅촌면,경상사고,0,0,1,0,차대차 - 추돌,안전운전불이행,건조,맑음,단일로 - 기타,화물,남,47세,상해없음,화물,남,43세,경상
2021041300100336,2021년 4월 13일 15시,화요일,울산광역시 울주군 삼남읍,경상사고,0,0,1,0,차대차 - 정면충돌,중앙선침범,건조,맑음,교차로 - 교차로부근,승용,남,43세,상해없음,승용,남,36세,경상
2021041300100434,2021년 4월 13일 17시,화요일,울산광역시 동구 전하동,중상사고,0,1,0,0,차대차 - 측면충돌,안전운전불이행,건조,맑음,단일로 - 지하차도(도로)내,승용,남,55세,상해없음,자전거,남,72세,중상
2021041300100523,2021년 4월 13일 19시,화요일,울산광역시 중구 반구동,중상사고,0,1,0,1,차대차 - 정면충돌,중앙선침범,건조,맑음,단일로 - 교량,승용,여,35세,부상신고,승용,여,36세,중상
2021041400100089,2021년 4월 14일 08시,수요일,울산광역시 북구 매곡동,경상사고,0,0,1,0,차대사람 - 횡단중,보행자보호의무위반,건조,맑음,단일로 - 고가도로위,승용,남,39세,상해없음,보행자,여,17세,경상
2021041400100277,2021년 4월 14일 14시,수요일,울산광역시 울주군 청량읍,중상사고,0,1,1,0,차대차 - 추돌,안전운전불이행,건조,맑음,단일로 - 고가도로위,특수,남,45세,상해없음,승용,남,56세,경상
2021041400100309,2021년 4월 14일 15시,수요일,울산광역시 남구 야음동,중상사고,0,1,0,0,차대사람 - 길가장자리구역통행중,안전운전불이행,건조,맑음,교차로 - 교차로안,이륜,남,65세,상해없음,보행자,여,75세,중상
2021041400100343,2021년 4월 14일 16시,수요일,울산광역시 남구 신정동,중상사고,0,1,0,0,차대차 - 측면충돌,안전운전불이행,건조,맑음,단일로 - 기타,승용,남,63세,상해없음,이륜,남,60세,중상
2021041400100344,2021년 4월 14일 16시,수요일,울산광역시 남구 야음동,경상사고,0,0,1,0,차대사람 - 길가장자리구역통행중,안전운전불이행,건조,맑음,교차로 - 교차로부근,승용,남,47세,상해없음,보행자,남,69세,경상
2021041400100395,2021년 4월 14일 17시,수요일,울산광역시 남구 신정동,경상사고,0,0,1,0,차대차 - 측면충돌,안전운전불이행,건조,맑음,교차로 - 교차로안,승용,남,55세,상해없음,승용,여,48세,경상
2021041400100437,2021년 4월 14일 18시,수요일,울산광역시 남구 신정동,경상사고,0,0,2,0,차대차 - 측면충돌,안전거리미확보,건조,맑음,단일로 - 기타,승용,여,25세,상해없음,승용,여,24세,경상
2021041400100438,2021년 4월 14일 18시,수요일,울산광역시 동구 전하동,경상사고,0,0,1,0,차대차 - 측면충돌,신호위반,건조,맑음,교차로 - 교차로안,승용,여,27세,상해없음,승용,남,57세,경상
2021041400100556,2021년 4월 14일 22시,수요일,울산광역시 중구 우정동,중상사고,0,2,1,0,차대차 - 측면충돌,신호위반,건조,맑음,교차로 - 교차로안,승용,남,32세,경상,승용,남,61세,중상
2021041500100010,2021년 4월 15일 00시,목요일,울산광역시 북구 효문동,중상사고,0,2,0,0,차대차 - 측면충돌,신호위반,건조,맑음,단일로 - 기타,이륜,남,36세,중상,이륜,남,63세,중상
2021041500100017,2021년 4월 15일 02시,목요일,울산광역시 북구 연암동,경상사고,0,0,1,0,차대차 - 추돌,안전운전불이행,건조,맑음,단일로 - 지하차도(도로)내,승용,여,40세,상해없음,화물,남,36세,경상
2021041500100028,2021년 4월 15일 05시,목요일,울산광역시 북구 매곡동,부상신고사고,0,0,0,1,차대차 - 측면충돌,안전운전불이행,건조,맑음,단일로 - 기타,자전거,남,51세,부상신고,승용,남,69세,상해없음
2021041500100065,2021년 4월 15일 07시,목요일,울산광역시 남구 신정동,경상사고,0,0,1,0,차대차 - 측면충돌,교차로운행방법위반,건조,맑음,교차로 - 교차로안,화물,여,64세,상해없음,승용,남,42세,경상
2021041500100100,2021년 4월 15일 08시,목요일,울산광역시 남구 신정동,경상사고,0,0,1,0,차대차 - 측면충돌,안전거리미확보,건조,맑음,교차로 - 교차로안,승용,남,63세,상해없음,승용,남,27세,경상
2021041500100101,2021년 4월 15일 08시,목요일,울산광역시 북구 호계동,경상사고,0,0,2,0,차대차 - 측면충돌,안전운전불이행,건조,맑음,단일로 - 기타,이륜,남,87세,경상,이륜,남,40세,경상
2021041500100153,2021년 4월 15일 10시,목요일,울산광역시 남구 달동,경상사고,0,0,1,0,차대차 - 후진중충돌,안전운전불이행,건조,맑음,단일로 - 기타,승용,남,36세,상해없음,개인형이동수단(PM),남,22세,경상
2021041500100186,2021년 4월 15일 11시,목요일,울산광역시 울주군 온산읍,중상사고,0,1,0,0,차대차 - 측면충돌,중앙선침범,건조,맑음,단일로 - 기타,승용,남,33세,상해없음,이륜,남,34세,중상
2021041500100225,2021년 4월 15일 12시,목요일,울산광역시 남구 신정동,경상사고,0,0,1,0,차대차 - 측면충돌,안전운전불이행,건조,맑음,교차로 - 교차로안,승용,남,48세,상해없음,승용,남,34세,경상
2021041500100226,2021년 4월 15일 12시,목요일,울산광역시 북구 중산동,중상사고,0,1,0,0,차대차 - 추돌,안전운전불이행,건조,맑음,단일로 - 고가도로위,화물,남,60세,상해없음,화물,남,54세,중상
2021041500100258,2021년 4월 15일 13시,목요일,울산광역시 중구 성남동,중상사고,0,1,0,0,차대차 - 측면충돌,안전거리미확보,건조,맑음,단일로 - 기타,화물,남,38세,상해없음,이륜,남,31세,중상
2021041500100259,2021년 4월 15일 13시,목요일,울산광역시 동구 화정동,중상사고,0,1,0,0,차대사람 - 횡단중,보행자보호의무위반,건조,맑음,교차로 - 교차로횡단보도내,승용,여,53세,상해없음,보행자,여,22세,중상
2021041500100260,2021년 4월 15일 13시,목요일,울산광역시 울주군 청량읍,경상사고,0,0,1,0,차대차 - 측면충돌,안전운전불이행,건조,맑음,단일로 - 기타,화물,남,68세,상해없음,승용,여,67세,경상
2021041500100415,2021년 4월 15일 17시,목요일,울산광역시 동구 서부동,중상사고,0,1,1,0,차대차 - 추돌,중앙선침범,건조,맑음,교차로 - 교차로부근,이륜,남,27세,경상,이륜,남,25세,중상
2021041500100471,2021년 4월 15일 18시,목요일,울산광역시 동구 동부동,중상사고,0,1,0,0,차대차 - 추돌,안전운전불이행,건조,맑음,교차로 - 교차로부근,이륜,남,25세,상해없음,자전거,여,62세,중상
2021041500100472,2021년 4월 15일 18시,목요일,울산광역시 울주군 언양읍,경상사고,0,0,4,0,차대차 - 정면충돌,중앙선침범,건조,맑음,단일로 - 기타,승용,남,85세,경상,승합,여,55세,경상
2021041500100473,2021년 4월 15일 18시,목요일,울산광역시 북구 중산동,부상신고사고,0,0,0,1,차량단독 - 공작물충돌,안전운전불이행,건조,맑음,단일로 - 고가도로위,승용,남,31세,부상신고,,,,
2021041500100511,2021년 4월 15일 19시,목요일,울산광역시 중구 학성동,중상사고,0,1,0,0,차대차 - 측면충돌,교차로운행방법위반,건조,맑음,교차로 - 교차로안,이륜,남,57세,상해없음,이륜,여,53세,중상
2021041500100512,2021년 4월 15일 19시,목요일,울산광역시 동구 서부동,중상사고,0,1,0,0,차대차 - 후진중충돌,안전운전불이행,건조,맑음,교차로 - 교차로안,승용,남,65세,상해없음,이륜,남,46세,중상
2021041600100007,2021년 4월 16일 00시,금요일,울산광역시 중구 서동,중상사고,0,1,0,0,차대사람 - 기타,안전운전불이행,건조,맑음,단일로 - 기타,승용,여,63세,상해없음,보행자,남,38세,중상
2021041600100008,2021년 4월 16일 00시,금요일,울산광역시 울주군 범서읍,중상사고,0,1,0,0,차대차 - 측면충돌,교차로운행방법위반,건조,맑음,교차로 - 교차로안,승용,남,41세,상해없음,개인형이동수단(PM),남,16세,중상
2021041600100183,2021년 4월 16일 11시,금요일,울산광역시 중구 태화동,중상사고,0,2,1,0,차대차 - 정면충돌,중앙선침범,건조,맑음,교차로 - 교차로안,승용,여,30세,상해없음,승용,여,55세,중상
2021041600100270,2021년 4월 16일 14시,금요일,울산광역시 북구 염포동,경상사고,0,0,1,0,차대차 - 측면충돌,안전거리미확보,건조,맑음,교차로 - 교차로안,승용,여,64세,상해없음,승용,남,26세,경상
2021041600100347,2021년 4월 16일 16시,금요일,울산광역시 울주군 범서읍,중상사고,0,1,0,0,차대사람 - 횡단중,안전운전불이행,건조,맑음,단일로 - 지하차도(도로)내,승용,여,47세,상해없음,보행자,남,8세,중상
2021041600100378,2021년 4월 16일 17시,금요일,울산광역시 남구 무거동,경상사고,0,0,2,0,차대차 - 측면충돌,신호위반,건조,맑음,교차로 - 교차로안,이륜,남,19세,경상,승용,남,21세,경상
2021041600100500,2021년 4월 16일 20시,금요일,울산광역시 동구 방어동,경상사고,0,0,1,0,차대차 - 정면충돌,직진우회전진행방해,건조,흐림,교차로 - 교차로안,승용,남,36세,상해없음,이륜,남,40세,경상
2021041600100533,2021년 4월 16일 21시,금요일,울산광역시 남구 달동,중상사고,0,1,0,0,차대사람 - 횡단중,안전운전불이행,건조,맑음,교차로 - 교차로안,승용,남,27세,상해없음,보행자,남,48세,중상
2021041600100571,2021년 4월 16일 22시,금요일,울산광역시 울주군 언양읍,중상사고,0,1,2,0,차대차 - 측면충돌,신호위반,건조,맑음,교차로 - 교차로부근,승용,남,27세,경상,승용,남,24세,중상
2021041700100052,2021년 4월 17일 05시,토요일,울산광역시 남구 야음동,중상사고,0,1,0,0,차대차 - 측면충돌,신호위반,건조,맑음,교차로 - 교차로안,승용,남,23세,상해없음,승용,남,36세,중상
2021041700100074,2021년 4월 17일 07시,토요일,울산광역시 남구 무거동,경상사고,0,0,1,0,차대차 - 측면충돌,안전거리미확보,건조,맑음,교차로 - 교차로안,화물,남,50세,상해없음,승용,남,33세,경상
2021041700100122,2021년 4월 17일 09시,토요일,울산광역시 중구 학성동,중상사고,0,1,0,0,차대사람 - 횡단중,신호위반,건조,맑음,교차로 - 교차로안,승용,남,59세,상해없음,보행자,여,84세,중상
2021041700100184,2021년 4월 17일 11시,토요일,울산광역시 중구 서동,경상사고,0,0,1,0,차대차 - 후진중충돌,안전운전불이행,건조,맑음,주차장 - 주차장,승용,남,49세,상해없음,승용,남,33세,경상
2021041700100185,2021년 4월 17일 11시,토요일,울산광역시 남구 삼산동,경상사고,0,0,1,0,차대차 - 기타,안전운전불이행,건조,맑음,기타 - 기타,이륜,남,29세,상해없음,승용,남,40세,기타불명
2021041700100271,2021년 4월 17일 13시,토요일,울산광역시 남구 달동,경상사고,0,0,1,0,차대사람 - 횡단중,보행자보호의무위반,건조,맑음,교차로 - 교차로횡단보도내,승용,여,51세,상해없음,보행자,여,37세,경상
2021041700100272,2021년 4월 17일 13시,토요일,울산광역시 울주군 온산읍,중상사고,0,1,0,0,차대차 - 측면충돌,불법유턴,건조,맑음,교차로 - 교차로안,승용,남,54세,상해없음,이륜,남,22세,중상
2021041700100311,2021년 4월 17일 14시,토요일,울산광역시 남구 삼산동,경상사고,0,0,1,0,차대차 - 측면충돌,안전운전불이행,건조,맑음,교차로 - 교차로안,이륜,남,43세,경상,승용,여,30세,상해없음
2021041700100531,2021년 4월 17일 20시,토요일,울산광역시 중구 우정동,경상사고,0,0,2,0,차대차 - 후진중충돌,안전운전불이행,건조,맑음,교차로 - 교차로부근,승용,남,58세,상해없음,승용,남,28세,경상
2021041700100532,2021년 4월 17일 20시,토요일,울산광역시 북구 호계동,경상사고,0,0,1,0,차대차 - 추돌,교차로운행방법위반,건조,맑음,교차로 - 교차로부근,승용,여,30세,상해없음,이륜,남,36세,경상
2021041700100580,2021년 4월 17일 22시,토요일,울산광역시 남구 달동,중상사고,0,1,3,0,차대차 - 측면충돌,신호위반,건조,맑음,교차로 - 교차로안,승용,남,58세,상해없음,승용,남,64세,경상
2021041700100581,2021년 4월 17일 22시,토요일,울산광역시 남구 옥동,경상사고,0,0,2,0,차대차 - 측면충돌,안전거리미확보,건조,맑음,단일로 - 기타,승용,남,27세,경상,승용,남,28세,경상
2021041700100582,2021년 4월 17일 22시,토요일,울산광역시 동구 일산동,경상사고,0,0,1,0,차대사람 - 길가장자리구역통행중,안전운전불이행,건조,맑음,단일로 - 기타,승용,여,24세,상해없음,보행자,남,64세,경상
2021041800100012,2021년 4월 18일 00시,일요일,울산광역시 동구 일산동,경상사고,0,0,1,0,차대차 - 측면충돌,신호위반,건조,맑음,교차로 - 교차로안,이륜,남,37세,경상,승용,남,57세,상해없음
2021041800100132,2021년 4월 18일 12시,일요일,울산광역시 남구 달동,경상사고,0,0,2,0,차대차 - 추돌,안전거리미확보,건조,맑음,단일로 - 기타,승용,남,33세,상해없음,승용,여,52세,경상
2021041800100368,2021년 4월 18일 20시,일요일,울산광역시 남구 삼산동,경상사고,0,0,2,0,차대차 - 측면충돌,안전운전불이행,건조,맑음,교차로 - 교차로안,승용,남,28세,상해없음,승용,남,25세,경상
2021041800100410,2021년 4월 18일 22시,일요일,울산광역시 동구 방어동,경상사고,0,0,1,0,차량단독 - 공작물충돌,신호위반,건조,맑음,교차로 - 교차로안,승용,남,24세,상해없음,,,,
2021041900100043,2021년 4월 19일 06시,월요일,울산광역시 북구 명촌동,중상사고,0,1,0,0,차대차 - 측면충돌,안전거리미확보,건조,맑음,단일로 - 기타,화물,남,39세,상해없음,이륜,남,39세,중상
2021041900100116,2021년 4월 19일 08시,월요일,울산광역시 중구 성남동,경상사고,0,0,1,0,차대차 - 측면충돌,신호위반,건조,맑음,교차로 - 교차로안,승용,여,61세,상해없음,이륜,남,38세,경상
2021041900100244,2021년 4월 19일 12시,월요일,울산광역시 북구 호계동,경상사고,0,0,1,0,차대차 - 추돌,안전운전불이행,건조,맑음,교차로 - 교차로부근,이륜,남,33세,경상,승용,남,58세,상해없음
2021041900100344,2021년 4월 19일 15시,월요일,울산광역시 북구 진장동,중상사고,0,1,1,0,차대차 - 측면충돌,안전운전불이행,건조,맑음,교차로 - 교차로부근,승용,남,52세,경상,화물,남,62세,기타불명
2021041900100432,2021년 4월 19일 17시,월요일,울산광역시 중구 복산동,경상사고,0,0,1,0,차대차 - 측면충돌,안전운전불이행,건조,맑음,단일로 - 기타,승용,남,58세,상해없음,승용,여,55세,경상
2021041900100433,2021년 4월 19일 17시,월요일,울산광역시 북구 효문동,경상사고,0,0,1,0,차대차 - 측면충돌,안전거리미확보,건조,맑음,단일로 - 기타,승용,남,51세,상해없음,이륜,남,19세,경상
2021041900100528,2021년 4월 19일 20시,월요일,울산광역시 남구 무거동,중상사고,0,1,0,0,차대차 - 측면충돌,안전거리미확보,건조,맑음,교차로 - 교차로안,이륜,남,27세,중상,승용,여,60세,상해없음
2021041900100551,2021년 4월 19일 21시,월요일,울산광역시 남구 야음동,중상사고,0,1,0,0,차량단독 - 공작물충돌,안전운전불이행,건조,맑음,단일로 - 기타,승용,남,62세,중상,,,,
2021042000100106,2021년 4월 20일 08시,화요일,울산광역시 동구 화정동,경상사고,0,0,1,0,차대사람 - 횡단중,보행자보호의무위반,건조,맑음,교차로 - 교차로횡단보도내,승용,남,67세,상해없음,보행자,남,6세,경상
2021042000100146,2021년 4월 20일 09시,화요일,울산광역시 중구 서동,경상사고,0,0,2,0,차대차 - 측면충돌,안전운전불이행,건조,맑음,단일로 - 기타,승용,남,27세,경상,승합,남,46세,경상
2021042000100258,2021년 4월 20일 12시,화요일,울산광역시 동구 일산동,경상사고,0,0,1,0,차대사람 - 보도통행중,안전운전불이행,건조,맑음,교차로 - 교차로부근,승용,남,36세,상해없음,보행자,여,73세,경상
2021042000100368,2021년 4월 20일 15시,화요일,울산광역시 울주군 범서읍,중상사고,0,3,1,0,차대차 - 추돌,안전거리미확보,건조,맑음,단일로 - 지하차도(도로)내,화물,남,57세,상해없음,승용,남,50세,경상
2021042000100369,2021년 4월 20일 15시,화요일,울산광역시 울주군 두동면,중상사고,0,1,1,0,차대차 - 추돌,안전운전불이행,건조,맑음,단일로 - 기타,화물,남,60세,중상,승용,남,45세,경상
2021042000100405,2021년 4월 20일 16시,화요일,울산광역시 남구 달동,경상사고,0,0,2,0,차대차 - 기타,안전운전불이행,건조,맑음,기타 - 기타,승용,여,38세,경상,승용,여,51세,경상
2021042000100496,2021년 4월 20일 18시,화요일,울산광역시 남구 신정동,부상신고사고,0,0,0,1,차대차 - 측면충돌,안전운전불이행,건조,맑음,단일로 - 기타,승용,여,55세,상해없음,승용,여,27세,부상신고
2021042000100497,2021년 4월 20일 18시,화요일,울산광역시 울주군 온양읍,경상사고,0,0,1,0,차대차 - 측면충돌,직진우회전진행방해,건조,맑음,교차로 - 교차로안,화물,남,59세,상해없음,승용,남,73세,경상
2021042000100604,2021년 4월 20일 22시,화요일,울산광역시 동구 서부동,중상사고,0,1,0,0,차대차 - 추돌,안전운전불이행,건조,맑음,교차로 - 교차로부근,이륜,남,37세,중상,승용,남,38세,상해없음