사고번호,사고일시,요일,시군구,사고내용,사망자수,중상자수,경상자수,부상신고자수,사고유형,법규위반,노면상태,기상상태,도로형태,가해운전자 차종,가해운전자 성별,가해운전자 연령,가해운전자 상해정도,피해운전자 차종,피해운전자 성별,피해운전자 연령,피해운전자 상해정도
2021051300100571,2021년 5월 13일 20시,목요일,울산광역시 울주군 웅촌면,중상사고,0,1,0,0,차대사람 - 보도통행중,보행자보호의무위반,건조,맑음,교차로 - 교차로횡단보도내,승용,남,47세,상해없음,보행자,남,54세,중상
2021051300100599,2021년 5월 13일 21시,목요일,울산광역시 남구 신정동,경상사고,0,0,1,0,차대차 - 추돌,안전거리미확보,건조,맑음,단일로 - 기타,승용,남,58세,상해없음,승용,남,70세,경상
2021051300100632,2021년 5월 13일 23시,목요일,울산광역시 울주군 범서읍,중상사고,0,1,0,0,차대차 - 정면충돌,중앙선침범,건조,맑음,단일로 - 지하차도(도로)내,원동기,남,18세,상해없음,개인형이동수단(PM),남,21세,중상
2021051400100013,2021년 5월 14일 00시,금요일,울산광역시 동구 방어동,경상사고,0,0,1,0,차대차 - 측면충돌,직진우회전진행방해,건조,맑음,교차로 - 교차로안,승용,여,43세,상해없음,승용,여,49세,경상
2021051400100121,2021년 5월 14일 08시,금요일,울산광역시 남구 신정동,경상사고,0,0,1,0,차대차 - 측면충돌,안전거리미확보,건조,맑음,단일로 - 기타,승용,여,53세,상해없음,승용,여,45세,경상
2021051400100165,2021년 5월 14일 09시,금요일,울산광역시 중구 태화동,경상사고,0,0,2,0,차대차 - 측면충돌,안전거리미확보,건조,맑음,단일로 - 기타,승용,남,71세,상해없음,승용,여,47세,경상
2021051400100166,2021년 5월 14일 09시,금요일,울산광역시 동구 일산동,경상사고,0,0,1,0,차대차 - 측면충돌,안전운전불이행,건조,맑음,교차로 - 교차로안,화물,남,58세,상해없음,이륜,남,38세,경상
2021051400100511,2021년 5월 14일 17시,금요일,울산광역시 남구 야음동,부상신고사고,0,0,0,1,차대사람 - 횡단중,안전운전불이행,건조,맑음,교차로 - 교차로부근,화물,남,37세,상해없음,보행자,남,3세,부상신고
2021051400100600,2021년 5월 14일 19시,금요일,울산광역시 남구 야음동,중상사고,0,1,0,0,차대차 - 정면충돌,중앙선침범,건조,맑음,단일로 - 기타,자전거,남,70세,상해없음,이륜,남,52세,중상
2021051400100601,2021년 5월 14일 19시,금요일,울산광역시 울주군 범서읍,경상사고,0,0,2,0,차대차 - 측면충돌,신호위반,건조,맑음,교차로 - 교차로안,승용,여,58세,경상,승용,남,61세,경상
2021051400100643,2021년 5월 14일 20시,금요일,울산광역시 남구 옥동,경상사고,0,0,1,0,차대차 - 정면충돌,안전운전불이행,건조,맑음,단일로 - 기타,승용,남,55세,상해없음,원동기,남,20세,경상
2021051400100644,2021년 5월 14일 20시,금요일,울산광역시 남구 달동,경상사고,0,0,1,0,차대사람 - 기타,안전운전불이행,기타,기타,단일로 - 기타,승용,여,47세,상해없음,보행자,여,55세,경상
2021051400100645,2021년 5월 14일 20시,금요일,울산광역시 동구 서부동,경상사고,0,0,1,0,차대사람 - 기타,보행자보호의무위반,건조,맑음,교차로 - 교차로횡단보도내,승용,여,54세,상해없음,보행자,남,60세,경상
2021051400100671,2021년 5월 14일 21시,금요일,울산광역시 울주군 범서읍,경상사고,0,0,1,0,차대차 - 측면충돌,차로위반,건조,맑음,단일로 - 지하차도(도로)내,승용,여,56세,상해없음,승용,여,55세,경상
2021051500100046,2021년 5월 15일 04시,토요일,울산광역시 북구 화봉동,경상사고,0,0,1,0,차량단독 - 기타,안전운전불이행,건조,맑음,교차로 - 교차로안,원동기,남,14세,상해없음,,,,
2021051500100152,2021년 5월 15일 10시,토요일,울산광역시 남구 무거동,경상사고,0,0,2,0,차대차 - 측면충돌,안전운전불이행,젖음/습기,비,교차로 - 교차로부근,승용,남,68세,상해없음,승용,여,58세,경상
2021051500100153,2021년 5월 15일 10시,토요일,울산광역시 남구 무거동,중상사고,0,1,0,0,차대차 - 측면충돌,신호위반,젖음/습기,비,교차로 - 교차로안,승용,남,31세,상해없음,승합,남,46세,중상
2021051500100272,2021년 5월 15일 13시,토요일,울산광역시 울주군 온양읍,경상사고,0,0,1,0,차대차 - 측면충돌,안전운전불이행,젖음/습기,비,교차로 - 교차로안,승용,여,29세,상해없음,이륜,남,53세,경상
2021051500100313,2021년 5월 15일 14시,토요일,울산광역시 남구 신정동,경상사고,0,0,1,0,차대차 - 측면충돌,안전운전불이행,젖음/습기,비,단일로 - 지하차도(도로)내,승용,남,47세,상해없음,승용,남,54세,경상
2021051500100454,2021년 5월 15일 18시,토요일,울산광역시 중구 우정동,경상사고,0,0,1,0,차대차 - 추돌,기타,건조,맑음,단일로 - 기타,승용,남,70세,상해없음,자전거,남,42세,경상
2021051500100455,2021년 5월 15일 18시,토요일,울산광역시 울주군 웅촌면,중상사고,0,1,0,0,차량단독 - 공작물충돌,안전운전불이행,건조,맑음,교차로 - 교차로안,화물,남,52세,중상,,,,
2021051500100568,2021년 5월 15일 21시,토요일,울산광역시 동구 서부동,경상사고,0,0,2,0,차대차 - 측면충돌,안전운전불이행,건조,맑음,교차로 - 교차로부근,이륜,남,35세,상해없음,승용,남,26세,경상
2021051500100569,2021년 5월 15일 21시,토요일,울산광역시 북구 연암동,경상사고,0,0,1,0,차대사람 - 보도통행중,안전운전불이행,건조,맑음,기타 - 기타,개인형이동수단(PM),남,15세,상해없음,보행자,남,54세,경상
2021051600100040,2021년 5월 16일 01시,일요일,울산광역시 남구 달동,경상사고,0,0,1,0,차대차 - 측면충돌,신호위반,건조,맑음,교차로 - 교차로부근,승용,남,38세,상해없음,이륜,남,38세,경상
2021051600100083,2021년 5월 16일 08시,일요일,울산광역시 남구 달동,중상사고,0,1,0,0,차대차 - 기타,안전운전불이행,젖음/습기,흐림,교차로 - 교차로부근,승용,여,26세,상해없음,이륜,남,31세,중상
2021051600100157,2021년 5월 16일 12시,일요일,울산광역시 울주군 온산읍,중상사고,0,1,0,0,차대차 - 측면충돌,신호위반,젖음/습기,비,교차로 - 교차로부근,승용,남,70세,상해없음,승용,남,34세,중상
2021051600100223,2021년 5월 16일 14시,일요일,울산광역시 울주군 언양읍,경상사고,0,0,1,0,차대차 - 측면충돌,교차로운행방법위반,젖음/습기,비,교차로 - 교차로안,이륜,남,70세,경상,승용,남,63세,상해없음
2021051600100291,2021년 5월 16일 17시,일요일,울산광역시 울주군 온산읍,경상사고,0,0,1,0,차대사람 - 차도통행중,안전운전불이행,젖음/습기,비,교차로 - 교차로부근,승용,남,60세,상해없음,보행자,남,50세,경상
2021051600100352,2021년 5월 16일 19시,일요일,울산광역시 남구 달동,경상사고,0,0,1,0,차대사람 - 횡단중,보행자보호의무위반,젖음/습기,비,교차로 - 교차로횡단보도내,승용,남,29세,상해없음,보행자,여,68세,경상
2021051600100353,2021년 5월 16일 19시,일요일,울산광역시 울주군 서생면,중상사고,0,1,2,0,차대차 - 측면충돌,교차로운행방법위반,젖음/습기,비,교차로 - 교차로안,승용,남,45세,상해없음,승용,남,39세,경상
2021051700100035,2021년 5월 17일 05시,월요일,울산광역시 울주군 청량읍,중상사고,0,1,0,0,차량단독 - 공작물충돌,안전운전불이행,젖음/습기,비,교차로 - 교차로안,승용,남,52세,중상,,,,
2021051700100158,2021년 5월 17일 10시,월요일,울산광역시 북구 화봉동,경상사고,0,0,1,0,차대차 - 추돌,안전운전불이행,건조,맑음,기타 - 기타,승용,남,27세,상해없음,승합,남,56세,경상
2021051700100300,2021년 5월 17일 15시,월요일,울산광역시 남구 삼산동,경상사고,0,0,1,0,차대차 - 측면충돌,안전운전불이행,건조,맑음,교차로 - 교차로부근,화물,남,61세,상해없음,승용,여,47세,경상
2021051700100301,2021년 5월 17일 15시,월요일,울산광역시 북구 진장동,중상사고,0,1,0,0,차대차 - 추돌,교차로운행방법위반,건조,맑음,단일로 - 기타,승용,여,63세,상해없음,이륜,남,32세,중상
2021051700100329,2021년 5월 17일 16시,월요일,울산광역시 북구 송정동,중상사고,0,1,8,0,차대차 - 추돌,안전거리미확보,젖음/습기,맑음,교차로 - 교차로안,승합,남,49세,상해없음,승용,남,47세,경상
2021051700100445,2021년 5월 17일 19시,월요일,울산광역시 남구 무거동,중상사고,0,1,0,0,차대사람 - 횡단중,보행자보호의무위반,젖음/습기,비,단일로 - 기타,승용,남,52세,상해없음,보행자,여,53세,중상
2021051700100472,2021년 5월 17일 20시,월요일,울산광역시 북구 매곡동,경상사고,0,0,1,0,차대차 - 측면충돌,교차로운행방법위반,건조,맑음,교차로 - 교차로안,승합,여,23세,상해없음,이륜,남,47세,경상
2021051800100148,2021년 5월 18일 10시,화요일,울산광역시 북구 염포동,경상사고,0,0,2,0,차대차 - 정면충돌,신호위반,젖음/습기,비,교차로 - 교차로안,승용,남,57세,상해없음,승용,남,64세,경상
2021051800100171,2021년 5월 18일 11시,화요일,울산광역시 남구 옥동,중상사고,0,1,0,0,차대사람 - 기타,안전운전불이행,젖음/습기,비,단일로 - 기타,승용,남,50세,상해없음,보행자,여,69세,중상
2021051800100504,2021년 5월 18일 19시,화요일,울산광역시 중구 태화동,중상사고,0,1,0,0,차대차 - 추돌,안전운전불이행,건조,맑음,단일로 - 기타,이륜,남,17세,상해없음,이륜,남,26세,중상
2021051800100537,2021년 5월 18일 20시,화요일,울산광역시 중구 반구동,경상사고,0,0,1,0,차대차 - 측면충돌,교차로운행방법위반,건조,맑음,교차로 - 교차로안,승합,남,64세,상해없음,이륜,남,23세,경상
2021051800100538,2021년 5월 18일 20시,화요일,울산광역시 남구 야음동,경상사고,0,0,1,0,차대차 - 추돌,안전운전불이행,건조,맑음,교차로 - 교차로부근,승용,여,31세,기타불명,이륜,여,26세,경상
2021051800100566,2021년 5월 18일 21시,화요일,울산광역시 남구 달동,중상사고,0,1,0,0,차대차 - 측면충돌,안전운전불이행,건조,맑음,단일로 - 기타,자전거,여,54세,중상,승용,여,21세,상해없음
2021051800100593,2021년 5월 18일 22시,화요일,울산광역시 남구 무거동,중상사고,0,1,0,0,차대사람 - 횡단중,안전운전불이행,건조,맑음,교차로 - 교차로안,승용,남,40세,상해없음,보행자,여,54세,중상
2021051900100024,2021년 5월 19일 01시,수요일,울산광역시 남구 신정동,경상사고,0,0,1,0,차대사람 - 기타,안전운전불이행,건조,맑음,교차로 - 교차로부근,개인형이동수단(PM),남,24세,상해없음,보행자,남,22세,경상
2021051900100094,2021년 5월 19일 08시,수요일,울산광역시 남구 달동,경상사고,0,0,1,0,차대사람 - 길가장자리구역통행중,안전운전불이행,건조,맑음,단일로 - 기타,화물,남,23세,상해없음,보행자,여,58세,경상
2021051900100223,2021년 5월 19일 12시,수요일,울산광역시 북구 화봉동,중상사고,0,1,0,0,차대차 - 측면충돌,안전운전불이행,건조,맑음,교차로 - 교차로안,승용,남,83세,상해없음,자전거,남,13세,중상
2021051900100259,2021년 5월 19일 13시,수요일,울산광역시 울주군 삼남읍,중상사고,0,1,0,0,차대차 - 기타,안전운전불이행,건조,맑음,기타 - 기타,승용,남,61세,상해없음,자전거,여,58세,중상
2021051900100360,2021년 5월 19일 16시,수요일,울산광역시 중구 유곡동,경상사고,0,0,1,0,차대차 - 측면충돌,중앙선침범,건조,맑음,교차로 - 교차로안,승용,남,22세,상해없음,승용,여,50세,경상
2021051900100361,2021년 5월 19일 16시,수요일,울산광역시 울주군 범서읍,경상사고,0,0,2,0,차대차 - 측면충돌,안전운전불이행,건조,맑음,단일로 - 기타,자전거,남,59세,경상,승용,여,35세,경상
2021051900100410,2021년 5월 19일 17시,수요일,울산광역시 중구 성안동,중상사고,0,1,1,0,차대사람 - 횡단중,보행자보호의무위반,건조,맑음,교차로 - 교차로안,승용,남,42세,상해없음,보행자,여,72세,중상
2021051900100411,2021년 5월 19일 17시,수요일,울산광역시 중구 태화동,경상사고,0,0,1,0,차대사람 - 횡단중,안전운전불이행,건조,맑음,교차로 - 교차로부근,승용,여,59세,상해없음,보행자,여,14세,경상
2021051900100492,2021년 5월 19일 20시,수요일,울산광역시 중구 반구동,경상사고,0,0,1,0,차대차 - 측면충돌,안전거리미확보,건조,맑음,단일로 - 기타,화물,남,46세,상해없음,승용,남,74세,경상
2021051900100493,2021년 5월 19일 20시,수요일,울산광역시 북구 호계동,경상사고,0,0,2,0,차대차 - 추돌,안전거리미확보,건조,맑음,단일로 - 기타,승용,남,59세,상해없음,승용,남,55세,경상
2021051900100526,2021년 5월 19일 22시,수요일,울산광역시 남구 삼산동,경상사고,0,0,1,0,차대차 - 측면충돌,안전운전불이행,건조,맑음,교차로 - 교차로안,승용,남,56세,상해없음,승용,여,37세,경상
2021052000100112,2021년 5월 20일 09시,목요일,울산광역시 남구 무거동,경상사고,0,0,1,0,차대차 - 측면충돌,교차로운행방법위반,젖음/습기,비,교차로 - 교차로안,승용,여,30세,상해없음,건설기계,남,56세,경상
2021052000100159,2021년 5월 20일 11시,목요일,울산광역시 북구 연암동,경상사고,0,0,1,0,차대차 - 측면충돌,안전운전불이행,젖음/습기,비,교차로 - 교차로안,승용,남,52세,상해없음,승용,여,50세,경상
2021052000100197,2021년 5월 20일 12시,목요일,울산광역시 북구 연암동,사망사고,1,0,0,0,차대차 - 측면충돌,안전운전불이행,젖음/습기,비,단일로 - 고가도로위,화물,남,32세,상해없음,승용,남,77세,사망
2021052000100262,2021년 5월 20일 14시,목요일,울산광역시 남구 옥동,경상사고,0,0,2,0,차대차 - 측면충돌,안전운전불이행,젖음/습기,비,교차로 - 교차로안,승용,남,70세,상해없음,승용,남,55세,경상
2021052000100363,2021년 5월 20일 17시,목요일,울산광역시 중구 우정동,중상사고,0,1,0,1,차대차 - 측면충돌,교차로운행방법위반,젖음/습기,비,교차로 - 교차로안,승용,여,58세,부상신고,이륜,남,28세,중상
2021052000100398,2021년 5월 20일 18시,목요일,울산광역시 남구 야음동,경상사고,0,0,3,0,차대차 - 측면충돌,중앙선침범,건조,맑음,교차로 - 교차로부근,승용,여,30세,상해없음,승용,남,40세,경상
2021052000100483,2021년 5월 20일 20시,목요일,울산광역시 남구 달동,중상사고,0,1,0,0,차대사람 - 횡단중,보행자보호의무위반,건조,기타,교차로 - 교차로안,승용,여,57세,상해없음,보행자,여,45세,중상
2021052000100484,2021년 5월 20일 20시,목요일,울산광역시 남구 무거동,부상신고사고,0,0,0,1,차대사람 - 기타,안전운전불이행,젖음/습기,비,단일로 - 기타,승용,여,31세,상해없음,보행자,남,48세,부상신고
2021052000100516,2021년 5월 20일 21시,목요일,울산광역시 남구 달동,중상사고,0,1,0,0,차대사람 - 횡단중,안전운전불이행,젖음/습기,비,단일로 - 기타,승용,남,39세,상해없음,보행자,여,51세,중상
2021052100100042,2021년 5월 21일 06시,금요일,울산광역시 북구 명촌동,경상사고,0,0,2,0,차대차 - 기타,안전운전불이행,건조,맑음,교차로 - 교차로안,승용,남,55세,상해없음,화물,남,58세,경상
2021052100100095,2021년 5월 21일 08시,금요일,울산광역시 남구 달동,중상사고,0,1,0,0,차대사람 - 기타,보행자보호의무위반,건조,맑음,교차로 - 교차로부근,승합,남,60세,상해없음,보행자,여,62세,중상
2021052100100096,2021년 5월 21일 08시,금요일,울산광역시 남구 야음동,경상사고,0,0,1,0,차대차 - 측면충돌,안전운전불이행,건조,맑음,교차로 - 교차로안,승용,여,23세,상해없음,승용,여,38세,경상
2021052100100097,2021년 5월 21일 08시,금요일,울산광역시 울주군 범서읍,경상사고,0,0,1,0,차대차 - 추돌,안전운전불이행,건조,맑음,단일로 - 기타,화물,남,46세,상해없음,승용,여,37세,경상
2021052100100204,2021년 5월 21일 12시,금요일,울산광역시 북구 명촌동,경상사고,0,0,1,0,차대차 - 측면충돌,안전거리미확보,건조,맑음,단일로 - 기타,화물,남,61세,상해없음,승용,남,40세,경상
2021052100100281,2021년 5월 21일 14시,금요일,울산광역시 중구 남외동,경상사고,0,0,1,0,차대차 - 측면충돌,안전운전불이행,건조,맑음,교차로 - 교차로안,승용,남,47세,상해없음,승용,여,29세,경상
2021052100100282,2021년 5월 21일 14시,금요일,울산광역시 북구 호계동,경상사고,0,0,1,0,차대사람 - 보도통행중,안전운전불이행,건조,맑음,단일로 - 기타,승합,남,64세,상해없음,보행자,여,73세,경상
2021052100100331,2021년 5월 21일 15시,금요일,울산광역시 동구 동부동,경상사고,0,0,2,0,차대차 - 측면충돌,중앙선침범,건조,맑음,단일로 - 기타,승용,남,29세,상해없음,승용,남,48세,경상
2021052100100332,2021년 5월 21일 15시,금요일,울산광역시 북구 신천동,경상사고,0,0,1,0,차대차 - 추돌,안전거리미확보,건조,맑음,단일로 - 기타,승용,여,39세,상해없음,승용,여,39세,경상
2021052100100363,2021년 5월 21일 16시,금요일,울산광역시 남구 신정동,경상사고,0,0,2,0,차대차 - 측면충돌,안전운전불이행,건조,맑음,교차로 - 교차로안,승용,여,45세,상해없음,승용,남,25세,경상
2021052100100461,2021년 5월 21일 18시,금요일,울산광역시 남구 삼산동,중상사고,0,1,0,0,차대차 - 측면충돌,기타,건조,흐림,교차로 - 교차로부근,승용,여,33세,상해없음,이륜,남,22세,중상
2021052100100583,2021년 5월 21일 22시,금요일,울산광역시 중구 남외동,중상사고,0,1,0,0,차대차 - 기타,교차로운행방법위반,젖음/습기,비,교차로 - 교차로부근,화물,남,56세,상해없음,이륜,남,33세,중상
2021052200100023,2021년 5월 22일 01시,토요일,울산광역시 남구 달동,부상신고사고,0,0,0,1,차대사람 - 차도통행중,안전운전불이행,건조,맑음,단일로 - 기타,승용,여,47세,상해없음,보행자,남,32세,부상신고
2021052200100057,2021년 5월 22일 06시,토요일,울산광역시 중구 성남동,중상사고,0,1,0,0,차대차 - 측면충돌,안전운전불이행,건조,맑음,교차로 - 교차로부근,화물,남,58세,상해없음,자전거,여,73세,중상
2021052200100087,2021년 5월 22일 08시,토요일,울산광역시 울주군 온양읍,경상사고,0,0,1,0,차대차 - 기타,기타,건조,맑음,단일로 - 기타,승용,여,72세,상해없음,자전거,남,43세,상해없음
2021052200100110,2021년 5월 22일 09시,토요일,울산광역시 남구 무거동,중상사고,0,1,0,0,차대차 - 측면충돌,안전거리미확보,건조,맑음,교차로 - 교차로안,승용,남,22세,상해없음,승용,남,23세,중상
2021052200100217,2021년 5월 22일 12시,토요일,울산광역시 중구 교동,중상사고,0,1,0,0,차대사람 - 횡단중,보행자보호의무위반,건조,맑음,교차로 - 교차로안,이륜,남,27세,상해없음,보행자,여,72세,중상
2021052200100218,2021년 5월 22일 12시,토요일,울산광역시 남구 달동,중상사고,0,1,0,0,차대차 - 측면충돌,안전거리미확보,건조,맑음,단일로 - 기타,승용,남,26세,상해없음,이륜,남,55세,중상
2021052200100259,2021년 5월 22일 13시,토요일,울산광역시 남구 선암동,부상신고사고,0,0,0,1,차량단독 - 전도전복 - 전도,안전운전불이행,건조,맑음,단일로 - 기타,이륜,남,42세,부상신고,,,,
2021052200100260,2021년 5월 22일 13시,토요일,울산광역시 울주군 언양읍,경상사고,0,0,4,0,차대차 - 추돌,안전운전불이행,건조,맑음,단일로 - 교량,화물,남,60세,상해없음,승용,여,39세,경상
2021052200100261,2021년 5월 22일 13시,토요일,울산광역시 북구 호계동,경상사고,0,0,1,0,차대사람 - 횡단중,신호위반,건조,맑음,교차로 - 교차로횡단보도내,승용,남,23세,상해없음,보행자,남,15세,경상
2021052200100314,2021년 5월 22일 14시,토요일,울산광역시 동구 서부동,중상사고,0,1,0,0,차대차 - 추돌,안전운전불이행,건조,맑음,주차장 - 주차장,승용,여,62세,중상,승용,남,38세,기타불명
2021052200100360,2021년 5월 22일 15시,토요일,울산광역시 울주군 두서면,사망사고,1,0,0,0,차대차 - 측면충돌,안전운전불이행,건조,맑음,교차로 - 교차로안,승용,남,71세,상해없음,이륜,남,31세,사망
2021052200100402,2021년 5월 22일 16시,토요일,울산광역시 중구 태화동,경상사고,0,0,3,0,차대차 - 기타,안전운전불이행,건조,맑음,교차로 - 교차로안,승용,남,58세,상해없음,화물,여,59세,경상
2021052200100490,2021년 5월 22일 18시,토요일,울산광역시 북구 신천동,중상사고,0,1,0,0,차대차 - 측면충돌,중앙선침범,건조,맑음,단일로 - 기타,승용,남,59세,상해없음,이륜,남,37세,중상
2021052200100518,2021년 5월 22일 19시,토요일,울산광역시 북구 매곡동,경상사고,0,0,1,0,차대차 - 측면충돌,안전운전불이행,건조,맑음,단일로 - 기타,승용,남,56세,상해없음,이륜,남,34세,경상
2021052200100592,2021년 5월 22일 22시,토요일,울산광역시 북구 양정동,경상사고,0,0,1,0,차대차 - 정면충돌,신호위반,건조,맑음,교차로 - 교차로안,이륜,남,17세,경상,승용,남,28세,상해없음
2021052300100032,2021년 5월 23일 05시,일요일,울산광역시 남구 상개동,경상사고,0,0,2,0,차대차 - 추돌,안전운전불이행,건조,맑음,단일로 - 기타,승용,남,21세,상해없음,승용,여,21세,경상
2021052300100086,2021년 5월 23일 10시,일요일,울산광역시 울주군 범서읍,중상사고,0,1,0,0,차대차 - 측면충돌,신호위반,건조,맑음,교차로 - 교차로안,승용,여,43세,상해없음,승용,여,54세,중상
2021052300100111,2021년 5월 23일 11시,일요일,울산광역시 남구 무거동,경상사고,0,0,2,0,차대차 - 추돌,안전운전불이행,건조,맑음,교차로 - 교차로부근,승용,남,49세,상해없음,승용,남,24세,경상
2021052300100177,2021년 5월 23일 13시,일요일,울산광역시 중구 반구동,경상사고,0,0,3,0,차대차 - 측면충돌,안전거리미확보,건조,맑음,단일로 - 기타,승용,남,63세,상해없음,승용,여,28세,경상
2021052300100210,2021년 5월 23일 14시,일요일,울산광역시 남구 신정동,경상사고,0,0,2,0,차대차 - 측면충돌,안전운전불이행,건조,맑음,교차로 - 교차로안,승용,남,65세,상해없음,승용,남,34세,경상
2021052300100211,2021년 5월 23일 14시,일요일,울산광역시 동구 서부동,경상사고,0,0,1,0,차대차 - 기타,안전운전불이행,건조,맑음,교차로 - 교차로부근,이륜,남,40세,경상,승용,남,29세,상해없음
2021052300100374,2021년 5월 23일 20시,일요일,울산광역시 남구 삼산동,부상신고사고,0,0,0,1,차대차 - 정면충돌,신호위반,건조,맑음,교차로 - 교차로안,이륜,남,21세,상해없음,승용,남,20세,부상신고
2021052300100375,2021년 5월 23일 20시,일요일,울산광역시 북구 천곡동,경상사고,0,0,1,0,차대차 - 후진중충돌,불법유턴,건조,맑음,단일로 - 기타,승용,남,54세,상해없음,이륜,남,52세,경상
2021052300100376,2021년 5월 23일 20시,일요일,울산광역시 북구 염포동,경상사고,0,0,1,0,차대차 - 측면충돌,신호위반,건조,맑음,교차로 - 교차로안,승용,남,60세,상해없음,승용,남,24세,경상
2021052300100395,2021년 5월 23일 21시,일요일,울산광역시 중구 남외동,경상사고,0,0,2,1,차대차 - 정면충돌,신호위반,건조,맑음,교차로 - 교차로안,승용,남,60세,부상신고,승용,여,56세,경상
2021052300100396,2021년 5월 23일 21시,일요일,울산광역시 남구 야음동,경상사고,0,0,1,0,차대사람 - 기타,안전운전불이행,건조,맑음,주차장 - 주차장,승용,남,38세,상해없음,보행자,남,22세,경상
2021052400100014,2021년 5월 24일 05시,월요일,울산광역시 울주군 청량읍,경상사고,0,0,1,0,차대사람 - 기타,안전운전불이행,건조,맑음,단일로 - 기타,승용,남,63세,상해없음,보행자,남,38세,경상
2021052400100153,2021년 5월 24일 10시,월요일,울산광역시 북구 진장동,경상사고,0,0,2,0,차대차 - 측면충돌,안전운전불이행,건조,맑음,단일로 - 기타,이륜,남,42세,경상,개인형이동수단(PM),남,72세,경상
2021052400100214,2021년 5월 24일 12시,월요일,울산광역시 중구 교동,경상사고,0,0,2,0,차대차 - 측면충돌,교차로운행방법위반,건조,맑음,교차로 - 교차로안,승용,남,53세,상해없음,승용,여,36세,경상
2021052400100418,2021년 5월 24일 17시,월요일,울산광역시 남구 달동,중상사고,0,1,0,0,차대차 - 측면충돌,안전운전불이행,건조,맑음,교차로 - 교차로부근,이륜,남,47세,상해없음,이륜,남,55세,중상
2021052400100512,2021년 5월 24일 20시,월요일,울산광역시 중구 옥교동,사망사고,1,0,0,0,차대차 - 측면충돌,안전운전불이행,건조,맑음,교차로 - 교차로안,승용,여,63세,상해없음,자전거,남,50세,사망
2021052500100073,2021년 5월 25일 07시,화요일,울산광역시 울주군 언양읍,중상사고,0,1,1,0,차대차 - 측면충돌,신호위반,건조,맑음,교차로 - 교차로안,승용,남,64세,중상,승용,남,45세,경상
2021052500100280,2021년 5월 25일 13시,화요일,울산광역시 남구 신정동,경상사고,0,0,1,0,차대차 - 측면충돌,안전거리미확보,건조,맑음,교차로 - 교차로안,화물,남,38세,상해없음,승용,남,59세,경상
2021052500100450,2021년 5월 25일 17시,화요일,울산광역시 남구 신정동,경상사고,0,0,1,0,차대차 - 측면충돌,안전거리미확보,건조,맑음,교차로 - 교차로안,승용,남,45세,상해없음,승용,남,75세,경상
2021052500100451,2021년 5월 25일 17시,화요일,울산광역시 남구 무거동,경상사고,0,0,1,0,차대차 - 추돌,안전운전불이행,건조,맑음,교차로 - 교차로안,승용,남,71세,상해없음,이륜,남,27세,경상
2021052500100452,2021년 5월 25일 17시,화요일,울산광역시 남구 옥동,경상사고,0,0,1,0,차대차 - 측면충돌,안전거리미확보,건조,맑음,교차로 - 교차로부근,승용,여,26세,상해없음,승용,남,34세,경상
2021052500100546,2021년 5월 25일 20시,화요일,울산광역시 중구 다운동,경상사고,0,0,1,0,차대차 - 측면충돌,안전운전불이행,건조,맑음,교차로 - 교차로안,승용,남,47세,상해없음,이륜,남,20세,경상
2021052600100009,2021년 5월 26일 00시,수요일,울산광역시 남구 삼산동,경상사고,0,0,1,0,차대차 - 추돌,교차로운행방법위반,건조,맑음,교차로 - 교차로부근,기타불명,기타불명,미분류,기타불명,원동기,남,51세,경상
2021052600100010,2021년 5월 26일 00시,수요일,울산광역시 북구 상안동,중상사고,0,1,0,0,차량단독 - 공작물충돌,기타,건조,맑음,교차로 - 교차로안,승용,남,29세,상해없음,,,,
2021052600100022,2021년 5월 26일 02시,수요일,울산광역시 중구 성남동,경상사고,0,0,1,0,차대차 - 후진중충돌,안전운전불이행,건조,맑음,교차로 - 교차로안,승용,남,37세,상해없음,승용,남,61세,경상
2021052600100027,2021년 5월 26일 03시,수요일,울산광역시 울주군 범서읍,경상사고,0,0,1,0,차량단독 - 공작물충돌,안전운전불이행,건조,맑음,단일로 - 기타,승용,남,24세,경상,,,,
2021052600100174,2021년 5월 26일 11시,수요일,울산광역시 울주군 삼남읍,경상사고,0,0,1,0,차대차 - 추돌,안전거리미확보,건조,맑음,단일로 - 기타,승용,여,31세,상해없음,승용,여,68세,경상
2021052600100221,2021년 5월 26일 12시,수요일,울산광역시 중구 남외동,경상사고,0,0,1,0,차대차 - 측면충돌,신호위반,건조,맑음,교차로 - 교차로안,화물,남,48세,상해없음,승합,남,56세,경상
2021052600100247,2021년 5월 26일 13시,수요일,울산광역시 북구 호계동,중상사고,0,1,0,0,차대사람 - 차도통행중,안전운전불이행,건조,맑음,단일로 - 기타,승용,남,58세,상해없음,보행자,여,74세,중상
2021052600100310,2021년 5월 26일 15시,수요일,울산광역시 중구 북정동,중상사고,0,1,0,0,차대사람 - 보도통행중,안전운전불이행,건조,맑음,단일로 - 기타,이륜,남,19세,상해없음,보행자,남,38세,중상
2021052600100311,2021년 5월 26일 15시,수요일,울산광역시 남구 무거동,경상사고,0,0,3,0,차대차 - 측면충돌,교차로운행방법위반,건조,맑음,교차로 - 교차로안,승용,여,24세,상해없음,승용,여,19세,경상