사고번호,사고일시,요일,시군구,사고내용,사망자수,중상자수,경상자수,부상신고자수,사고유형,법규위반,노면상태,기상상태,도로형태,가해운전자 차종,가해운전자 성별,가해운전자 연령,가해운전자 상해정도,피해운전자 차종,피해운전자 성별,피해운전자 연령,피해운전자 상해정도
2021052600100344,2021년 5월 26일 16시,수요일,울산광역시 동구 전하동,중상사고,0,1,0,0,차대차 - 측면충돌,직진우회전진행방해,건조,맑음,교차로 - 교차로안,승용,남,29세,상해없음,이륜,남,68세,중상
2021052600100345,2021년 5월 26일 16시,수요일,울산광역시 울주군 범서읍,경상사고,0,0,1,0,차대차 - 측면충돌,중앙선침범,건조,맑음,교차로 - 교차로횡단보도내,자전거,남,10세,경상,화물,남,39세,상해없음
2021052600100394,2021년 5월 26일 17시,수요일,울산광역시 북구 화봉동,경상사고,0,0,1,0,차대차 - 측면충돌,신호위반,건조,맑음,단일로 - 기타,화물,남,70세,상해없음,이륜,남,25세,경상
2021052600100493,2021년 5월 26일 20시,수요일,울산광역시 남구 달동,경상사고,0,0,1,0,차대차 - 측면충돌,교차로운행방법위반,건조,맑음,교차로 - 교차로부근,이륜,남,25세,상해없음,이륜,남,46세,경상
2021052600100516,2021년 5월 26일 21시,수요일,울산광역시 남구 무거동,경상사고,0,0,2,0,차대차 - 추돌,안전운전불이행,건조,맑음,교차로 - 교차로안,승용,남,28세,상해없음,승합,남,50세,경상
2021052600100517,2021년 5월 26일 21시,수요일,울산광역시 남구 삼산동,경상사고,0,0,1,0,차대차 - 측면충돌,안전거리미확보,건조,맑음,교차로 - 교차로부근,승용,여,23세,상해없음,승용,여,43세,경상
2021052600100518,2021년 5월 26일 21시,수요일,울산광역시 울주군 삼남읍,경상사고,0,0,1,0,차대차 - 측면충돌,중앙선침범,건조,맑음,단일로 - 지하차도(도로)내,승용,여,42세,상해없음,화물,남,63세,경상
2021052700100012,2021년 5월 27일 00시,목요일,울산광역시 동구 전하동,중상사고,0,1,0,0,차대차 - 정면충돌,중앙선침범,건조,맑음,교차로 - 교차로부근,승용,남,24세,상해없음,승용,여,39세,중상
2021052700100046,2021년 5월 27일 06시,목요일,울산광역시 북구 염포동,중상사고,0,1,0,0,차대차 - 측면충돌,신호위반,건조,맑음,교차로 - 교차로안,승용,남,60세,상해없음,이륜,남,39세,중상
2021052700100165,2021년 5월 27일 10시,목요일,울산광역시 동구 화정동,중상사고,0,1,0,0,차대차 - 측면충돌,안전운전불이행,건조,맑음,교차로 - 교차로횡단보도내,승용,남,66세,상해없음,자전거,남,72세,중상
2021052700100193,2021년 5월 27일 11시,목요일,울산광역시 남구 상개동,사망사고,1,0,0,0,차대차 - 측면충돌,신호위반,건조,맑음,교차로 - 교차로안,승용,여,67세,상해없음,이륜,남,61세,사망
2021052700100405,2021년 5월 27일 17시,목요일,울산광역시 중구 성남동,경상사고,0,0,1,0,차량단독 - 전도전복 - 전도,안전운전불이행,건조,맑음,교차로 - 교차로부근,이륜,남,18세,경상,,,,
2021052700100518,2021년 5월 27일 20시,목요일,울산광역시 동구 동부동,경상사고,0,0,2,0,차대차 - 추돌,안전운전불이행,건조,맑음,단일로 - 기타,이륜,남,56세,상해없음,승용,남,43세,경상
2021052700100544,2021년 5월 27일 21시,목요일,울산광역시 남구 야음동,경상사고,0,0,1,0,차대사람 - 차도통행중,안전운전불이행,건조,맑음,교차로 - 교차로부근,승용,여,40세,상해없음,보행자,남,35세,경상
2021052700100565,2021년 5월 27일 22시,목요일,울산광역시 남구 신정동,중상사고,0,1,2,0,차대차 - 추돌,안전운전불이행,건조,맑음,교차로 - 교차로부근,승용,남,51세,상해없음,승용,여,59세,경상
2021052800100027,2021년 5월 28일 03시,금요일,울산광역시 중구 교동,중상사고,0,1,0,0,차대사람 - 기타,보행자보호의무위반,건조,흐림,교차로 - 교차로횡단보도내,승용,남,77세,상해없음,보행자,여,61세,중상
2021052800100081,2021년 5월 28일 07시,금요일,울산광역시 동구 일산동,경상사고,0,0,1,0,차대차 - 측면충돌,안전운전불이행,건조,맑음,단일로 - 기타,화물,남,49세,상해없음,이륜,남,60세,경상
2021052800100082,2021년 5월 28일 07시,금요일,울산광역시 울주군 온산읍,경상사고,0,0,1,0,차대차 - 추돌,안전거리미확보,건조,맑음,단일로 - 기타,화물,남,58세,상해없음,승용,남,36세,경상
2021052800100234,2021년 5월 28일 12시,금요일,울산광역시 남구 삼산동,경상사고,0,0,1,0,차대차 - 추돌,안전거리미확보,건조,맑음,단일로 - 기타,이륜,남,38세,상해없음,승용,여,40세,경상
2021052800100235,2021년 5월 28일 12시,금요일,울산광역시 울주군 범서읍,경상사고,0,0,1,0,차대차 - 측면충돌,안전운전불이행,건조,맑음,단일로 - 기타,화물,남,62세,상해없음,승용,남,33세,경상
2021052800100319,2021년 5월 28일 14시,금요일,울산광역시 남구 달동,중상사고,0,1,0,0,차대차 - 측면충돌,안전운전불이행,건조,맑음,단일로 - 기타,승용,남,60세,상해없음,이륜,남,43세,중상
2021052800100387,2021년 5월 28일 16시,금요일,울산광역시 남구 달동,부상신고사고,0,0,0,1,차대차 - 추돌,안전거리미확보,건조,맑음,단일로 - 기타,승용,남,51세,상해없음,승용,여,40세,부상신고
2021052800100486,2021년 5월 28일 18시,금요일,울산광역시 울주군 언양읍,경상사고,0,0,1,0,차대차 - 측면충돌,직진우회전진행방해,건조,맑음,교차로 - 교차로안,승용,여,46세,상해없음,승용,여,30세,경상
2021052800100583,2021년 5월 28일 21시,금요일,울산광역시 중구 성남동,경상사고,0,0,1,0,차대차 - 측면충돌,안전운전불이행,건조,맑음,교차로 - 교차로부근,승용,남,53세,상해없음,승용,여,25세,경상
2021052800100605,2021년 5월 28일 22시,금요일,울산광역시 중구 복산동,부상신고사고,0,0,0,1,차대차 - 측면충돌,안전운전불이행,건조,맑음,단일로 - 기타,이륜,남,16세,부상신고,승합,남,63세,상해없음
2021052900100227,2021년 5월 29일 12시,토요일,울산광역시 남구 달동,경상사고,0,0,1,0,차대차 - 추돌,안전거리미확보,건조,맑음,교차로 - 교차로부근,승용,남,71세,상해없음,승용,남,58세,경상
2021052900100266,2021년 5월 29일 13시,토요일,울산광역시 중구 태화동,경상사고,0,0,2,0,차대차 - 기타,신호위반,건조,맑음,교차로 - 교차로안,승용,남,33세,상해없음,승합,남,46세,경상
2021052900100337,2021년 5월 29일 15시,토요일,울산광역시 남구 달동,중상사고,0,1,0,0,차대차 - 측면충돌,교차로운행방법위반,건조,맑음,교차로 - 교차로안,이륜,남,37세,중상,승용,남,51세,상해없음
2021052900100414,2021년 5월 29일 17시,토요일,울산광역시 남구 무거동,중상사고,0,1,0,0,차대차 - 측면충돌,기타,건조,맑음,단일로 - 기타,승용,남,69세,상해없음,이륜,남,34세,중상
2021052900100444,2021년 5월 29일 18시,토요일,울산광역시 남구 삼산동,경상사고,0,0,1,0,차대사람 - 차도통행중,안전운전불이행,건조,맑음,기타 - 기타,승용,남,32세,상해없음,보행자,여,24세,경상
2021052900100478,2021년 5월 29일 19시,토요일,울산광역시 동구 방어동,경상사고,0,0,3,0,차대차 - 정면충돌,신호위반,건조,맑음,교차로 - 교차로안,승용,남,66세,상해없음,승용,남,64세,경상
2021052900100534,2021년 5월 29일 21시,토요일,울산광역시 중구 반구동,경상사고,0,0,2,0,차대차 - 측면충돌,안전운전불이행,건조,맑음,단일로 - 기타,승용,여,59세,상해없음,승용,남,36세,경상
2021052900100535,2021년 5월 29일 21시,토요일,울산광역시 북구 호계동,경상사고,0,0,1,0,차대차 - 추돌,안전운전불이행,건조,맑음,단일로 - 기타,승용,남,59세,상해없음,승용,남,48세,경상
2021053000100070,2021년 5월 30일 09시,일요일,울산광역시 남구 옥동,경상사고,0,0,1,0,차대차 - 추돌,안전운전불이행,건조,맑음,교차로 - 교차로부근,승용,남,55세,상해없음,승용,남,29세,경상
2021053000100187,2021년 5월 30일 13시,일요일,울산광역시 울주군 온양읍,경상사고,0,0,1,0,차대차 - 후진중충돌,안전운전불이행,건조,맑음,교차로 - 교차로안,승합,남,29세,상해없음,승용,남,47세,경상
2021053000100300,2021년 5월 30일 16시,일요일,울산광역시 남구 신정동,경상사고,0,0,3,0,차대차 - 추돌,안전운전불이행,건조,맑음,단일로 - 기타,승용,여,51세,상해없음,승용,여,28세,경상
2021053000100301,2021년 5월 30일 16시,일요일,울산광역시 남구 무거동,경상사고,0,0,1,0,차대차 - 측면충돌,안전거리미확보,건조,맑음,교차로 - 교차로안,승용,여,27세,상해없음,승용,여,23세,경상
2021053000100481,2021년 5월 30일 22시,일요일,울산광역시 남구 달동,중상사고,0,1,0,0,차대사람 - 기타,안전운전불이행,건조,맑음,교차로 - 교차로안,승용,남,23세,상해없음,보행자,남,46세,중상
2021053000100482,2021년 5월 30일 22시,일요일,울산광역시 북구 염포동,중상사고,0,1,0,0,차대사람 - 기타,안전운전불이행,건조,맑음,단일로 - 기타,승용,남,45세,상해없음,보행자,여,61세,중상
2021053100100023,2021년 5월 31일 05시,월요일,울산광역시 북구 연암동,중상사고,0,1,0,0,차대차 - 측면충돌,안전운전불이행,젖음/습기,비,단일로 - 기타,승용,남,32세,상해없음,자전거,남,58세,중상
2021053100100036,2021년 5월 31일 06시,월요일,울산광역시 북구 양정동,중상사고,0,1,0,0,차대사람 - 횡단중,안전운전불이행,건조,맑음,단일로 - 기타,이륜,남,33세,상해없음,보행자,남,27세,중상
2021053100100085,2021년 5월 31일 08시,월요일,울산광역시 남구 달동,경상사고,0,0,1,0,차대사람 - 보도통행중,기타,건조,맑음,교차로 - 교차로안,승용,남,30세,상해없음,보행자,남,29세,경상
2021053100100120,2021년 5월 31일 09시,월요일,울산광역시 울주군 삼남읍,경상사고,0,0,2,0,차대차 - 측면충돌,신호위반,건조,맑음,교차로 - 교차로안,승용,남,67세,상해없음,화물,남,46세,경상
2021053100100147,2021년 5월 31일 10시,월요일,울산광역시 남구 신정동,경상사고,0,0,2,0,차대차 - 측면충돌,신호위반,건조,맑음,교차로 - 교차로안,화물,남,59세,상해없음,승용,남,62세,경상
2021053100100266,2021년 5월 31일 14시,월요일,울산광역시 북구 연암동,경상사고,0,0,1,0,차대차 - 측면충돌,신호위반,건조,맑음,단일로 - 기타,승용,남,75세,상해없음,이륜,남,56세,경상
2021053100100306,2021년 5월 31일 15시,월요일,울산광역시 중구 반구동,부상신고사고,0,0,0,1,차대차 - 측면충돌,안전운전불이행,건조,맑음,교차로 - 교차로안,자전거,여,60세,부상신고,승용,남,66세,기타불명
2021053100100395,2021년 5월 31일 17시,월요일,울산광역시 북구 호계동,경상사고,0,0,1,0,차대차 - 측면충돌,안전운전불이행,건조,맑음,교차로 - 교차로안,자전거,남,16세,경상,승용,남,30세,상해없음
2021053100100431,2021년 5월 31일 18시,월요일,울산광역시 중구 학성동,중상사고,0,1,0,0,차대사람 - 횡단중,보행자보호의무위반,건조,맑음,단일로 - 기타,화물,남,52세,상해없음,보행자,남,74세,중상
2021053100100432,2021년 5월 31일 18시,월요일,울산광역시 울주군 청량읍,부상신고사고,0,0,0,2,차량단독 - 공작물충돌,안전운전불이행,건조,맑음,교차로 - 교차로부근,원동기,남,16세,부상신고,,,,
2021053100100433,2021년 5월 31일 18시,월요일,울산광역시 울주군 청량읍,중상사고,0,1,1,0,차대차 - 추돌,안전운전불이행,건조,맑음,단일로 - 기타,승용,남,51세,상해없음,이륜,남,83세,경상
2021053100100463,2021년 5월 31일 19시,월요일,울산광역시 울주군 웅촌면,경상사고,0,0,1,0,차대차 - 추돌,안전운전불이행,건조,맑음,단일로 - 기타,승용,남,70세,상해없음,승용,남,42세,상해없음
2021053100100516,2021년 5월 31일 21시,월요일,울산광역시 울주군 언양읍,중상사고,0,1,0,0,차대사람 - 횡단중,보행자보호의무위반,건조,맑음,교차로 - 교차로안,특수,남,26세,상해없음,보행자,남,65세,중상
2021053100100533,2021년 5월 31일 22시,월요일,울산광역시 중구 북정동,부상신고사고,0,0,0,1,차량단독 - 공작물충돌,안전운전불이행,건조,맑음,교차로 - 교차로안,승용,여,61세,부상신고,,,,
2021060100100075,2021년 6월 1일 07시,화요일,울산광역시 울주군 범서읍,중상사고,0,1,0,0,차대차 - 추돌,안전운전불이행,건조,맑음,단일로 - 기타,화물,남,48세,상해없음,화물,남,46세,중상
2021060100100118,2021년 6월 1일 08시,화요일,울산광역시 중구 유곡동,경상사고,0,0,1,0,차대차 - 추돌,안전운전불이행,건조,맑음,단일로 - 기타,승용,남,32세,상해없음,특수,남,52세,경상
2021060100100358,2021년 6월 1일 15시,화요일,울산광역시 중구 성안동,경상사고,0,0,1,0,차대차 - 추돌,안전운전불이행,건조,맑음,교차로 - 교차로부근,승용,여,23세,상해없음,승용,여,44세,경상
2021060100100408,2021년 6월 1일 16시,화요일,울산광역시 동구 전하동,경상사고,0,0,1,0,차대사람 - 차도통행중,안전운전불이행,건조,맑음,단일로 - 기타,승용,남,67세,상해없음,보행자,여,56세,경상
2021060100100530,2021년 6월 1일 19시,화요일,울산광역시 동구 방어동,경상사고,0,0,1,0,차대차 - 추돌,안전거리미확보,젖음/습기,흐림,단일로 - 기타,승용,남,62세,상해없음,이륜,남,24세,경상
2021060100100624,2021년 6월 1일 23시,화요일,울산광역시 중구 태화동,경상사고,0,0,3,0,차대차 - 측면충돌,안전운전불이행,건조,맑음,교차로 - 교차로안,승용,남,20세,상해없음,승용,남,60세,경상
2021060200100063,2021년 6월 2일 07시,수요일,울산광역시 남구 야음동,경상사고,0,0,1,0,차대차 - 측면충돌,안전거리미확보,건조,맑음,단일로 - 기타,승용,남,69세,상해없음,이륜,남,40세,경상
2021060200100137,2021년 6월 2일 09시,수요일,울산광역시 울주군 범서읍,경상사고,0,0,2,0,차대차 - 추돌,안전운전불이행,건조,맑음,단일로 - 기타,화물,남,48세,상해없음,승용,남,57세,경상
2021060200100169,2021년 6월 2일 10시,수요일,울산광역시 남구 신정동,중상사고,0,1,0,0,차대차 - 추돌,안전운전불이행,건조,맑음,교차로 - 교차로부근,승용,여,35세,상해없음,승용,남,58세,중상
2021060200100209,2021년 6월 2일 11시,수요일,울산광역시 중구 성남동,중상사고,0,1,0,0,차량단독 - 기타,안전운전불이행,건조,맑음,단일로 - 기타,승합,남,57세,상해없음,,,,
2021060200100240,2021년 6월 2일 12시,수요일,울산광역시 북구 신천동,경상사고,0,0,2,0,차대차 - 측면충돌,안전운전불이행,건조,맑음,단일로 - 기타,승용,여,35세,상해없음,승용,여,44세,경상
2021060200100309,2021년 6월 2일 14시,수요일,울산광역시 남구 무거동,경상사고,0,0,1,0,차대사람 - 기타,안전운전불이행,건조,맑음,교차로 - 교차로부근,승용,남,45세,상해없음,보행자,여,22세,경상
2021060200100310,2021년 6월 2일 14시,수요일,울산광역시 남구 삼산동,경상사고,0,0,2,0,차대차 - 측면충돌,안전운전불이행,건조,맑음,단일로 - 기타,승용,남,41세,상해없음,승용,여,29세,경상
2021060200100311,2021년 6월 2일 14시,수요일,울산광역시 울주군 언양읍,경상사고,0,0,1,0,차대사람 - 기타,안전운전불이행,건조,맑음,단일로 - 지하차도(도로)내,승합,남,39세,상해없음,보행자,여,77세,경상
2021060200100382,2021년 6월 2일 16시,수요일,울산광역시 북구 염포동,경상사고,0,0,1,0,차대차 - 추돌,안전운전불이행,건조,맑음,교차로 - 교차로부근,승용,남,25세,경상,승용,여,41세,상해없음
2021060200100437,2021년 6월 2일 17시,수요일,울산광역시 중구 태화동,중상사고,0,1,2,0,차대차 - 추돌,안전운전불이행,건조,맑음,교차로 - 교차로부근,이륜,남,50세,중상,화물,남,20세,경상
2021060200100438,2021년 6월 2일 17시,수요일,울산광역시 북구 산하동,경상사고,0,0,1,1,차대차 - 측면충돌,안전거리미확보,건조,맑음,단일로 - 기타,승용,남,25세,부상신고,승용,여,57세,경상
2021060200100493,2021년 6월 2일 18시,수요일,울산광역시 남구 신정동,중상사고,0,2,0,0,차대차 - 측면충돌,안전거리미확보,건조,맑음,교차로 - 교차로안,승용,남,56세,상해없음,승합,남,42세,중상
2021060200100608,2021년 6월 2일 22시,수요일,울산광역시 남구 신정동,경상사고,0,0,1,0,차대차 - 측면충돌,안전운전불이행,젖음/습기,흐림,교차로 - 교차로부근,이륜,남,40세,경상,승용,남,54세,상해없음
2021060300100008,2021년 6월 3일 00시,목요일,울산광역시 동구 방어동,중상사고,0,1,0,0,차대차 - 측면충돌,중앙선침범,건조,맑음,단일로 - 터널,승용,남,24세,상해없음,승용,남,55세,중상
2021060300100038,2021년 6월 3일 05시,목요일,울산광역시 울주군 온산읍,경상사고,0,0,1,0,차대차 - 측면충돌,교차로운행방법위반,건조,맑음,교차로 - 교차로안,이륜,남,40세,경상,승용,남,59세,기타불명
2021060300100079,2021년 6월 3일 07시,목요일,울산광역시 북구 산하동,중상사고,0,1,0,0,차대차 - 측면충돌,신호위반,건조,맑음,교차로 - 교차로안,승용,남,31세,상해없음,이륜,남,39세,중상
2021060300100116,2021년 6월 3일 08시,목요일,울산광역시 남구 신정동,경상사고,0,0,1,0,차대사람 - 횡단중,안전운전불이행,젖음/습기,비,교차로 - 교차로부근,승용,남,37세,상해없음,보행자,여,25세,경상
2021060300100117,2021년 6월 3일 08시,목요일,울산광역시 북구 화봉동,경상사고,0,0,2,0,차대차 - 추돌,안전거리미확보,젖음/습기,비,단일로 - 기타,승용,남,52세,상해없음,승용,여,72세,경상
2021060300100190,2021년 6월 3일 11시,목요일,울산광역시 동구 동부동,경상사고,0,0,1,0,차대차 - 측면충돌,안전운전불이행,젖음/습기,비,교차로 - 교차로부근,승용,여,36세,상해없음,승용,여,55세,경상
2021060300100256,2021년 6월 3일 13시,목요일,울산광역시 울주군 언양읍,경상사고,0,0,1,0,차대차 - 측면충돌,중앙선침범,건조,맑음,단일로 - 지하차도(도로)내,승용,여,56세,상해없음,승용,남,35세,경상
2021060300100343,2021년 6월 3일 16시,목요일,울산광역시 동구 화정동,경상사고,0,0,2,0,차대차 - 정면충돌,안전운전불이행,젖음/습기,비,단일로 - 기타,승용,남,51세,상해없음,승용,남,64세,경상
2021060300100470,2021년 6월 3일 19시,목요일,울산광역시 남구 신정동,경상사고,0,0,2,0,차대차 - 측면충돌,직진우회전진행방해,젖음/습기,비,교차로 - 교차로안,승용,남,39세,상해없음,승용,남,29세,경상
2021060300100471,2021년 6월 3일 19시,목요일,울산광역시 울주군 서생면,경상사고,0,0,2,0,차대차 - 측면충돌,직진우회전진행방해,젖음/습기,비,교차로 - 교차로안,승용,여,69세,상해없음,승합,남,41세,경상
2021060300100472,2021년 6월 3일 19시,목요일,울산광역시 울주군 온산읍,경상사고,0,0,1,0,차대차 - 추돌,안전운전불이행,건조,맑음,단일로 - 기타,승용,남,34세,상해없음,이륜,남,18세,경상
2021060300100523,2021년 6월 3일 20시,목요일,울산광역시 울주군 언양읍,경상사고,0,0,1,0,차대차 - 측면충돌,안전운전불이행,젖음/습기,비,교차로 - 교차로안,승용,남,64세,상해없음,승용,남,33세,경상
2021060300100572,2021년 6월 3일 21시,목요일,울산광역시 남구 달동,경상사고,0,0,1,0,차대차 - 추돌,안전거리미확보,젖음/습기,비,단일로 - 기타,승용,여,58세,상해없음,이륜,남,28세,경상
2021060300100573,2021년 6월 3일 21시,목요일,울산광역시 남구 무거동,경상사고,0,0,1,0,차대차 - 추돌,안전운전불이행,젖음/습기,비,교차로 - 교차로부근,승용,남,21세,상해없음,승용,여,52세,경상
2021060300100623,2021년 6월 3일 22시,목요일,울산광역시 북구 양정동,경상사고,0,0,2,0,차대차 - 추돌,안전운전불이행,젖음/습기,비,단일로 - 기타,승용,남,44세,상해없음,승합,남,57세,경상
2021060400100072,2021년 6월 4일 07시,금요일,울산광역시 남구 성암동,사망사고,1,0,0,0,차대차 - 추돌,안전운전불이행,젖음/습기,흐림,단일로 - 기타,특수,남,36세,기타불명,이륜,남,54세,사망
2021060400100115,2021년 6월 4일 08시,금요일,울산광역시 울주군 범서읍,경상사고,0,0,1,0,차대사람 - 횡단중,보행자보호의무위반,건조,맑음,교차로 - 교차로횡단보도내,승용,여,56세,상해없음,보행자,남,8세,경상
2021060400100241,2021년 6월 4일 12시,금요일,울산광역시 중구 서동,경상사고,0,0,2,0,차대차 - 추돌,안전운전불이행,건조,맑음,교차로 - 교차로부근,승용,여,48세,상해없음,승용,남,65세,경상
2021060400100278,2021년 6월 4일 13시,금요일,울산광역시 중구 반구동,중상사고,0,1,0,0,차대차 - 측면충돌,중앙선침범,건조,맑음,단일로 - 기타,화물,남,42세,기타불명,자전거,남,77세,중상
2021060400100376,2021년 6월 4일 15시,금요일,울산광역시 남구 달동,중상사고,0,1,1,0,차대차 - 측면충돌,중앙선침범,건조,맑음,단일로 - 기타,승용,여,62세,상해없음,이륜,남,63세,중상
2021060400100377,2021년 6월 4일 15시,금요일,울산광역시 북구 송정동,중상사고,0,1,0,0,차량단독 - 전도전복 - 전도,안전운전불이행,기타,흐림,기타 - 기타,자전거,남,54세,중상,,,,
2021060400100420,2021년 6월 4일 16시,금요일,울산광역시 남구 달동,경상사고,0,0,1,0,차대차 - 측면충돌,안전운전불이행,건조,맑음,단일로 - 기타,화물,남,41세,상해없음,자전거,남,69세,경상
2021060400100421,2021년 6월 4일 16시,금요일,울산광역시 남구 신정동,경상사고,0,0,1,0,차대사람 - 횡단중,보행자보호의무위반,건조,맑음,교차로 - 교차로안,승용,남,69세,상해없음,보행자,여,23세,경상
2021060400100486,2021년 6월 4일 17시,금요일,울산광역시 남구 삼산동,경상사고,0,0,1,0,차대차 - 측면충돌,안전운전불이행,건조,맑음,기타 - 기타,승용,여,48세,기타불명,승용,여,32세,경상
2021060400100487,2021년 6월 4일 17시,금요일,울산광역시 울주군 온산읍,경상사고,0,0,2,0,차대차 - 측면충돌,교차로운행방법위반,건조,맑음,교차로 - 교차로안,승용,여,26세,상해없음,승용,남,52세,경상
2021060400100543,2021년 6월 4일 18시,금요일,울산광역시 남구 신정동,경상사고,0,0,1,0,차대차 - 측면충돌,안전운전불이행,건조,맑음,교차로 - 교차로부근,승용,남,74세,상해없음,이륜,남,52세,경상
2021060400100607,2021년 6월 4일 20시,금요일,울산광역시 울주군 범서읍,경상사고,0,0,1,0,차대차 - 추돌,안전운전불이행,건조,맑음,단일로 - 지하차도(도로)내,승용,여,47세,상해없음,승용,남,49세,경상
2021060400100669,2021년 6월 4일 22시,금요일,울산광역시 남구 삼산동,경상사고,0,0,1,0,차대차 - 추돌,안전운전불이행,건조,맑음,교차로 - 교차로부근,승용,남,40세,상해없음,승용,남,35세,경상
2021060400100692,2021년 6월 4일 23시,금요일,울산광역시 북구 진장동,경상사고,0,0,2,0,차대차 - 추돌,안전운전불이행,건조,맑음,교차로 - 교차로부근,승용,남,27세,상해없음,승용,남,41세,상해없음
2021060500100074,2021년 6월 5일 07시,토요일,울산광역시 울주군 서생면,경상사고,0,0,1,0,차대차 - 측면충돌,교차로운행방법위반,건조,맑음,교차로 - 교차로안,승용,여,49세,상해없음,자전거,남,43세,경상
2021060500100204,2021년 6월 5일 11시,토요일,울산광역시 남구 무거동,경상사고,0,0,1,0,차대차 - 측면충돌,안전운전불이행,건조,맑음,단일로 - 기타,승용,여,27세,상해없음,승용,남,33세,경상
2021060500100354,2021년 6월 5일 14시,토요일,울산광역시 남구 삼산동,경상사고,0,0,1,1,차대차 - 측면충돌,교차로운행방법위반,건조,맑음,교차로 - 교차로안,승용,남,61세,부상신고,승용,남,56세,경상
2021060500100394,2021년 6월 5일 15시,토요일,울산광역시 남구 삼산동,경상사고,0,0,1,3,차대차 - 측면충돌,안전거리미확보,건조,맑음,교차로 - 교차로부근,승용,남,60세,상해없음,승합,남,60세,상해없음
2021060500100395,2021년 6월 5일 15시,토요일,울산광역시 북구 호계동,중상사고,0,1,0,0,차대사람 - 기타,안전운전불이행,건조,맑음,단일로 - 기타,기타불명,기타불명,미분류,기타불명,보행자,여,49세,중상
2021060500100474,2021년 6월 5일 17시,토요일,울산광역시 남구 달동,경상사고,0,0,4,1,차대차 - 정면충돌,신호위반,건조,맑음,교차로 - 교차로안,승용,여,61세,상해없음,승용,남,59세,경상
2021060500100475,2021년 6월 5일 17시,토요일,울산광역시 남구 삼산동,중상사고,0,1,0,0,차대차 - 측면충돌,안전운전불이행,건조,맑음,단일로 - 기타,승용,여,30세,상해없음,자전거,여,29세,중상
2021060500100528,2021년 6월 5일 19시,토요일,울산광역시 동구 화정동,경상사고,0,0,1,0,차대차 - 측면충돌,안전운전불이행,건조,맑음,교차로 - 교차로안,이륜,남,63세,경상,이륜,남,40세,상해없음
2021060500100595,2021년 6월 5일 22시,토요일,울산광역시 울주군 온양읍,경상사고,0,0,1,0,차량단독 - 공작물충돌,안전운전불이행,건조,맑음,단일로 - 기타,승용,남,54세,경상,,,,
2021060600100011,2021년 6월 6일 00시,일요일,울산광역시 울주군 온양읍,중상사고,0,1,2,2,차대차 - 추돌,안전거리미확보,건조,맑음,교차로 - 교차로부근,승용,남,24세,경상,승용,여,60세,중상
2021060600100020,2021년 6월 6일 01시,일요일,울산광역시 중구 성남동,경상사고,0,0,1,0,차대차 - 추돌,안전거리미확보,건조,맑음,단일로 - 기타,이륜,남,21세,경상,승용,남,17세,상해없음
2021060600100027,2021년 6월 6일 02시,일요일,울산광역시 남구 삼산동,경상사고,0,0,1,1,차대차 - 측면충돌,안전거리미확보,건조,맑음,교차로 - 교차로부근,승용,여,51세,부상신고,승용,남,59세,경상
2021060600100052,2021년 6월 6일 06시,일요일,울산광역시 울주군 청량읍,중상사고,0,1,0,0,차량단독 - 공작물충돌,안전운전불이행,건조,맑음,단일로 - 기타,이륜,남,51세,중상,,,,
2021060600100078,2021년 6월 6일 09시,일요일,울산광역시 남구 무거동,경상사고,0,0,2,0,차대차 - 측면충돌,교차로운행방법위반,건조,맑음,교차로 - 교차로안,승용,남,41세,상해없음,승용,남,37세,경상
2021060600100254,2021년 6월 6일 16시,일요일,울산광역시 울주군 청량읍,경상사고,0,0,2,0,차대차 - 추돌,안전운전불이행,건조,맑음,단일로 - 기타,승용,여,46세,상해없음,승용,남,33세,경상
2021060600100353,2021년 6월 6일 18시,일요일,울산광역시 동구 전하동,경상사고,0,0,1,0,차대차 - 측면충돌,안전운전불이행,건조,맑음,교차로 - 교차로안,승용,남,43세,상해없음,승용,남,56세,경상
2021060600100421,2021년 6월 6일 21시,일요일,울산광역시 동구 전하동,경상사고,0,0,2,0,차대사람 - 횡단중,보행자보호의무위반,건조,맑음,교차로 - 교차로횡단보도내,이륜,기타불명,미분류,기타불명,보행자,여,16세,경상
2021060600100435,2021년 6월 6일 22시,일요일,울산광역시 남구 신정동,중상사고,0,2,0,0,차대차 - 추돌,안전운전불이행,건조,맑음,교차로 - 교차로안,승용,남,49세,상해없음,승용,여,26세,중상
2021060600100436,2021년 6월 6일 22시,일요일,울산광역시 동구 방어동,중상사고,0,1,0,0,차대차 - 정면충돌,직진우회전진행방해,건조,맑음,교차로 - 교차로안,승용,여,40세,상해없음,이륜,남,57세,중상
2021060600100437,2021년 6월 6일 22시,일요일,울산광역시 북구 진장동,경상사고,0,0,1,0,차대사람 - 횡단중,안전운전불이행,건조,맑음,단일로 - 교량,이륜,남,28세,경상,보행자,남,49세,상해없음
2021060700100029,2021년 6월 7일 06시,월요일,울산광역시 북구 진장동,경상사고,0,0,2,0,차대차 - 측면충돌,신호위반,건조,맑음,교차로 - 교차로안,승용,여,53세,경상,승합,남,65세,경상
2021060700100194,2021년 6월 7일 11시,월요일,울산광역시 남구 신정동,경상사고,0,0,1,0,차대차 - 추돌,안전거리미확보,건조,맑음,교차로 - 교차로안,승용,남,73세,상해없음,승용,여,46세,경상