사고번호,사고일시,요일,시군구,사고내용,사망자수,중상자수,경상자수,부상신고자수,사고유형,법규위반,노면상태,기상상태,도로형태,가해운전자 차종,가해운전자 성별,가해운전자 연령,가해운전자 상해정도,피해운전자 차종,피해운전자 성별,피해운전자 연령,피해운전자 상해정도
2021061700100109,2021년 6월 17일 08시,목요일,울산광역시 남구 달동,경상사고,0,0,2,0,차대사람 - 횡단중,보행자보호의무위반,건조,맑음,교차로 - 교차로횡단보도내,승용,여,43세,상해없음,보행자,남,53세,경상
2021061700100199,2021년 6월 17일 11시,목요일,울산광역시 남구 삼산동,중상사고,0,1,0,0,차대차 - 측면충돌,안전거리미확보,건조,흐림,단일로 - 기타,승용,여,50세,상해없음,이륜,남,34세,중상
2021061700100270,2021년 6월 17일 13시,목요일,울산광역시 남구 삼산동,경상사고,0,0,1,0,차대사람 - 보도통행중,안전운전불이행,건조,맑음,기타 - 기타,자전거,남,63세,경상,보행자,여,64세,상해없음
2021061700100303,2021년 6월 17일 14시,목요일,울산광역시 동구 일산동,중상사고,0,1,0,0,차대차 - 측면충돌,안전운전불이행,건조,맑음,교차로 - 교차로부근,승용,여,55세,상해없음,이륜,남,68세,중상
2021061700100331,2021년 6월 17일 15시,목요일,울산광역시 남구 달동,경상사고,0,0,1,0,차대차 - 측면충돌,직진우회전진행방해,건조,맑음,교차로 - 교차로안,이륜,남,49세,경상,승용,남,41세,상해없음
2021061700100367,2021년 6월 17일 16시,목요일,울산광역시 남구 삼산동,경상사고,0,0,1,0,차대차 - 추돌,안전운전불이행,건조,맑음,기타 - 기타,승용,남,54세,상해없음,자전거,남,9세,경상
2021061700100455,2021년 6월 17일 18시,목요일,울산광역시 중구 우정동,중상사고,0,1,0,0,차대사람 - 횡단중,보행자보호의무위반,건조,맑음,교차로 - 교차로안,승용,남,78세,상해없음,보행자,여,40세,중상
2021061700100456,2021년 6월 17일 18시,목요일,울산광역시 북구 양정동,경상사고,0,0,1,0,차대사람 - 횡단중,신호위반,건조,맑음,교차로 - 교차로안,승용,남,33세,상해없음,보행자,여,21세,경상
2021061700100577,2021년 6월 17일 23시,목요일,울산광역시 북구 명촌동,부상신고사고,0,0,0,1,차대차 - 측면충돌,안전운전불이행,젖음/습기,비,단일로 - 기타,승용,여,50세,부상신고,승용,여,44세,기타불명
2021061800100008,2021년 6월 18일 00시,금요일,울산광역시 중구 서동,경상사고,0,0,1,0,차대차 - 추돌,안전운전불이행,젖음/습기,비,단일로 - 기타,승용,남,50세,상해없음,승용,남,66세,상해없음
2021061800100088,2021년 6월 18일 08시,금요일,울산광역시 북구 연암동,중상사고,0,1,0,0,차대차 - 기타,교차로운행방법위반,건조,맑음,교차로 - 교차로안,승용,남,33세,상해없음,승합,남,61세,상해없음
2021061800100184,2021년 6월 18일 11시,금요일,울산광역시 북구 연암동,중상사고,0,1,0,0,차대차 - 측면충돌,중앙선침범,건조,맑음,교차로 - 교차로안,승용,남,56세,상해없음,자전거,여,58세,중상
2021061800100210,2021년 6월 18일 12시,금요일,울산광역시 울주군 상북면,중상사고,0,1,0,0,차대사람 - 기타,기타,건조,맑음,단일로 - 기타,승용,남,74세,기타불명,보행자,남,48세,중상
2021061800100305,2021년 6월 18일 15시,금요일,울산광역시 울주군 온양읍,경상사고,0,0,1,0,차대사람 - 기타,안전운전불이행,건조,맑음,기타 - 기타,승용,남,56세,상해없음,보행자,여,74세,경상
2021061800100436,2021년 6월 18일 18시,금요일,울산광역시 남구 삼산동,중상사고,0,1,0,0,차대사람 - 횡단중,안전운전불이행,건조,맑음,단일로 - 기타,이륜,남,39세,기타불명,보행자,남,26세,중상
2021061800100590,2021년 6월 18일 23시,금요일,울산광역시 남구 신정동,경상사고,0,0,1,0,차대차 - 측면충돌,안전거리미확보,건조,맑음,교차로 - 교차로안,승용,여,35세,상해없음,승용,남,25세,경상
2021061800100591,2021년 6월 18일 23시,금요일,울산광역시 북구 화봉동,경상사고,0,0,1,0,차량단독 - 기타,안전운전불이행,건조,맑음,단일로 - 기타,승합,남,51세,상해없음,,,,
2021061900100182,2021년 6월 19일 11시,토요일,울산광역시 울주군 두동면,경상사고,0,0,2,0,차대차 - 추돌,안전운전불이행,건조,맑음,단일로 - 기타,승용,남,62세,상해없음,승용,남,33세,경상
2021061900100213,2021년 6월 19일 11시,토요일,울산광역시 중구 성남동,경상사고,0,0,1,0,차대사람 - 횡단중,보행자보호의무위반,건조,맑음,교차로 - 교차로횡단보도내,승용,남,57세,상해없음,보행자,여,76세,경상
2021061900100323,2021년 6월 19일 14시,토요일,울산광역시 중구 태화동,부상신고사고,0,0,0,1,차대차 - 추돌,안전운전불이행,건조,맑음,단일로 - 기타,이륜,남,65세,부상신고,승용,여,61세,상해없음
2021061900100418,2021년 6월 19일 16시,토요일,울산광역시 중구 동동,경상사고,0,0,1,0,차대사람 - 길가장자리구역통행중,안전운전불이행,건조,맑음,교차로 - 교차로부근,승합,남,58세,상해없음,보행자,여,75세,경상
2021061900100474,2021년 6월 19일 17시,토요일,울산광역시 북구 신명동,경상사고,0,0,2,0,차대차 - 기타,안전운전불이행,건조,맑음,교차로 - 교차로안,승용,남,59세,상해없음,이륜,남,41세,경상
2021061900100520,2021년 6월 19일 18시,토요일,울산광역시 중구 옥교동,경상사고,0,0,1,0,차대사람 - 횡단중,신호위반,건조,맑음,교차로 - 교차로횡단보도내,승용,남,26세,상해없음,보행자,여,35세,경상
2021061900100543,2021년 6월 19일 19시,토요일,울산광역시 울주군 온양읍,중상사고,0,1,2,0,차대차 - 정면충돌,안전운전불이행,건조,맑음,단일로 - 기타,승용,남,52세,상해없음,승용,남,45세,중상
2021061900100645,2021년 6월 19일 23시,토요일,울산광역시 남구 달동,중상사고,0,1,1,0,차대차 - 추돌,안전거리미확보,건조,기타,단일로 - 기타,승용,남,31세,상해없음,승용,남,71세,중상
2021062000100013,2021년 6월 20일 00시,일요일,울산광역시 북구 화봉동,사망사고,1,0,0,0,차대차 - 측면충돌,신호위반,건조,맑음,교차로 - 교차로안,개인형이동수단(PM),남,23세,사망,승용,남,45세,상해없음
2021062000100020,2021년 6월 20일 01시,일요일,울산광역시 남구 두왕동,경상사고,0,0,2,0,차대차 - 추돌,안전운전불이행,건조,맑음,교차로 - 교차로부근,승용,남,38세,상해없음,승용,남,38세,경상
2021062000100088,2021년 6월 20일 09시,일요일,울산광역시 북구 명촌동,중상사고,0,1,0,0,차대사람 - 횡단중,보행자보호의무위반,건조,맑음,교차로 - 교차로횡단보도내,승용,여,51세,상해없음,보행자,여,55세,중상
2021062000100108,2021년 6월 20일 10시,일요일,울산광역시 북구 연암동,중상사고,0,1,0,0,차대차 - 측면충돌,신호위반,건조,맑음,교차로 - 교차로안,승용,남,33세,상해없음,자전거,남,73세,중상
2021062000100133,2021년 6월 20일 11시,일요일,울산광역시 남구 달동,경상사고,0,0,1,0,차대차 - 측면충돌,안전거리미확보,건조,맑음,단일로 - 기타,화물,남,43세,상해없음,승용,여,53세,경상
2021062000100207,2021년 6월 20일 13시,일요일,울산광역시 동구 전하동,경상사고,0,0,1,0,차대차 - 측면충돌,직진우회전진행방해,건조,맑음,교차로 - 교차로안,승용,남,53세,기타불명,이륜,남,45세,경상
2021062000100253,2021년 6월 20일 14시,일요일,울산광역시 중구 학성동,경상사고,0,0,2,0,차대차 - 추돌,불법유턴,건조,맑음,단일로 - 기타,화물,남,54세,상해없음,자전거,남,14세,경상
2021062000100288,2021년 6월 20일 15시,일요일,울산광역시 중구 우정동,중상사고,0,1,0,0,차대차 - 측면충돌,교차로운행방법위반,건조,맑음,교차로 - 교차로안,승용,여,36세,상해없음,원동기,남,25세,중상
2021062000100352,2021년 6월 20일 17시,일요일,울산광역시 남구 여천동,부상신고사고,0,0,0,2,차대차 - 추돌,안전거리미확보,건조,맑음,단일로 - 기타,자전거,남,26세,부상신고,자전거,여,59세,부상신고
2021062000100444,2021년 6월 20일 20시,일요일,울산광역시 울주군 범서읍,경상사고,0,0,1,0,차대차 - 측면충돌,안전운전불이행,건조,맑음,교차로 - 교차로부근,이륜,남,54세,경상,이륜,남,59세,상해없음
2021062000100466,2021년 6월 20일 21시,일요일,울산광역시 울주군 언양읍,경상사고,0,0,1,0,차대차 - 측면충돌,안전운전불이행,건조,맑음,단일로 - 기타,승용,남,57세,상해없음,자전거,남,48세,경상
2021062000100481,2021년 6월 20일 22시,일요일,울산광역시 울주군 삼남읍,경상사고,0,0,1,0,차대차 - 측면충돌,직진우회전진행방해,건조,맑음,교차로 - 교차로안,이륜,남,43세,경상,승용,남,18세,상해없음
2021062100100014,2021년 6월 21일 00시,월요일,울산광역시 중구 성남동,중상사고,0,1,0,0,차대차 - 추돌,기타,건조,맑음,단일로 - 기타,승용,남,22세,상해없음,승용,여,52세,중상
2021062100100189,2021년 6월 21일 10시,월요일,울산광역시 울주군 삼동면,경상사고,0,0,1,0,차대차 - 측면충돌,안전운전불이행,건조,맑음,단일로 - 기타,화물,남,19세,상해없음,화물,남,40세,경상
2021062100100326,2021년 6월 21일 14시,월요일,울산광역시 중구 유곡동,경상사고,0,0,1,0,차대차 - 측면충돌,교차로운행방법위반,건조,맑음,교차로 - 교차로안,승용,남,51세,상해없음,이륜,남,24세,경상
2021062100100327,2021년 6월 21일 14시,월요일,울산광역시 동구 방어동,경상사고,0,0,1,0,차대차 - 추돌,안전거리미확보,건조,맑음,단일로 - 기타,승용,여,52세,상해없음,승용,여,49세,경상
2021062100100531,2021년 6월 21일 18시,월요일,울산광역시 동구 방어동,경상사고,0,0,2,0,차대차 - 정면충돌,직진우회전진행방해,건조,맑음,교차로 - 교차로안,승용,여,56세,기타불명,승용,남,38세,경상
2021062100100532,2021년 6월 21일 18시,월요일,울산광역시 북구 신천동,경상사고,0,0,1,0,차대차 - 측면충돌,안전운전불이행,건조,맑음,단일로 - 고가도로위,이륜,남,37세,경상,승용,남,33세,상해없음
2021062100100657,2021년 6월 21일 23시,월요일,울산광역시 중구 성남동,경상사고,0,0,1,0,차대사람 - 횡단중,안전운전불이행,건조,맑음,주차장 - 주차장,승용,남,21세,상해없음,보행자,남,87세,경상
2021062200100115,2021년 6월 22일 08시,화요일,울산광역시 울주군 범서읍,중상사고,0,1,0,0,차대사람 - 횡단중,안전운전불이행,건조,맑음,교차로 - 교차로부근,이륜,남,29세,상해없음,보행자,남,7세,중상
2021062200100150,2021년 6월 22일 09시,화요일,울산광역시 울주군 범서읍,경상사고,0,0,1,0,차대사람 - 차도통행중,안전운전불이행,건조,맑음,단일로 - 기타,승용,남,62세,상해없음,보행자,여,17세,경상
2021062200100179,2021년 6월 22일 10시,화요일,울산광역시 울주군 온산읍,부상신고사고,0,0,0,1,차대사람 - 기타,안전운전불이행,건조,맑음,단일로 - 기타,기타불명,기타불명,미분류,기타불명,보행자,남,70세,부상신고
2021062200100223,2021년 6월 22일 11시,화요일,울산광역시 중구 복산동,경상사고,0,0,1,0,차대차 - 후진중충돌,안전운전불이행,건조,맑음,단일로 - 기타,승용,여,58세,상해없음,승용,남,41세,경상
2021062200100253,2021년 6월 22일 12시,화요일,울산광역시 중구 교동,경상사고,0,0,1,0,차대사람 - 횡단중,보행자보호의무위반,건조,맑음,단일로 - 기타,개인형이동수단(PM),여,77세,상해없음,보행자,여,64세,경상
2021062200100288,2021년 6월 22일 13시,화요일,울산광역시 남구 신정동,중상사고,0,1,2,0,차대차 - 추돌,교차로운행방법위반,건조,맑음,교차로 - 교차로안,승용,남,50세,상해없음,승용,여,38세,중상
2021062200100289,2021년 6월 22일 13시,화요일,울산광역시 동구 전하동,경상사고,0,0,1,0,차대사람 - 길가장자리구역통행중,안전운전불이행,건조,맑음,교차로 - 교차로안,자전거,남,15세,상해없음,보행자,여,36세,경상
2021062200100322,2021년 6월 22일 14시,화요일,울산광역시 동구 화정동,경상사고,0,0,1,0,차대사람 - 횡단중,안전운전불이행,건조,맑음,교차로 - 교차로부근,승용,남,29세,상해없음,보행자,여,30세,경상
2021062200100365,2021년 6월 22일 16시,화요일,울산광역시 울주군 언양읍,경상사고,0,0,1,0,차대차 - 측면충돌,기타,건조,맑음,단일로 - 기타,승용,남,27세,상해없음,화물,남,47세,상해없음
2021062200100555,2021년 6월 22일 21시,화요일,울산광역시 동구 화정동,중상사고,0,1,0,0,차대차 - 측면충돌,신호위반,건조,맑음,교차로 - 교차로안,승용,남,64세,상해없음,이륜,남,56세,중상
2021062200100582,2021년 6월 22일 23시,화요일,울산광역시 중구 남외동,경상사고,0,0,1,0,차대차 - 측면충돌,교차로운행방법위반,젖음/습기,맑음,교차로 - 교차로안,이륜,남,38세,상해없음,승용,남,63세,경상
2021062300100019,2021년 6월 23일 01시,수요일,울산광역시 남구 달동,경상사고,0,0,1,2,차대차 - 측면충돌,중앙선침범,건조,맑음,단일로 - 기타,개인형이동수단(PM),남,29세,부상신고,승용,남,61세,부상신고
2021062300100095,2021년 6월 23일 08시,수요일,울산광역시 울주군 삼동면,중상사고,0,1,0,0,차대차 - 측면충돌,차로위반,건조,맑음,교차로 - 교차로부근,화물,남,62세,상해없음,승용,여,27세,중상
2021062300100208,2021년 6월 23일 12시,수요일,울산광역시 울주군 범서읍,경상사고,0,0,1,0,차대차 - 정면충돌,중앙선침범,건조,맑음,단일로 - 기타,화물,남,66세,경상,화물,남,53세,상해없음
2021062300100381,2021년 6월 23일 17시,수요일,울산광역시 울주군 범서읍,중상사고,0,1,0,0,차대차 - 추돌,안전운전불이행,건조,맑음,단일로 - 교량,이륜,남,21세,중상,승용,남,49세,상해없음
2021062300100448,2021년 6월 23일 19시,수요일,울산광역시 남구 신정동,경상사고,0,0,1,0,차대차 - 측면충돌,교차로운행방법위반,건조,맑음,교차로 - 교차로안,승용,남,66세,상해없음,승용,남,60세,상해없음
2021062400100054,2021년 6월 24일 06시,목요일,울산광역시 중구 반구동,경상사고,0,0,1,0,차대차 - 측면충돌,중앙선침범,건조,맑음,단일로 - 기타,승용,남,70세,상해없음,이륜,남,55세,경상
2021062400100083,2021년 6월 24일 07시,목요일,울산광역시 남구 신정동,경상사고,0,0,1,0,차대사람 - 기타,안전운전불이행,건조,맑음,교차로 - 교차로부근,화물,남,59세,상해없음,보행자,여,17세,경상
2021062400100382,2021년 6월 24일 15시,목요일,울산광역시 남구 신정동,경상사고,0,0,1,0,차대차 - 추돌,안전운전불이행,건조,맑음,단일로 - 지하차도(도로)내,승용,여,44세,상해없음,승용,남,34세,경상
2021062400100412,2021년 6월 24일 16시,목요일,울산광역시 남구 야음동,경상사고,0,0,1,0,차대차 - 측면충돌,차로위반,건조,맑음,교차로 - 교차로부근,승용,남,73세,상해없음,승용,여,34세,경상
2021062400100462,2021년 6월 24일 17시,목요일,울산광역시 남구 무거동,경상사고,0,0,1,0,차대차 - 추돌,안전거리미확보,건조,맑음,교차로 - 교차로부근,승용,남,57세,상해없음,승용,여,26세,경상
2021062400100587,2021년 6월 24일 20시,목요일,울산광역시 남구 신정동,경상사고,0,0,1,0,차대차 - 측면충돌,안전운전불이행,건조,맑음,교차로 - 교차로안,승용,남,63세,상해없음,승용,여,43세,경상
2021062500100115,2021년 6월 25일 08시,금요일,울산광역시 울주군 언양읍,부상신고사고,0,0,0,1,차대사람 - 횡단중,보행자보호의무위반,건조,맑음,교차로 - 교차로안,승용,남,61세,상해없음,보행자,남,77세,부상신고
2021062500100217,2021년 6월 25일 11시,금요일,울산광역시 울주군 언양읍,경상사고,0,0,1,0,차대차 - 추돌,안전운전불이행,건조,맑음,단일로 - 기타,승용,남,79세,상해없음,이륜,남,86세,경상
2021062500100334,2021년 6월 25일 14시,금요일,울산광역시 북구 달천동,경상사고,0,0,1,0,차대사람 - 차도통행중,안전운전불이행,건조,맑음,교차로 - 교차로부근,승용,여,45세,상해없음,보행자,남,60세,경상
2021062500100349,2021년 6월 25일 15시,금요일,울산광역시 울주군 언양읍,중상사고,0,2,1,0,차대차 - 추돌,안전운전불이행,건조,맑음,단일로 - 기타,승용,남,28세,상해없음,화물,남,56세,중상
2021062500100378,2021년 6월 25일 15시,금요일,울산광역시 남구 달동,경상사고,0,0,1,0,차대사람 - 차도통행중,안전운전불이행,건조,맑음,단일로 - 기타,승용,남,63세,상해없음,보행자,남,7세,경상
2021062500100379,2021년 6월 25일 15시,금요일,울산광역시 남구 달동,경상사고,0,0,1,0,차대차 - 기타,차로위반,건조,맑음,교차로 - 교차로부근,승용,여,73세,상해없음,승용,남,30세,경상
2021062500100380,2021년 6월 25일 15시,금요일,울산광역시 북구 달천동,중상사고,0,1,0,0,차량단독 - 공작물충돌,안전운전불이행,건조,맑음,단일로 - 기타,승용,여,65세,중상,,,,
2021062500100429,2021년 6월 25일 16시,금요일,울산광역시 남구 무거동,경상사고,0,0,2,0,차대차 - 추돌,안전운전불이행,건조,맑음,단일로 - 기타,승용,여,64세,상해없음,승용,남,24세,경상
2021062500100546,2021년 6월 25일 18시,금요일,울산광역시 중구 유곡동,경상사고,0,0,1,0,차대차 - 측면충돌,직진우회전진행방해,건조,맑음,교차로 - 교차로안,화물,남,54세,상해없음,승용,남,61세,경상
2021062500100547,2021년 6월 25일 18시,금요일,울산광역시 북구 중산동,부상신고사고,0,0,0,2,차대차 - 측면충돌,안전운전불이행,건조,맑음,단일로 - 기타,자전거,남,10세,부상신고,이륜,남,54세,부상신고
2021062500100650,2021년 6월 25일 21시,금요일,울산광역시 울주군 청량읍,중상사고,0,1,1,0,차대차 - 측면충돌,신호위반,건조,맑음,교차로 - 교차로안,승용,남,34세,상해없음,승용,남,63세,중상
2021062500100651,2021년 6월 25일 21시,금요일,울산광역시 울주군 온산읍,부상신고사고,0,0,0,1,차대차 - 측면충돌,안전운전불이행,건조,맑음,교차로 - 교차로안,승용,남,25세,부상신고,승용,남,27세,상해없음
2021062500100680,2021년 6월 25일 22시,금요일,울산광역시 북구 호계동,부상신고사고,0,0,0,1,차량단독 - 공작물충돌,안전운전불이행,건조,맑음,단일로 - 기타,이륜,남,43세,부상신고,,,,
2021062500100704,2021년 6월 25일 23시,금요일,울산광역시 남구 삼산동,경상사고,0,0,1,0,차대차 - 추돌,안전운전불이행,건조,맑음,교차로 - 교차로부근,승용,남,32세,상해없음,승용,남,28세,경상
2021062500100705,2021년 6월 25일 23시,금요일,울산광역시 남구 달동,중상사고,0,1,0,0,차대사람 - 횡단중,안전운전불이행,건조,맑음,교차로 - 교차로부근,승용,남,25세,상해없음,보행자,남,26세,중상
2021062600100107,2021년 6월 26일 08시,토요일,울산광역시 울주군 상북면,중상사고,0,1,0,0,차대차 - 측면충돌,안전운전불이행,젖음/습기,비,교차로 - 교차로안,승용,남,46세,상해없음,자전거,남,42세,중상
2021062600100249,2021년 6월 26일 12시,토요일,울산광역시 북구 호계동,경상사고,0,0,4,0,차대차 - 측면충돌,안전운전불이행,건조,맑음,단일로 - 기타,승용,남,28세,상해없음,승용,여,33세,경상
2021062600100288,2021년 6월 26일 13시,토요일,울산광역시 남구 신정동,중상사고,0,1,0,0,차대차 - 측면충돌,안전거리미확보,건조,맑음,단일로 - 기타,승용,남,72세,상해없음,승용,여,42세,중상
2021062600100289,2021년 6월 26일 13시,토요일,울산광역시 울주군 상북면,중상사고,0,1,0,0,차대차 - 추돌,안전운전불이행,건조,맑음,단일로 - 기타,승용,여,62세,상해없음,이륜,남,64세,중상
2021062600100360,2021년 6월 26일 15시,토요일,울산광역시 울주군 청량읍,중상사고,0,1,4,0,차대차 - 추돌,안전거리미확보,건조,맑음,단일로 - 기타,화물,남,38세,상해없음,승용,남,60세,경상
2021062600100391,2021년 6월 26일 16시,토요일,울산광역시 남구 무거동,경상사고,0,0,1,0,차대사람 - 보도통행중,기타,건조,맑음,기타 - 기타,승용,남,42세,상해없음,보행자,여,18세,경상
2021062600100423,2021년 6월 26일 17시,토요일,울산광역시 중구 남외동,중상사고,0,1,0,0,차대차 - 측면충돌,차로위반,건조,맑음,단일로 - 기타,이륜,남,83세,중상,승용,남,49세,상해없음
2021062600100424,2021년 6월 26일 17시,토요일,울산광역시 중구 반구동,경상사고,0,0,2,0,차대차 - 측면충돌,안전거리미확보,건조,맑음,단일로 - 기타,화물,남,56세,상해없음,승용,남,63세,경상
2021062600100471,2021년 6월 26일 18시,토요일,울산광역시 중구 반구동,경상사고,0,0,2,0,차대차 - 측면충돌,신호위반,건조,맑음,교차로 - 교차로안,승용,여,23세,경상,이륜,남,18세,경상
2021062600100472,2021년 6월 26일 18시,토요일,울산광역시 울주군 청량읍,경상사고,0,0,1,0,차대차 - 추돌,교차로운행방법위반,건조,맑음,교차로 - 교차로안,승용,남,47세,경상,승합,남,55세,상해없음
2021062600100473,2021년 6월 26일 18시,토요일,울산광역시 북구 진장동,경상사고,0,0,2,0,차대차 - 측면충돌,중앙선침범,건조,맑음,단일로 - 고가도로위,이륜,남,41세,경상,승용,남,55세,경상
2021062600100569,2021년 6월 26일 21시,토요일,울산광역시 남구 신정동,중상사고,0,2,0,0,차대차 - 측면충돌,안전운전불이행,건조,맑음,단일로 - 기타,승용,여,56세,상해없음,승용,여,50세,중상
2021062600100636,2021년 6월 26일 23시,토요일,울산광역시 남구 달동,경상사고,0,0,2,0,차대차 - 측면충돌,안전운전불이행,건조,맑음,교차로 - 교차로부근,승용,남,22세,상해없음,승용,남,33세,경상
2021062700100020,2021년 6월 27일 00시,일요일,울산광역시 중구 성남동,중상사고,0,1,0,0,차대사람 - 횡단중,안전운전불이행,건조,맑음,단일로 - 기타,승용,남,29세,상해없음,보행자,남,51세,중상
2021062700100046,2021년 6월 27일 02시,일요일,울산광역시 울주군 범서읍,중상사고,0,2,0,0,차대차 - 추돌,안전운전불이행,건조,맑음,교차로 - 교차로부근,승용,여,26세,상해없음,승용,남,27세,중상
2021062700100067,2021년 6월 27일 05시,일요일,울산광역시 동구 방어동,중상사고,0,1,0,0,차량단독 - 전도전복 - 전도,안전운전불이행,건조,맑음,단일로 - 기타,이륜,남,16세,상해없음,,,,
2021062700100090,2021년 6월 27일 08시,일요일,울산광역시 남구 신정동,부상신고사고,0,0,0,1,차대차 - 측면충돌,안전운전불이행,건조,맑음,교차로 - 교차로안,특수,남,45세,상해없음,승용,남,46세,상해없음
2021062700100135,2021년 6월 27일 10시,일요일,울산광역시 남구 신정동,중상사고,0,1,0,0,차대차 - 측면충돌,안전거리미확보,건조,맑음,교차로 - 교차로안,승용,남,71세,상해없음,이륜,남,55세,중상
2021062700100192,2021년 6월 27일 12시,일요일,울산광역시 북구 호계동,경상사고,0,0,1,0,차대차 - 측면충돌,직진우회전진행방해,건조,맑음,교차로 - 교차로안,승합,남,40세,상해없음,이륜,남,29세,경상
2021062700100258,2021년 6월 27일 14시,일요일,울산광역시 북구 화봉동,중상사고,0,1,0,0,차량단독 - 기타,기타,건조,맑음,단일로 - 기타,승합,남,38세,상해없음,,,,
2021062700100287,2021년 6월 27일 15시,일요일,울산광역시 울주군 온산읍,중상사고,0,1,2,0,차대차 - 측면충돌,중앙선침범,건조,맑음,교차로 - 교차로부근,승용,남,47세,상해없음,승용,남,56세,경상
2021062700100314,2021년 6월 27일 16시,일요일,울산광역시 울주군 온산읍,중상사고,0,1,1,0,차대차 - 측면충돌,중앙선침범,건조,맑음,교차로 - 교차로부근,승용,남,55세,상해없음,승용,여,52세,경상
2021062700100352,2021년 6월 27일 17시,일요일,울산광역시 울주군 온산읍,중상사고,0,3,1,0,차대차 - 측면충돌,안전운전불이행,건조,맑음,교차로 - 교차로안,화물,여,54세,상해없음,승용,여,62세,중상
2021062700100441,2021년 6월 27일 20시,일요일,울산광역시 북구 천곡동,경상사고,0,0,1,0,차대사람 - 기타,안전운전불이행,건조,맑음,기타 - 기타,승용,남,59세,상해없음,보행자,남,28세,경상
2021062800100154,2021년 6월 28일 09시,월요일,울산광역시 북구 염포동,경상사고,0,0,1,1,차대차 - 측면충돌,신호위반,건조,맑음,교차로 - 교차로안,이륜,남,24세,부상신고,승용,남,38세,경상
2021062800100257,2021년 6월 28일 12시,월요일,울산광역시 남구 달동,경상사고,0,0,1,0,차대사람 - 길가장자리구역통행중,안전운전불이행,건조,맑음,단일로 - 기타,승용,남,52세,상해없음,보행자,여,25세,경상
2021062800100482,2021년 6월 28일 17시,월요일,울산광역시 동구 전하동,경상사고,0,0,1,0,차대차 - 기타,안전운전불이행,건조,맑음,교차로 - 교차로부근,기타불명,기타불명,미분류,기타불명,이륜,남,25세,경상
2021062800100528,2021년 6월 28일 18시,월요일,울산광역시 중구 우정동,경상사고,0,0,2,0,차대차 - 측면충돌,신호위반,건조,맑음,교차로 - 교차로안,원동기,남,27세,경상,승합,남,35세,경상
2021062800100529,2021년 6월 28일 18시,월요일,울산광역시 남구 여천동,중상사고,0,1,0,0,차대차 - 기타,안전운전불이행,건조,맑음,단일로 - 기타,자전거,남,61세,중상,자전거,남,45세,상해없음
2021062800100567,2021년 6월 28일 19시,월요일,울산광역시 남구 삼산동,중상사고,0,1,0,0,차대차 - 측면충돌,교차로운행방법위반,건조,맑음,교차로 - 교차로안,승용,남,35세,상해없음,이륜,남,29세,중상
2021062900100015,2021년 6월 29일 01시,화요일,울산광역시 울주군 범서읍,중상사고,0,1,0,0,차량단독 - 전도전복 - 전도,안전운전불이행,건조,맑음,단일로 - 기타,이륜,남,29세,중상,,,,
2021062900100050,2021년 6월 29일 06시,화요일,울산광역시 울주군 범서읍,중상사고,0,1,0,0,차대차 - 정면충돌,교차로운행방법위반,건조,맑음,교차로 - 교차로안,화물,남,68세,상해없음,승용,남,44세,중상
2021062900100111,2021년 6월 29일 08시,화요일,울산광역시 북구 호계동,경상사고,0,0,2,0,차대차 - 추돌,안전운전불이행,건조,맑음,교차로 - 교차로부근,승용,남,40세,상해없음,승용,여,40세,경상
2021062900100112,2021년 6월 29일 08시,화요일,울산광역시 북구 창평동,경상사고,0,0,1,0,차대차 - 추돌,안전운전불이행,건조,맑음,교차로 - 교차로안,화물,남,58세,상해없음,이륜,남,66세,경상
2021062900100139,2021년 6월 29일 09시,화요일,울산광역시 남구 신정동,부상신고사고,0,0,0,1,차대차 - 측면충돌,교차로운행방법위반,건조,맑음,교차로 - 교차로안,승용,여,43세,상해없음,자전거,남,77세,부상신고
2021062900100205,2021년 6월 29일 11시,화요일,울산광역시 울주군 온양읍,경상사고,0,0,1,0,차대차 - 측면충돌,안전운전불이행,건조,맑음,단일로 - 기타,화물,여,67세,상해없음,자전거,남,57세,경상
2021062900100238,2021년 6월 29일 12시,화요일,울산광역시 중구 학성동,경상사고,0,0,1,0,차대차 - 측면충돌,안전운전불이행,건조,맑음,단일로 - 교량,승용,남,15세,상해없음,화물,남,59세,경상
2021062900100239,2021년 6월 29일 12시,화요일,울산광역시 중구 옥교동,경상사고,0,0,1,0,차대차 - 측면충돌,안전운전불이행,건조,맑음,단일로 - 기타,승용,여,49세,경상,승용,여,61세,상해없음
2021062900100264,2021년 6월 29일 13시,화요일,울산광역시 남구 신정동,경상사고,0,0,1,0,차대차 - 추돌,안전운전불이행,건조,맑음,단일로 - 기타,승용,남,40세,상해없음,승용,남,26세,기타불명
2021062900100265,2021년 6월 29일 13시,화요일,울산광역시 남구 달동,경상사고,0,0,1,0,차대사람 - 길가장자리구역통행중,안전운전불이행,건조,맑음,단일로 - 기타,승용,여,60세,상해없음,보행자,남,13세,경상
2021062900100317,2021년 6월 29일 14시,화요일,울산광역시 남구 옥동,경상사고,0,0,1,0,차량단독 - 전도전복 - 전도,안전운전불이행,건조,맑음,교차로 - 교차로부근,원동기,남,17세,상해없음,,,,