사고번호,사고일시,요일,시군구,사고내용,사망자수,중상자수,경상자수,부상신고자수,사고유형,법규위반,노면상태,기상상태,도로형태,가해운전자 차종,가해운전자 성별,가해운전자 연령,가해운전자 상해정도,피해운전자 차종,피해운전자 성별,피해운전자 연령,피해운전자 상해정도
2021062900100318,2021년 6월 29일 14시,화요일,울산광역시 북구 진장동,중상사고,0,1,0,0,차대차 - 측면충돌,안전운전불이행,건조,맑음,단일로 - 기타,승용,남,35세,상해없음,자전거,남,50세,중상
2021062900100359,2021년 6월 29일 15시,화요일,울산광역시 중구 태화동,중상사고,0,1,0,0,차대사람 - 횡단중,신호위반,건조,맑음,교차로 - 교차로부근,승용,여,23세,상해없음,보행자,여,55세,중상
2021062900100407,2021년 6월 29일 16시,화요일,울산광역시 중구 약사동,경상사고,0,0,2,0,차대차 - 기타,안전운전불이행,건조,맑음,단일로 - 기타,승용,여,48세,상해없음,승용,여,44세,경상
2021062900100408,2021년 6월 29일 16시,화요일,울산광역시 동구 방어동,경상사고,0,0,1,0,차대사람 - 차도통행중,안전운전불이행,건조,맑음,교차로 - 교차로부근,승용,여,60세,상해없음,보행자,여,9세,경상
2021062900100409,2021년 6월 29일 16시,화요일,울산광역시 울주군 청량읍,중상사고,0,1,0,0,차대차 - 추돌,안전거리미확보,건조,맑음,교차로 - 교차로부근,승용,남,38세,상해없음,승용,남,31세,중상
2021062900100462,2021년 6월 29일 17시,화요일,울산광역시 울주군 범서읍,경상사고,0,0,1,0,차대차 - 추돌,안전거리미확보,건조,맑음,교차로 - 교차로안,승용,남,59세,상해없음,승용,여,38세,경상
2021062900100523,2021년 6월 29일 18시,화요일,울산광역시 울주군 언양읍,중상사고,0,1,0,0,차대사람 - 횡단중,교차로운행방법위반,건조,맑음,교차로 - 교차로안,승용,여,37세,상해없음,보행자,여,82세,중상
2021062900100582,2021년 6월 29일 20시,화요일,울산광역시 중구 서동,경상사고,0,0,1,0,차대사람 - 횡단중,안전운전불이행,건조,맑음,단일로 - 기타,자전거,남,58세,상해없음,보행자,여,53세,경상
2021062900100583,2021년 6월 29일 20시,화요일,울산광역시 동구 일산동,경상사고,0,0,1,0,차대차 - 기타,중앙선침범,젖음/습기,흐림,교차로 - 교차로안,승용,여,32세,상해없음,이륜,남,25세,경상
2021062900100613,2021년 6월 29일 21시,화요일,울산광역시 남구 달동,경상사고,0,0,1,0,차대차 - 측면충돌,안전운전불이행,건조,맑음,교차로 - 교차로안,승용,남,70세,상해없음,승용,여,25세,경상
2021062900100614,2021년 6월 29일 21시,화요일,울산광역시 울주군 서생면,경상사고,0,0,4,0,차대차 - 추돌,안전운전불이행,건조,맑음,단일로 - 기타,승용,남,64세,경상,승용,남,31세,경상
2021063000100013,2021년 6월 30일 00시,수요일,울산광역시 북구 진장동,중상사고,0,1,0,0,차대차 - 측면충돌,교차로운행방법위반,건조,맑음,교차로 - 교차로안,이륜,남,38세,기타불명,자전거,남,54세,중상
2021063000100048,2021년 6월 30일 06시,수요일,울산광역시 중구 약사동,경상사고,0,0,1,0,차대차 - 측면충돌,안전운전불이행,건조,맑음,교차로 - 교차로부근,자전거,남,59세,경상,승용,남,55세,상해없음
2021063000100049,2021년 6월 30일 06시,수요일,울산광역시 동구 일산동,경상사고,0,0,1,0,차대사람 - 횡단중,보행자보호의무위반,건조,맑음,교차로 - 교차로부근,승용,여,56세,상해없음,보행자,여,31세,경상
2021063000100050,2021년 6월 30일 06시,수요일,울산광역시 울주군 상북면,중상사고,0,1,0,0,차량단독 - 기타,안전운전불이행,건조,맑음,단일로 - 기타,이륜,남,37세,중상,,,,
2021063000100146,2021년 6월 30일 09시,수요일,울산광역시 남구 무거동,경상사고,0,0,2,0,차대차 - 측면충돌,안전거리미확보,건조,맑음,단일로 - 기타,승용,여,33세,경상,승용,여,49세,경상
2021063000100208,2021년 6월 30일 11시,수요일,울산광역시 울주군 서생면,부상신고사고,0,0,0,1,차대차 - 측면충돌,안전거리미확보,건조,맑음,단일로 - 기타,승용,여,65세,부상신고,화물,남,67세,상해없음
2021063000100288,2021년 6월 30일 13시,수요일,울산광역시 중구 다운동,중상사고,0,1,0,0,차대차 - 측면충돌,직진우회전진행방해,건조,맑음,교차로 - 교차로안,승용,여,60세,상해없음,승용,여,53세,중상
2021063000100327,2021년 6월 30일 14시,수요일,울산광역시 남구 신정동,경상사고,0,0,1,0,차량단독 - 기타,안전운전불이행,건조,맑음,단일로 - 기타,승합,남,59세,상해없음,,,,
2021063000100363,2021년 6월 30일 15시,수요일,울산광역시 북구 화봉동,경상사고,0,0,1,0,차대사람 - 기타,안전운전불이행,건조,맑음,단일로 - 기타,승용,여,53세,상해없음,보행자,여,25세,경상
2021063000100619,2021년 6월 30일 22시,수요일,울산광역시 중구 학성동,경상사고,0,0,1,1,차대차 - 측면충돌,안전운전불이행,건조,흐림,교차로 - 교차로부근,승용,남,36세,부상신고,승용,남,58세,기타불명
2021063000100620,2021년 6월 30일 22시,수요일,울산광역시 남구 신정동,경상사고,0,0,2,0,차대차 - 측면충돌,차로위반,건조,맑음,단일로 - 기타,화물,남,60세,상해없음,승용,여,34세,경상
2021063000100637,2021년 6월 30일 23시,수요일,울산광역시 남구 신정동,중상사고,0,1,0,0,차대차 - 측면충돌,직진우회전진행방해,건조,맑음,교차로 - 교차로안,이륜,남,21세,중상,승용,남,26세,상해없음
2021070100100008,2021년 7월 1일 00시,목요일,울산광역시 북구 효문동,중상사고,0,1,0,0,차대차 - 측면충돌,신호위반,건조,맑음,교차로 - 교차로안,이륜,남,56세,중상,화물,남,44세,상해없음
2021070100100148,2021년 7월 1일 09시,목요일,울산광역시 울주군 범서읍,중상사고,0,1,0,0,차대사람 - 차도통행중,안전운전불이행,건조,맑음,교차로 - 교차로안,승용,여,44세,상해없음,보행자,여,38세,중상
2021070100100177,2021년 7월 1일 10시,목요일,울산광역시 중구 반구동,경상사고,0,0,1,1,차대차 - 측면충돌,안전운전불이행,건조,맑음,단일로 - 기타,이륜,남,17세,부상신고,승용,남,46세,경상
2021070100100178,2021년 7월 1일 10시,목요일,울산광역시 남구 달동,경상사고,0,0,1,0,차대차 - 측면충돌,안전운전불이행,건조,맑음,교차로 - 교차로안,승용,남,25세,상해없음,화물,남,42세,경상
2021070100100215,2021년 7월 1일 11시,목요일,울산광역시 북구 양정동,경상사고,0,0,1,0,차대차 - 측면충돌,안전운전불이행,건조,맑음,단일로 - 기타,이륜,남,27세,상해없음,이륜,남,32세,경상
2021070100100242,2021년 7월 1일 12시,목요일,울산광역시 남구 신정동,중상사고,0,1,0,0,차대사람 - 기타,안전운전불이행,건조,맑음,기타 - 기타,승합,남,60세,상해없음,보행자,여,79세,중상
2021070100100285,2021년 7월 1일 13시,목요일,울산광역시 북구 호계동,경상사고,0,0,4,0,차대차 - 측면충돌,직진우회전진행방해,건조,맑음,교차로 - 교차로안,승용,여,57세,경상,승용,여,38세,경상
2021070100100352,2021년 7월 1일 15시,목요일,울산광역시 울주군 온산읍,경상사고,0,0,1,0,차대차 - 측면충돌,중앙선침범,건조,맑음,교차로 - 교차로부근,승용,남,63세,상해없음,이륜,남,24세,경상
2021070100100438,2021년 7월 1일 17시,목요일,울산광역시 남구 무거동,경상사고,0,0,2,0,차대차 - 측면충돌,신호위반,건조,맑음,기타 - 기타,승용,남,67세,기타불명,화물,남,43세,경상
2021070100100498,2021년 7월 1일 18시,목요일,울산광역시 북구 호계동,경상사고,0,0,3,0,차대차 - 추돌,안전운전불이행,건조,맑음,교차로 - 교차로안,승용,여,54세,상해없음,승용,여,40세,경상
2021070200100013,2021년 7월 2일 00시,금요일,울산광역시 북구 진장동,중상사고,0,2,0,0,차대차 - 정면충돌,안전운전불이행,건조,맑음,단일로 - 기타,자전거,남,39세,중상,자전거,남,37세,중상
2021070200100115,2021년 7월 2일 08시,금요일,울산광역시 북구 천곡동,경상사고,0,0,1,0,차대사람 - 횡단중,보행자보호의무위반,건조,흐림,단일로 - 기타,승용,여,46세,상해없음,보행자,여,16세,경상
2021070200100211,2021년 7월 2일 11시,금요일,울산광역시 동구 서부동,경상사고,0,0,1,0,차대차 - 정면충돌,신호위반,건조,맑음,교차로 - 교차로안,이륜,남,79세,경상,승용,남,33세,상해없음
2021070200100282,2021년 7월 2일 13시,금요일,울산광역시 북구 명촌동,경상사고,0,0,2,0,차대차 - 측면충돌,안전거리미확보,건조,맑음,단일로 - 고가도로위,승용,남,69세,경상,승용,남,45세,경상
2021070200100463,2021년 7월 2일 17시,금요일,울산광역시 울주군 언양읍,중상사고,0,1,0,0,차대사람 - 횡단중,안전운전불이행,건조,맑음,교차로 - 교차로부근,승용,여,47세,상해없음,보행자,남,11세,중상
2021070200100532,2021년 7월 2일 18시,금요일,울산광역시 남구 신정동,중상사고,0,1,0,0,차대사람 - 횡단중,보행자보호의무위반,건조,맑음,교차로 - 교차로안,승용,여,59세,상해없음,보행자,남,9세,중상
2021070200100589,2021년 7월 2일 19시,금요일,울산광역시 남구 무거동,경상사고,0,0,2,0,차대차 - 추돌,차로위반,건조,맑음,교차로 - 교차로안,승용,여,27세,상해없음,승용,남,26세,경상
2021070200100637,2021년 7월 2일 20시,금요일,울산광역시 중구 다운동,중상사고,0,1,1,0,차대차 - 측면충돌,교차로운행방법위반,건조,맑음,교차로 - 교차로안,승용,여,53세,경상,승용,남,23세,중상
2021070200100638,2021년 7월 2일 20시,금요일,울산광역시 남구 신정동,중상사고,0,1,0,0,차대사람 - 차도통행중,안전운전불이행,건조,맑음,기타 - 기타,화물,남,61세,상해없음,보행자,남,82세,중상
2021070200100672,2021년 7월 2일 21시,금요일,울산광역시 울주군 온산읍,중상사고,0,1,0,0,차대차 - 측면충돌,중앙선침범,건조,맑음,교차로 - 교차로안,승용,남,29세,상해없음,원동기,남,58세,중상
2021070200100673,2021년 7월 2일 21시,금요일,울산광역시 북구 명촌동,경상사고,0,0,2,0,차대차 - 측면충돌,안전거리미확보,건조,맑음,단일로 - 기타,승용,여,49세,상해없음,승용,여,54세,경상
2021070200100705,2021년 7월 2일 22시,금요일,울산광역시 중구 반구동,경상사고,0,0,1,0,차대사람 - 길가장자리구역통행중,안전운전불이행,건조,맑음,단일로 - 기타,승용,남,52세,상해없음,보행자,남,43세,경상
2021070200100706,2021년 7월 2일 22시,금요일,울산광역시 남구 달동,중상사고,0,1,0,0,차량단독 - 기타,안전운전불이행,건조,맑음,기타 - 기타,이륜,남,27세,중상,,,,
2021070300100014,2021년 7월 3일 00시,토요일,울산광역시 남구 신정동,경상사고,0,0,1,0,차대차 - 측면충돌,안전운전불이행,건조,맑음,교차로 - 교차로안,승용,남,63세,상해없음,자전거,남,17세,경상
2021070300100015,2021년 7월 3일 00시,토요일,울산광역시 남구 달동,경상사고,0,0,2,0,차대차 - 측면충돌,안전운전불이행,건조,맑음,단일로 - 기타,승용,남,46세,상해없음,승용,남,36세,경상
2021070300100039,2021년 7월 3일 03시,토요일,울산광역시 남구 달동,부상신고사고,0,0,0,1,차대사람 - 기타,안전운전불이행,건조,맑음,단일로 - 기타,기타불명,기타불명,미분류,기타불명,보행자,남,27세,부상신고
2021070300100040,2021년 7월 3일 03시,토요일,울산광역시 남구 성암동,사망사고,1,0,0,0,차대차 - 추돌,안전운전불이행,건조,흐림,단일로 - 기타,승용,남,24세,사망,화물,남,61세,상해없음
2021070300100053,2021년 7월 3일 06시,토요일,울산광역시 북구 진장동,경상사고,0,0,1,0,차대차 - 추돌,안전운전불이행,건조,맑음,단일로 - 기타,승용,남,49세,상해없음,승합,남,45세,상해없음
2021070300100089,2021년 7월 3일 08시,토요일,울산광역시 울주군 범서읍,경상사고,0,0,1,0,차대차 - 측면충돌,중앙선침범,건조,흐림,단일로 - 기타,화물,남,49세,상해없음,승용,남,42세,경상
2021070300100222,2021년 7월 3일 12시,토요일,울산광역시 남구 두왕동,경상사고,0,0,1,0,차대차 - 측면충돌,안전거리미확보,건조,흐림,단일로 - 기타,화물,남,69세,상해없음,승용,남,39세,경상
2021070300100260,2021년 7월 3일 13시,토요일,울산광역시 울주군 삼남읍,경상사고,0,0,4,0,차대차 - 측면충돌,교차로운행방법위반,젖음/습기,비,교차로 - 교차로안,승용,남,29세,경상,승용,여,55세,경상
2021070300100452,2021년 7월 3일 18시,토요일,울산광역시 북구 화봉동,중상사고,0,1,0,0,차대차 - 추돌,안전운전불이행,젖음/습기,비,교차로 - 교차로부근,승합,남,53세,기타불명,승용,남,52세,상해없음
2021070300100507,2021년 7월 3일 19시,토요일,울산광역시 남구 야음동,경상사고,0,0,1,0,차대차 - 측면충돌,안전운전불이행,젖음/습기,비,기타 - 기타,승용,여,32세,상해없음,승용,남,39세,경상
2021070300100508,2021년 7월 3일 19시,토요일,울산광역시 울주군 서생면,경상사고,0,0,1,0,차대차 - 측면충돌,교차로운행방법위반,젖음/습기,비,교차로 - 교차로안,승합,남,19세,상해없음,화물,남,25세,경상
2021070300100509,2021년 7월 3일 19시,토요일,울산광역시 울주군 온산읍,경상사고,0,0,1,0,차대차 - 측면충돌,안전운전불이행,젖음/습기,비,교차로 - 교차로안,승용,남,49세,상해없음,승용,여,63세,경상
2021070300100552,2021년 7월 3일 20시,토요일,울산광역시 남구 삼산동,경상사고,0,0,1,0,차대차 - 측면충돌,중앙선침범,젖음/습기,비,교차로 - 교차로부근,승용,여,58세,상해없음,이륜,남,18세,경상
2021070300100553,2021년 7월 3일 20시,토요일,울산광역시 울주군 온산읍,경상사고,0,0,2,0,차대차 - 후진중충돌,안전운전불이행,젖음/습기,비,단일로 - 기타,승용,남,40세,경상,승용,남,39세,기타불명
2021070300100667,2021년 7월 3일 23시,토요일,울산광역시 남구 달동,경상사고,0,0,2,0,차대차 - 정면충돌,신호위반,젖음/습기,비,교차로 - 교차로안,승용,남,27세,상해없음,승용,남,62세,경상
2021070400100027,2021년 7월 4일 00시,일요일,울산광역시 남구 달동,중상사고,0,1,4,0,차대차 - 정면충돌,신호위반,젖음/습기,비,교차로 - 교차로안,승용,남,58세,상해없음,승용,남,32세,경상
2021070400100044,2021년 7월 4일 01시,일요일,울산광역시 동구 전하동,경상사고,0,0,1,0,차대차 - 측면충돌,신호위반,젖음/습기,비,교차로 - 교차로안,이륜,남,26세,경상,승용,남,44세,상해없음
2021070400100045,2021년 7월 4일 01시,일요일,울산광역시 북구 염포동,중상사고,0,3,0,1,차대차 - 정면충돌,중앙선침범,젖음/습기,비,단일로 - 기타,승용,여,27세,부상신고,승용,남,45세,중상
2021070400100064,2021년 7월 4일 03시,일요일,울산광역시 북구 진장동,부상신고사고,0,0,0,1,차량단독 - 공작물충돌,안전운전불이행,젖음/습기,비,단일로 - 기타,승용,남,60세,부상신고,,,,
2021070400100105,2021년 7월 4일 09시,일요일,울산광역시 중구 우정동,중상사고,0,1,0,0,차대사람 - 횡단중,신호위반,건조,맑음,단일로 - 기타,화물,남,60세,상해없음,보행자,여,22세,중상
2021070400100139,2021년 7월 4일 11시,일요일,울산광역시 북구 산하동,경상사고,0,0,3,0,차대차 - 측면충돌,안전운전불이행,건조,맑음,주차장 - 주차장,승용,남,41세,경상,승용,남,59세,경상
2021070400100157,2021년 7월 4일 12시,일요일,울산광역시 남구 신정동,중상사고,0,1,0,0,차대차 - 측면충돌,안전운전불이행,건조,맑음,단일로 - 기타,자전거,남,40세,중상,이륜,남,23세,상해없음
2021070400100158,2021년 7월 4일 12시,일요일,울산광역시 동구 방어동,경상사고,0,0,1,0,차대사람 - 횡단중,안전운전불이행,건조,맑음,단일로 - 기타,승용,남,35세,상해없음,보행자,남,59세,경상
2021070400100197,2021년 7월 4일 13시,일요일,울산광역시 중구 성남동,경상사고,0,0,1,0,차대사람 - 차도통행중,안전운전불이행,건조,맑음,단일로 - 기타,승용,남,66세,상해없음,보행자,남,31세,경상
2021070400100198,2021년 7월 4일 13시,일요일,울산광역시 남구 여천동,경상사고,0,0,1,0,차대차 - 측면충돌,교차로운행방법위반,건조,맑음,교차로 - 교차로안,승용,여,27세,상해없음,승용,남,29세,경상
2021070400100221,2021년 7월 4일 14시,일요일,울산광역시 북구 매곡동,중상사고,0,1,0,0,차대차 - 측면충돌,교차로운행방법위반,건조,맑음,교차로 - 교차로안,승용,여,36세,상해없음,자전거,남,14세,중상
2021070400100222,2021년 7월 4일 14시,일요일,울산광역시 북구 중산동,경상사고,0,0,3,0,차대차 - 정면충돌,중앙선침범,건조,맑음,교차로 - 교차로안,승용,남,19세,상해없음,승용,남,41세,경상
2021070400100262,2021년 7월 4일 15시,일요일,울산광역시 중구 태화동,경상사고,0,0,1,0,차대차 - 측면충돌,신호위반,건조,맑음,단일로 - 기타,승용,남,20세,상해없음,이륜,남,46세,경상
2021070400100263,2021년 7월 4일 15시,일요일,울산광역시 북구 염포동,중상사고,0,2,0,0,차대차 - 측면충돌,안전운전불이행,건조,맑음,기타 - 기타,승용,여,68세,중상,승용,남,27세,상해없음
2021070400100322,2021년 7월 4일 17시,일요일,울산광역시 동구 서부동,경상사고,0,0,1,0,차대차 - 추돌,안전운전불이행,건조,맑음,단일로 - 기타,승용,남,63세,상해없음,승합,남,49세,경상
2021070400100463,2021년 7월 4일 23시,일요일,울산광역시 울주군 청량읍,경상사고,0,0,1,0,차대차 - 측면충돌,안전운전불이행,젖음/습기,비,단일로 - 교량,승용,남,23세,상해없음,승용,남,77세,경상
2021070500100014,2021년 7월 5일 03시,월요일,울산광역시 울주군 범서읍,경상사고,0,0,1,0,차대사람 - 길가장자리구역통행중,기타,건조,맑음,단일로 - 지하차도(도로)내,승용,남,39세,상해없음,보행자,남,9세,경상
2021070500100023,2021년 7월 5일 05시,월요일,울산광역시 중구 학산동,중상사고,0,1,0,0,차대차 - 측면충돌,신호위반,건조,맑음,교차로 - 교차로횡단보도내,승용,남,57세,상해없음,자전거,여,73세,중상
2021070500100024,2021년 7월 5일 05시,월요일,울산광역시 중구 태화동,경상사고,0,0,1,0,차대차 - 추돌,안전운전불이행,건조,맑음,단일로 - 기타,승합,남,43세,상해없음,승용,여,56세,경상
2021070500100105,2021년 7월 5일 08시,월요일,울산광역시 남구 야음동,경상사고,0,0,1,0,차대차 - 측면충돌,안전운전불이행,젖음/습기,비,교차로 - 교차로안,승용,여,37세,상해없음,승용,남,35세,경상
2021070500100175,2021년 7월 5일 10시,월요일,울산광역시 중구 우정동,중상사고,0,3,1,1,차대차 - 측면충돌,안전거리미확보,건조,맑음,교차로 - 교차로안,승용,남,65세,부상신고,특수,남,62세,상해없음
2021070500100216,2021년 7월 5일 11시,월요일,울산광역시 동구 화정동,경상사고,0,0,1,0,차대차 - 기타,안전운전불이행,젖음/습기,비,교차로 - 교차로부근,이륜,남,25세,경상,승용,남,73세,상해없음
2021070500100279,2021년 7월 5일 13시,월요일,울산광역시 북구 연암동,경상사고,0,0,1,0,차대차 - 기타,차로위반,건조,맑음,단일로 - 기타,화물,남,71세,상해없음,승용,여,45세,경상
2021070500100280,2021년 7월 5일 13시,월요일,울산광역시 북구 중산동,경상사고,0,0,2,0,차대차 - 측면충돌,차로위반,건조,맑음,단일로 - 기타,승용,여,65세,상해없음,승용,남,30세,경상
2021070500100314,2021년 7월 5일 14시,월요일,울산광역시 중구 동동,경상사고,0,0,1,0,차대차 - 후진중충돌,안전운전불이행,건조,맑음,단일로 - 기타,승용,남,37세,상해없음,승용,여,57세,경상
2021070500100351,2021년 7월 5일 15시,월요일,울산광역시 울주군 삼남읍,경상사고,0,0,1,0,차대차 - 측면충돌,직진우회전진행방해,건조,맑음,교차로 - 교차로안,승용,여,70세,상해없음,화물,남,72세,경상
2021070500100428,2021년 7월 5일 17시,월요일,울산광역시 남구 무거동,경상사고,0,0,1,0,차대차 - 측면충돌,중앙선침범,건조,맑음,단일로 - 기타,승용,남,49세,상해없음,승용,남,65세,경상
2021070500100429,2021년 7월 5일 17시,월요일,울산광역시 동구 화정동,경상사고,0,0,2,0,차대차 - 측면충돌,안전운전불이행,젖음/습기,흐림,교차로 - 교차로부근,승용,남,71세,경상,이륜,남,45세,경상
2021070500100469,2021년 7월 5일 18시,월요일,울산광역시 북구 화봉동,중상사고,0,1,0,0,차대차 - 측면충돌,안전운전불이행,건조,맑음,교차로 - 교차로부근,화물,남,60세,상해없음,원동기,남,60세,중상
2021070500100562,2021년 7월 5일 21시,월요일,울산광역시 남구 신정동,경상사고,0,0,1,0,차대차 - 정면충돌,안전운전불이행,젖음/습기,비,교차로 - 교차로안,승용,여,69세,상해없음,승용,남,65세,경상
2021070500100604,2021년 7월 5일 23시,월요일,울산광역시 남구 달동,중상사고,0,1,3,0,차대차 - 추돌,안전운전불이행,젖음/습기,비,단일로 - 기타,승용,남,37세,기타불명,승용,남,64세,중상
2021070600100012,2021년 7월 6일 00시,화요일,울산광역시 북구 매곡동,경상사고,0,0,1,0,차량단독 - 공작물충돌,안전운전불이행,젖음/습기,비,단일로 - 기타,승용,남,28세,경상,,,,
2021070600100055,2021년 7월 6일 06시,화요일,울산광역시 남구 신정동,중상사고,0,1,0,0,차대차 - 기타,안전거리미확보,건조,맑음,단일로 - 기타,승용,남,43세,상해없음,승합,남,74세,상해없음
2021070600100078,2021년 7월 6일 07시,화요일,울산광역시 동구 방어동,중상사고,0,1,0,0,차대사람 - 기타,안전운전불이행,젖음/습기,비,교차로 - 교차로부근,승용,남,66세,상해없음,보행자,여,37세,중상
2021070600100079,2021년 7월 6일 07시,화요일,울산광역시 북구 효문동,중상사고,0,1,0,0,차대차 - 측면충돌,기타,젖음/습기,비,교차로 - 교차로안,화물,남,57세,상해없음,화물,남,34세,중상
2021070600100122,2021년 7월 6일 08시,화요일,울산광역시 북구 명촌동,경상사고,0,0,1,0,차대차 - 기타,안전운전불이행,젖음/습기,비,단일로 - 기타,승용,여,49세,상해없음,이륜,남,30세,경상
2021070600100370,2021년 7월 6일 16시,화요일,울산광역시 남구 두왕동,부상신고사고,0,0,0,1,차량단독 - 기타,안전운전불이행,젖음/습기,비,단일로 - 기타,승합,남,58세,상해없음,,,,
2021070600100454,2021년 7월 6일 18시,화요일,울산광역시 중구 태화동,경상사고,0,0,4,0,차대차 - 추돌,안전운전불이행,젖음/습기,비,단일로 - 기타,승용,남,53세,상해없음,승용,남,45세,경상
2021070600100545,2021년 7월 6일 21시,화요일,울산광역시 울주군 청량읍,경상사고,0,0,1,0,차대차 - 추돌,안전운전불이행,젖음/습기,비,교차로 - 교차로부근,승용,여,63세,상해없음,승용,남,27세,경상
2021070700100011,2021년 7월 7일 00시,수요일,울산광역시 동구 일산동,경상사고,0,0,1,0,차대사람 - 보도통행중,안전운전불이행,건조,맑음,교차로 - 교차로횡단보도내,승용,남,35세,상해없음,보행자,여,33세,경상
2021070700100018,2021년 7월 7일 01시,수요일,울산광역시 남구 달동,중상사고,0,1,0,0,차대사람 - 기타,안전운전불이행,젖음/습기,기타,단일로 - 기타,화물,남,52세,상해없음,보행자,남,60세,중상
2021070700100031,2021년 7월 7일 03시,수요일,울산광역시 북구 진장동,경상사고,0,0,1,0,차대차 - 추돌,안전운전불이행,젖음/습기,비,교차로 - 교차로안,승용,남,32세,상해없음,승용,여,45세,경상
2021070700100038,2021년 7월 7일 04시,수요일,울산광역시 남구 달동,중상사고,0,1,0,0,차대차 - 측면충돌,교차로운행방법위반,건조,맑음,교차로 - 교차로안,이륜,남,47세,중상,승용,남,55세,상해없음
2021070700100075,2021년 7월 7일 07시,수요일,울산광역시 동구 방어동,경상사고,0,0,1,0,차대차 - 기타,신호위반,젖음/습기,흐림,교차로 - 교차로안,승용,남,62세,상해없음,이륜,남,45세,경상
2021070700100217,2021년 7월 7일 11시,수요일,울산광역시 동구 일산동,경상사고,0,0,1,0,차대차 - 측면충돌,직진우회전진행방해,젖음/습기,비,교차로 - 교차로안,이륜,남,29세,경상,승용,남,39세,상해없음
2021070700100257,2021년 7월 7일 12시,수요일,울산광역시 남구 야음동,경상사고,0,0,1,0,차대차 - 기타,차로위반,젖음/습기,비,교차로 - 교차로안,자전거,남,75세,상해없음,승합,남,48세,상해없음
2021070700100314,2021년 7월 7일 14시,수요일,울산광역시 남구 달동,경상사고,0,0,1,0,차대차 - 측면충돌,안전운전불이행,젖음/습기,비,교차로 - 교차로안,승용,남,66세,상해없음,이륜,남,39세,경상
2021070700100364,2021년 7월 7일 16시,수요일,울산광역시 울주군 두서면,중상사고,0,1,8,2,차량단독 - 공작물충돌,안전운전불이행,젖음/습기,비,단일로 - 기타,승합,남,60세,상해없음,,,,
2021070700100392,2021년 7월 7일 16시,수요일,울산광역시 중구 성남동,경상사고,0,0,1,0,차대차 - 측면충돌,안전운전불이행,젖음/습기,비,단일로 - 기타,이륜,남,17세,경상,승용,남,22세,상해없음
2021070700100429,2021년 7월 7일 17시,수요일,울산광역시 동구 전하동,경상사고,0,0,3,0,차대차 - 측면충돌,안전운전불이행,건조,맑음,교차로 - 교차로안,승용,여,47세,경상,승용,남,52세,경상
2021070700100430,2021년 7월 7일 17시,수요일,울산광역시 동구 화정동,경상사고,0,0,1,0,차대차 - 측면충돌,직진우회전진행방해,젖음/습기,비,교차로 - 교차로안,승용,남,54세,상해없음,이륜,남,45세,경상
2021070700100431,2021년 7월 7일 17시,수요일,울산광역시 북구 연암동,경상사고,0,0,1,0,차대차 - 추돌,안전운전불이행,젖음/습기,비,교차로 - 교차로안,승용,남,45세,상해없음,승용,남,56세,경상
2021070800100014,2021년 7월 8일 00시,목요일,울산광역시 동구 일산동,중상사고,0,1,0,0,차대차 - 측면충돌,안전운전불이행,젖음/습기,비,교차로 - 교차로부근,승용,남,31세,상해없음,승용,남,66세,중상
2021070800100112,2021년 7월 8일 08시,목요일,울산광역시 북구 호계동,경상사고,0,0,2,0,차대차 - 측면충돌,안전운전불이행,건조,맑음,교차로 - 교차로부근,화물,남,53세,상해없음,승용,여,45세,경상
2021070800100351,2021년 7월 8일 15시,목요일,울산광역시 동구 화정동,중상사고,0,1,0,0,차대사람 - 보도통행중,안전운전불이행,건조,맑음,교차로 - 교차로횡단보도내,이륜,남,48세,상해없음,보행자,남,12세,중상
2021070800100352,2021년 7월 8일 15시,목요일,울산광역시 동구 화정동,중상사고,0,1,0,0,차대차 - 측면충돌,신호위반,건조,맑음,교차로 - 교차로부근,이륜,남,84세,중상,승합,남,54세,상해없음
2021070800100469,2021년 7월 8일 18시,목요일,울산광역시 북구 호계동,중상사고,0,1,0,0,차대사람 - 기타,안전운전불이행,젖음/습기,비,단일로 - 기타,승용,여,28세,상해없음,보행자,남,14세,중상
2021070800100528,2021년 7월 8일 20시,목요일,울산광역시 동구 서부동,중상사고,0,1,0,0,차대사람 - 기타,안전운전불이행,건조,맑음,주차장 - 주차장,승용,여,25세,상해없음,보행자,여,57세,중상
2021070800100556,2021년 7월 8일 21시,목요일,울산광역시 남구 달동,중상사고,0,1,1,0,차대사람 - 차도통행중,안전운전불이행,젖음/습기,비,단일로 - 기타,승용,남,61세,상해없음,보행자,남,57세,중상
2021070900100123,2021년 7월 9일 09시,금요일,울산광역시 북구 중산동,중상사고,0,1,1,0,차대차 - 추돌,안전거리미확보,젖음/습기,흐림,단일로 - 기타,화물,남,56세,상해없음,화물,남,38세,중상
2021070900100221,2021년 7월 9일 12시,금요일,울산광역시 남구 옥동,중상사고,0,1,0,0,차대차 - 추돌,안전운전불이행,젖음/습기,흐림,교차로 - 교차로부근,화물,남,47세,상해없음,화물,남,67세,중상
2021070900100332,2021년 7월 9일 15시,금요일,울산광역시 남구 삼산동,경상사고,0,0,1,0,차대차 - 측면충돌,교차로운행방법위반,건조,흐림,교차로 - 교차로안,승용,남,74세,상해없음,승용,여,44세,경상
2021070900100422,2021년 7월 9일 17시,금요일,울산광역시 남구 달동,부상신고사고,0,0,0,1,차대사람 - 횡단중,안전운전불이행,건조,맑음,교차로 - 교차로부근,이륜,남,44세,부상신고,보행자,여,73세,상해없음