사고번호,사고일시,요일,시군구,사고내용,사망자수,중상자수,경상자수,부상신고자수,사고유형,법규위반,노면상태,기상상태,도로형태,가해운전자 차종,가해운전자 성별,가해운전자 연령,가해운전자 상해정도,피해운전자 차종,피해운전자 성별,피해운전자 연령,피해운전자 상해정도
2021070900100469,2021년 7월 9일 18시,금요일,울산광역시 남구 무거동,경상사고,0,0,1,0,차대차 - 측면충돌,직진우회전진행방해,건조,맑음,교차로 - 교차로안,이륜,남,47세,경상,승용,남,73세,상해없음
2021070900100470,2021년 7월 9일 18시,금요일,울산광역시 남구 야음동,중상사고,0,1,0,0,차대차 - 측면충돌,안전운전불이행,건조,기타,단일로 - 기타,승용,남,39세,상해없음,이륜,남,29세,중상
2021070900100471,2021년 7월 9일 18시,금요일,울산광역시 울주군 범서읍,경상사고,0,0,1,0,차대사람 - 보도통행중,기타,젖음/습기,흐림,기타 - 기타,승용,남,62세,기타불명,보행자,여,24세,경상
2021070900100472,2021년 7월 9일 18시,금요일,울산광역시 북구 신천동,중상사고,0,2,0,0,차대차 - 측면충돌,신호위반,젖음/습기,비,교차로 - 교차로안,이륜,남,55세,중상,승용,남,51세,중상
2021070900100517,2021년 7월 9일 19시,금요일,울산광역시 울주군 온산읍,중상사고,0,1,0,0,차대차 - 기타,교차로운행방법위반,건조,맑음,교차로 - 교차로안,이륜,남,43세,상해없음,이륜,남,35세,중상
2021071000100050,2021년 7월 10일 02시,토요일,울산광역시 울주군 청량읍,경상사고,0,0,1,0,차대차 - 추돌,안전운전불이행,기타,안개,단일로 - 기타,승용,남,29세,상해없음,승용,남,32세,경상
2021071000100069,2021년 7월 10일 04시,토요일,울산광역시 남구 신정동,경상사고,0,0,3,0,차대차 - 측면충돌,안전운전불이행,젖음/습기,흐림,단일로 - 기타,승용,남,28세,상해없음,승합,남,16세,경상
2021071000100310,2021년 7월 10일 13시,토요일,울산광역시 북구 연암동,경상사고,0,0,1,1,차대차 - 측면충돌,안전운전불이행,건조,맑음,기타 - 기타,자전거,남,66세,부상신고,자전거,남,60세,경상
2021071000100459,2021년 7월 10일 17시,토요일,울산광역시 북구 중산동,경상사고,0,0,2,0,차대차 - 측면충돌,교차로운행방법위반,건조,맑음,교차로 - 교차로안,화물,남,52세,상해없음,승용,남,30세,경상
2021071000100489,2021년 7월 10일 18시,토요일,울산광역시 중구 남외동,중상사고,0,1,0,0,차대차 - 측면충돌,기타,건조,맑음,교차로 - 교차로부근,이륜,남,26세,중상,승용,여,64세,상해없음
2021071000100519,2021년 7월 10일 19시,토요일,울산광역시 중구 유곡동,경상사고,0,0,1,0,차대사람 - 기타,안전운전불이행,건조,맑음,단일로 - 기타,개인형이동수단(PM),남,18세,상해없음,보행자,여,4세,경상
2021071000100551,2021년 7월 10일 20시,토요일,울산광역시 남구 달동,경상사고,0,0,1,0,차대사람 - 차도통행중,안전운전불이행,건조,맑음,교차로 - 교차로부근,승용,남,20세,상해없음,보행자,여,18세,경상
2021071000100565,2021년 7월 10일 21시,토요일,울산광역시 중구 다운동,부상신고사고,0,0,0,1,차대사람 - 기타,안전운전불이행,건조,맑음,단일로 - 기타,자전거,남,49세,부상신고,보행자,여,54세,상해없음
2021071000100591,2021년 7월 10일 22시,토요일,울산광역시 중구 성안동,중상사고,0,1,0,0,차대차 - 측면충돌,직진우회전진행방해,건조,맑음,교차로 - 교차로안,승용,남,56세,상해없음,이륜,남,49세,중상
2021071000100621,2021년 7월 10일 23시,토요일,울산광역시 북구 효문동,경상사고,0,0,1,0,차대사람 - 기타,안전운전불이행,건조,맑음,단일로 - 기타,승용,남,42세,상해없음,보행자,남,32세,경상
2021071100100011,2021년 7월 11일 00시,일요일,울산광역시 남구 매암동,경상사고,0,0,1,0,차대차 - 추돌,기타,건조,맑음,단일로 - 교량,승용,남,35세,상해없음,승용,남,26세,경상
2021071100100028,2021년 7월 11일 03시,일요일,울산광역시 남구 달동,경상사고,0,0,1,0,차대사람 - 횡단중,안전운전불이행,건조,맑음,교차로 - 교차로안,승용,남,54세,상해없음,보행자,남,23세,경상
2021071100100098,2021년 7월 11일 11시,일요일,울산광역시 남구 달동,경상사고,0,0,1,0,차대차 - 측면충돌,중앙선침범,건조,맑음,단일로 - 기타,승용,여,55세,상해없음,이륜,남,50세,경상
2021071100100125,2021년 7월 11일 12시,일요일,울산광역시 남구 달동,경상사고,0,0,2,0,차대차 - 측면충돌,안전거리미확보,건조,맑음,단일로 - 기타,승용,여,69세,상해없음,승용,남,26세,경상
2021071100100126,2021년 7월 11일 12시,일요일,울산광역시 울주군 온양읍,경상사고,0,0,1,0,차대차 - 기타,중앙선침범,건조,맑음,교차로 - 교차로안,자전거,여,36세,경상,승용,남,39세,상해없음
2021071100100155,2021년 7월 11일 13시,일요일,울산광역시 울주군 온산읍,중상사고,0,1,0,0,차대사람 - 기타,안전운전불이행,건조,맑음,교차로 - 교차로안,승용,남,56세,상해없음,보행자,남,48세,중상
2021071100100181,2021년 7월 11일 14시,일요일,울산광역시 울주군 삼동면,경상사고,0,0,3,0,차량단독 - 도로외이탈 - 추락,안전운전불이행,건조,맑음,교차로 - 교차로부근,승용,여,61세,경상,,,,
2021071100100309,2021년 7월 11일 18시,일요일,울산광역시 울주군 온산읍,중상사고,0,1,1,0,차대사람 - 횡단중,안전운전불이행,건조,맑음,단일로 - 기타,이륜,남,29세,경상,보행자,여,13세,중상
2021071100100310,2021년 7월 11일 18시,일요일,울산광역시 울주군 온양읍,사망사고,1,0,0,0,차량단독 - 공작물충돌,안전운전불이행,건조,맑음,단일로 - 기타,이륜,남,42세,사망,,,,
2021071100100361,2021년 7월 11일 20시,일요일,울산광역시 남구 야음동,경상사고,0,0,1,0,차대차 - 측면충돌,교차로운행방법위반,건조,맑음,교차로 - 교차로안,승용,남,24세,상해없음,승용,여,60세,경상
2021071100100401,2021년 7월 11일 22시,일요일,울산광역시 중구 유곡동,경상사고,0,0,1,0,차대차 - 측면충돌,안전운전불이행,건조,맑음,교차로 - 교차로안,승용,남,59세,상해없음,이륜,남,54세,경상
2021071200100250,2021년 7월 12일 14시,월요일,울산광역시 울주군 청량읍,경상사고,0,0,1,0,차대차 - 기타,안전거리미확보,건조,맑음,단일로 - 기타,특수,남,73세,상해없음,승용,남,42세,상해없음
2021071200100285,2021년 7월 12일 14시,월요일,울산광역시 중구 유곡동,중상사고,0,1,0,0,차대사람 - 차도통행중,안전운전불이행,건조,맑음,단일로 - 기타,승합,남,66세,상해없음,보행자,여,65세,중상
2021071200100286,2021년 7월 12일 14시,월요일,울산광역시 북구 창평동,경상사고,0,0,1,0,차대차 - 추돌,안전운전불이행,건조,맑음,단일로 - 기타,화물,남,58세,상해없음,승용,여,23세,경상
2021071200100425,2021년 7월 12일 17시,월요일,울산광역시 북구 호계동,경상사고,0,0,1,0,차대차 - 측면충돌,신호위반,건조,맑음,교차로 - 교차로안,승용,남,36세,상해없음,화물,남,26세,경상
2021071200100463,2021년 7월 12일 18시,월요일,울산광역시 북구 상안동,경상사고,0,0,1,0,차대사람 - 보도통행중,기타,건조,흐림,기타 - 기타,승용,여,64세,상해없음,보행자,여,55세,경상
2021071200100498,2021년 7월 12일 19시,월요일,울산광역시 남구 옥동,경상사고,0,0,2,0,차대차 - 정면충돌,안전운전불이행,건조,맑음,단일로 - 기타,자전거,남,14세,경상,자전거,남,29세,경상
2021071200100521,2021년 7월 12일 20시,월요일,울산광역시 남구 신정동,중상사고,0,1,0,0,차대사람 - 길가장자리구역통행중,안전운전불이행,건조,기타,단일로 - 기타,승용,여,52세,상해없음,보행자,여,59세,중상
2021071300100050,2021년 7월 13일 06시,화요일,울산광역시 남구 선암동,부상신고사고,0,0,0,1,차대차 - 추돌,안전거리미확보,건조,맑음,단일로 - 기타,화물,남,56세,상해없음,승용,남,34세,부상신고
2021071300100153,2021년 7월 13일 09시,화요일,울산광역시 북구 호계동,중상사고,0,1,1,0,차대차 - 측면충돌,신호위반,건조,맑음,교차로 - 교차로안,승용,여,52세,경상,승용,여,28세,중상
2021071300100219,2021년 7월 13일 11시,화요일,울산광역시 중구 성안동,부상신고사고,0,0,0,1,차대차 - 측면충돌,안전운전불이행,건조,맑음,단일로 - 기타,자전거,여,52세,부상신고,승용,여,63세,상해없음
2021071300100322,2021년 7월 13일 14시,화요일,울산광역시 울주군 온산읍,경상사고,0,0,1,0,차대차 - 측면충돌,안전운전불이행,건조,맑음,단일로 - 기타,건설기계,남,36세,상해없음,승용,남,56세,상해없음
2021071300100370,2021년 7월 13일 15시,화요일,울산광역시 남구 옥동,중상사고,0,1,0,0,차대차 - 정면충돌,안전운전불이행,건조,맑음,단일로 - 기타,승용,여,59세,상해없음,승용,남,57세,중상
2021071300100371,2021년 7월 13일 15시,화요일,울산광역시 북구 효문동,경상사고,0,0,1,0,차대차 - 측면충돌,안전운전불이행,건조,맑음,교차로 - 교차로안,화물,남,46세,상해없음,승용,남,62세,경상
2021071300100420,2021년 7월 13일 16시,화요일,울산광역시 중구 태화동,부상신고사고,0,0,0,1,차대차 - 측면충돌,불법유턴,건조,맑음,교차로 - 교차로안,자전거,남,59세,부상신고,승용,여,67세,상해없음
2021071300100468,2021년 7월 13일 17시,화요일,울산광역시 남구 여천동,경상사고,0,0,1,0,차대차 - 측면충돌,신호위반,건조,맑음,교차로 - 교차로안,승용,남,42세,상해없음,자전거,남,40세,경상
2021071300100469,2021년 7월 13일 17시,화요일,울산광역시 북구 천곡동,경상사고,0,0,1,0,차대사람 - 횡단중,안전운전불이행,건조,맑음,단일로 - 기타,승용,남,39세,상해없음,보행자,남,13세,경상
2021071300100523,2021년 7월 13일 18시,화요일,울산광역시 남구 신정동,중상사고,0,1,0,0,차대사람 - 보도통행중,보행자보호의무위반,건조,맑음,단일로 - 기타,이륜,남,46세,상해없음,보행자,여,45세,중상
2021071300100627,2021년 7월 13일 22시,화요일,울산광역시 남구 삼산동,중상사고,0,1,0,0,차대사람 - 기타,보행자보호의무위반,건조,맑음,교차로 - 교차로부근,이륜,남,40세,상해없음,보행자,여,59세,중상
2021071300100628,2021년 7월 13일 22시,화요일,울산광역시 남구 삼산동,경상사고,0,0,1,0,차대차 - 측면충돌,안전운전불이행,건조,맑음,교차로 - 교차로부근,승용,남,61세,상해없음,승용,남,25세,경상
2021071400100009,2021년 7월 14일 00시,수요일,울산광역시 남구 신정동,경상사고,0,0,1,0,차대차 - 정면충돌,안전운전불이행,건조,맑음,교차로 - 교차로안,승용,여,21세,상해없음,자전거,남,22세,경상
2021071400100045,2021년 7월 14일 05시,수요일,울산광역시 남구 무거동,중상사고,0,1,0,0,차대차 - 측면충돌,교차로운행방법위반,건조,맑음,교차로 - 교차로안,이륜,남,18세,중상,화물,여,39세,상해없음
2021071400100162,2021년 7월 14일 10시,수요일,울산광역시 동구 전하동,중상사고,0,1,0,0,차대차 - 측면충돌,신호위반,건조,맑음,교차로 - 교차로안,승용,남,22세,상해없음,이륜,남,65세,중상
2021071400100163,2021년 7월 14일 10시,수요일,울산광역시 동구 전하동,경상사고,0,0,2,0,차대차 - 정면충돌,중앙선침범,건조,맑음,단일로 - 기타,승용,남,44세,상해없음,승용,여,59세,경상
2021071400100194,2021년 7월 14일 11시,수요일,울산광역시 남구 상개동,중상사고,0,1,0,0,차대사람 - 기타,중앙선침범,건조,맑음,단일로 - 기타,화물,남,60세,상해없음,보행자,여,67세,중상
2021071400100296,2021년 7월 14일 14시,수요일,울산광역시 울주군 언양읍,중상사고,0,1,0,0,차대차 - 측면충돌,교차로운행방법위반,건조,맑음,교차로 - 교차로안,승용,남,68세,상해없음,이륜,남,42세,중상
2021071400100297,2021년 7월 14일 14시,수요일,울산광역시 북구 상안동,경상사고,0,0,3,0,차대차 - 추돌,신호위반,건조,맑음,교차로 - 교차로안,승용,여,32세,상해없음,승용,여,46세,경상
2021071400100337,2021년 7월 14일 15시,수요일,울산광역시 동구 일산동,경상사고,0,0,2,0,차대차 - 측면충돌,안전운전불이행,건조,맑음,교차로 - 교차로안,기타불명,여,64세,경상,승용,여,33세,경상
2021071400100338,2021년 7월 14일 15시,수요일,울산광역시 북구 염포동,경상사고,0,0,1,0,차대차 - 측면충돌,안전운전불이행,건조,맑음,교차로 - 교차로부근,승용,남,26세,상해없음,승용,남,26세,경상
2021071400100437,2021년 7월 14일 17시,수요일,울산광역시 울주군 언양읍,경상사고,0,0,1,0,차대사람 - 횡단중,보행자보호의무위반,건조,맑음,단일로 - 지하차도(도로)내,승용,여,41세,상해없음,보행자,남,5세,경상
2021071400100486,2021년 7월 14일 18시,수요일,울산광역시 울주군 삼남읍,부상신고사고,0,0,0,1,차대차 - 기타,안전거리미확보,건조,맑음,단일로 - 기타,승합,남,42세,상해없음,승합,남,40세,상해없음
2021071400100559,2021년 7월 14일 20시,수요일,울산광역시 중구 약사동,경상사고,0,0,1,0,차대차 - 측면충돌,중앙선침범,건조,맑음,단일로 - 기타,승합,남,24세,상해없음,승용,여,53세,경상
2021071400100587,2021년 7월 14일 21시,수요일,울산광역시 북구 효문동,경상사고,0,0,1,0,차대차 - 측면충돌,안전운전불이행,건조,맑음,단일로 - 기타,승용,남,52세,상해없음,승용,남,58세,경상
2021071400100610,2021년 7월 14일 22시,수요일,울산광역시 남구 달동,경상사고,0,0,3,1,차대차 - 측면충돌,안전거리미확보,건조,맑음,교차로 - 교차로안,승용,남,60세,부상신고,승용,남,28세,경상
2021071400100624,2021년 7월 14일 23시,수요일,울산광역시 남구 달동,경상사고,0,0,1,0,차대사람 - 차도통행중,안전운전불이행,건조,맑음,단일로 - 기타,승용,남,27세,상해없음,보행자,여,23세,경상
2021071500100013,2021년 7월 15일 00시,목요일,울산광역시 남구 달동,중상사고,0,1,0,0,차대차 - 측면충돌,안전운전불이행,건조,맑음,단일로 - 기타,이륜,남,26세,중상,승용,남,60세,상해없음
2021071500100027,2021년 7월 15일 03시,목요일,울산광역시 남구 옥동,중상사고,0,1,0,0,차대사람 - 차도통행중,안전운전불이행,건조,맑음,단일로 - 기타,승용,남,70세,상해없음,보행자,남,82세,중상
2021071500100036,2021년 7월 15일 05시,목요일,울산광역시 울주군 두서면,경상사고,0,0,1,0,차대차 - 측면충돌,신호위반,건조,맑음,교차로 - 교차로안,승용,여,26세,상해없음,승용,남,28세,경상
2021071500100113,2021년 7월 15일 08시,목요일,울산광역시 울주군 범서읍,경상사고,0,0,6,1,차대차 - 측면충돌,안전운전불이행,건조,맑음,교차로 - 교차로부근,승용,남,60세,상해없음,승합,남,36세,경상
2021071500100114,2021년 7월 15일 08시,목요일,울산광역시 북구 진장동,경상사고,0,0,1,0,차대차 - 추돌,안전운전불이행,건조,맑음,단일로 - 기타,승용,남,58세,상해없음,승용,여,50세,경상
2021071500100150,2021년 7월 15일 09시,목요일,울산광역시 남구 신정동,경상사고,0,0,1,0,차대차 - 측면충돌,안전거리미확보,건조,맑음,교차로 - 교차로안,승합,남,37세,상해없음,승용,여,30세,경상
2021071500100151,2021년 7월 15일 09시,목요일,울산광역시 남구 신정동,경상사고,0,0,1,0,차대사람 - 기타,안전운전불이행,건조,맑음,단일로 - 기타,승합,남,35세,상해없음,보행자,남,51세,경상
2021071500100243,2021년 7월 15일 12시,목요일,울산광역시 동구 방어동,경상사고,0,0,1,0,차대차 - 측면충돌,안전운전불이행,건조,맑음,교차로 - 교차로안,승용,남,71세,상해없음,승용,여,26세,경상
2021071500100286,2021년 7월 15일 13시,목요일,울산광역시 북구 신천동,경상사고,0,0,1,0,차대차 - 측면충돌,불법유턴,건조,맑음,단일로 - 고가도로위,자전거,남,81세,경상,승용,남,42세,상해없음
2021071500100357,2021년 7월 15일 15시,목요일,울산광역시 남구 신정동,경상사고,0,0,1,0,차대차 - 측면충돌,신호위반,건조,맑음,교차로 - 교차로안,승용,남,22세,상해없음,승용,남,26세,경상
2021071500100358,2021년 7월 15일 15시,목요일,울산광역시 남구 옥동,중상사고,0,1,0,0,차대차 - 측면충돌,안전거리미확보,건조,맑음,단일로 - 지하차도(도로)내,화물,남,57세,상해없음,승용,남,51세,중상
2021071500100359,2021년 7월 15일 15시,목요일,울산광역시 울주군 범서읍,중상사고,0,1,0,0,차대사람 - 차도통행중,보행자보호의무위반,건조,맑음,교차로 - 교차로횡단보도내,승용,남,39세,상해없음,보행자,여,83세,중상
2021071500100524,2021년 7월 15일 19시,목요일,울산광역시 북구 호계동,경상사고,0,0,1,0,차대사람 - 기타,안전운전불이행,건조,맑음,단일로 - 기타,승용,남,52세,상해없음,보행자,남,50세,경상
2021071500100618,2021년 7월 15일 23시,목요일,울산광역시 남구 달동,경상사고,0,0,1,0,차대사람 - 기타,기타,건조,기타,단일로 - 기타,승용,남,26세,상해없음,보행자,남,27세,경상
2021071600100014,2021년 7월 16일 01시,금요일,울산광역시 울주군 범서읍,중상사고,0,1,0,0,차대사람 - 길가장자리구역통행중,안전운전불이행,건조,맑음,기타 - 기타,승용,남,36세,상해없음,보행자,남,27세,중상
2021071600100169,2021년 7월 16일 10시,금요일,울산광역시 중구 반구동,경상사고,0,0,2,0,차대차 - 측면충돌,안전거리미확보,건조,맑음,교차로 - 교차로부근,승용,여,33세,상해없음,화물,남,68세,경상
2021071600100170,2021년 7월 16일 10시,금요일,울산광역시 중구 장현동,중상사고,0,1,0,0,차대사람 - 기타,보행자보호의무위반,건조,맑음,교차로 - 교차로횡단보도내,승용,여,56세,상해없음,보행자,남,27세,중상
2021071600100287,2021년 7월 16일 13시,금요일,울산광역시 울주군 온양읍,중상사고,0,1,0,0,차대사람 - 횡단중,안전운전불이행,건조,맑음,단일로 - 기타,이륜,남,52세,상해없음,보행자,여,60세,중상
2021071600100288,2021년 7월 16일 13시,금요일,울산광역시 북구 중산동,중상사고,0,1,1,0,차량단독 - 공작물충돌,안전운전불이행,건조,맑음,교차로 - 교차로부근,화물,남,67세,경상,,,,
2021071600100350,2021년 7월 16일 15시,금요일,울산광역시 남구 삼산동,경상사고,0,0,1,0,차대차 - 측면충돌,안전운전불이행,건조,맑음,단일로 - 기타,승용,여,60세,상해없음,승용,여,33세,경상
2021071600100351,2021년 7월 16일 15시,금요일,울산광역시 울주군 청량읍,경상사고,0,0,2,0,차대차 - 추돌,안전거리미확보,건조,맑음,교차로 - 교차로부근,건설기계,남,53세,상해없음,승용,여,39세,경상
2021071600100398,2021년 7월 16일 16시,금요일,울산광역시 남구 신정동,중상사고,0,1,0,0,차대차 - 측면충돌,신호위반,건조,맑음,교차로 - 교차로안,승용,남,61세,상해없음,승용,여,49세,중상
2021071600100441,2021년 7월 16일 17시,금요일,울산광역시 동구 방어동,경상사고,0,0,1,0,차대차 - 추돌,안전운전불이행,건조,맑음,단일로 - 기타,승용,남,19세,상해없음,승용,여,64세,경상
2021071600100501,2021년 7월 16일 18시,금요일,울산광역시 중구 복산동,경상사고,0,0,1,0,차대차 - 측면충돌,신호위반,건조,맑음,교차로 - 교차로횡단보도내,승용,남,40세,상해없음,자전거,남,45세,경상
2021071600100502,2021년 7월 16일 18시,금요일,울산광역시 중구 복산동,경상사고,0,0,2,0,차대차 - 측면충돌,교차로운행방법위반,건조,맑음,교차로 - 교차로안,승용,남,33세,상해없음,승용,여,57세,경상
2021071600100503,2021년 7월 16일 18시,금요일,울산광역시 남구 신정동,중상사고,0,1,0,0,차대차 - 정면충돌,직진우회전진행방해,건조,맑음,교차로 - 교차로안,승용,여,38세,상해없음,이륜,남,31세,중상
2021071600100504,2021년 7월 16일 18시,금요일,울산광역시 북구 매곡동,중상사고,0,1,0,0,차대차 - 측면충돌,안전운전불이행,건조,맑음,교차로 - 교차로안,승용,여,64세,상해없음,자전거,남,47세,중상
2021071600100505,2021년 7월 16일 18시,금요일,울산광역시 북구 연암동,경상사고,0,0,1,0,차대차 - 추돌,안전운전불이행,건조,맑음,단일로 - 기타,승용,여,35세,상해없음,승용,여,42세,경상
2021071600100552,2021년 7월 16일 19시,금요일,울산광역시 남구 신정동,부상신고사고,0,0,0,1,차대차 - 측면충돌,안전운전불이행,건조,맑음,교차로 - 교차로부근,이륜,남,20세,부상신고,승용,남,47세,상해없음
2021071600100637,2021년 7월 16일 21시,금요일,울산광역시 울주군 온양읍,경상사고,0,0,1,0,차대차 - 측면충돌,안전운전불이행,건조,맑음,단일로 - 기타,승용,남,52세,기타불명,승용,남,47세,경상
2021071600100675,2021년 7월 16일 22시,금요일,울산광역시 중구 남외동,중상사고,0,1,0,0,차대차 - 정면충돌,중앙선침범,건조,맑음,단일로 - 기타,승용,남,25세,상해없음,이륜,남,68세,중상
2021071700100016,2021년 7월 17일 00시,토요일,울산광역시 중구 옥교동,경상사고,0,0,1,0,차대사람 - 기타,안전운전불이행,건조,맑음,단일로 - 기타,승용,남,27세,상해없음,보행자,남,21세,경상
2021071700100047,2021년 7월 17일 05시,토요일,울산광역시 동구 방어동,경상사고,0,0,1,0,차대차 - 기타,안전운전불이행,젖음/습기,흐림,교차로 - 교차로부근,화물,남,50세,상해없음,이륜,남,41세,경상
2021071700100366,2021년 7월 17일 15시,토요일,울산광역시 남구 선암동,경상사고,0,0,1,0,차대차 - 측면충돌,직진우회전진행방해,건조,맑음,교차로 - 교차로안,승용,남,27세,상해없음,승용,여,43세,경상
2021071700100399,2021년 7월 17일 16시,토요일,울산광역시 북구 진장동,경상사고,0,0,2,0,차대차 - 추돌,안전운전불이행,건조,맑음,교차로 - 교차로안,이륜,남,63세,경상,승용,여,41세,경상
2021071700100442,2021년 7월 17일 17시,토요일,울산광역시 남구 신정동,경상사고,0,0,1,0,차대사람 - 기타,안전운전불이행,건조,맑음,단일로 - 기타,승용,남,80세,상해없음,보행자,남,48세,경상
2021071700100443,2021년 7월 17일 17시,토요일,울산광역시 동구 일산동,경상사고,0,0,1,0,차대차 - 추돌,교차로운행방법위반,건조,맑음,교차로 - 교차로안,이륜,남,66세,경상,화물,남,71세,상해없음
2021071700100498,2021년 7월 17일 19시,토요일,울산광역시 북구 상안동,경상사고,0,0,1,0,차대차 - 측면충돌,불법유턴,건조,맑음,단일로 - 기타,자전거,남,11세,경상,승용,남,18세,상해없음
2021071700100598,2021년 7월 17일 22시,토요일,울산광역시 울주군 온양읍,경상사고,0,0,1,0,차대차 - 기타,안전운전불이행,건조,맑음,교차로 - 교차로안,승용,남,58세,기타불명,승용,남,38세,경상
2021071800100032,2021년 7월 18일 02시,일요일,울산광역시 남구 신정동,경상사고,0,0,2,0,차대차 - 측면충돌,안전운전불이행,건조,기타,단일로 - 기타,승용,남,58세,상해없음,승용,여,62세,경상
2021071800100049,2021년 7월 18일 07시,일요일,울산광역시 남구 신정동,경상사고,0,0,1,0,차대차 - 측면충돌,차로위반,건조,맑음,교차로 - 교차로안,승용,남,60세,상해없음,승용,남,32세,경상
2021071800100077,2021년 7월 18일 10시,일요일,울산광역시 울주군 언양읍,경상사고,0,0,1,0,차대차 - 측면충돌,안전거리미확보,건조,맑음,단일로 - 기타,승용,남,21세,기타불명,승용,남,51세,경상
2021071800100085,2021년 7월 18일 10시,일요일,울산광역시 울주군 상북면,경상사고,0,0,4,0,차대차 - 측면충돌,교차로운행방법위반,건조,맑음,교차로 - 교차로안,승용,여,53세,경상,승용,남,59세,경상
2021071800100246,2021년 7월 18일 15시,일요일,울산광역시 울주군 삼남읍,경상사고,0,0,2,0,차대차 - 측면충돌,신호위반,건조,맑음,교차로 - 교차로안,승용,남,60세,상해없음,승용,남,60세,경상
2021071800100273,2021년 7월 18일 16시,일요일,울산광역시 울주군 상북면,중상사고,0,1,0,0,차대차 - 추돌,안전운전불이행,건조,맑음,단일로 - 기타,자전거,남,72세,중상,승용,남,58세,상해없음
2021071800100357,2021년 7월 18일 19시,일요일,울산광역시 울주군 온산읍,중상사고,0,1,0,0,차대차 - 측면충돌,안전운전불이행,건조,맑음,교차로 - 교차로안,이륜,남,32세,중상,승용,남,63세,상해없음
2021071800100384,2021년 7월 18일 20시,일요일,울산광역시 중구 우정동,경상사고,0,0,1,0,차대차 - 추돌,안전운전불이행,건조,맑음,단일로 - 기타,사륜오토바이(ATV),남,58세,상해없음,승용,남,41세,상해없음
2021071800100385,2021년 7월 18일 20시,일요일,울산광역시 남구 신정동,경상사고,0,0,1,0,차대차 - 정면충돌,신호위반,건조,맑음,교차로 - 교차로안,승용,남,51세,상해없음,이륜,남,28세,경상
2021071800100386,2021년 7월 18일 20시,일요일,울산광역시 북구 진장동,경상사고,0,0,1,0,차대차 - 추돌,안전운전불이행,건조,맑음,단일로 - 고가도로위,승용,남,30세,상해없음,승용,남,64세,경상
2021071800100418,2021년 7월 18일 21시,일요일,울산광역시 남구 신정동,경상사고,0,0,2,0,차대차 - 측면충돌,교차로운행방법위반,건조,기타,교차로 - 교차로안,승용,남,62세,상해없음,승용,남,28세,경상
2021071900100008,2021년 7월 19일 00시,월요일,울산광역시 중구 성남동,경상사고,0,0,1,1,차대차 - 추돌,신호위반,건조,맑음,단일로 - 기타,이륜,남,16세,부상신고,승용,남,21세,경상
2021071900100009,2021년 7월 19일 00시,월요일,울산광역시 울주군 삼남읍,경상사고,0,0,1,0,차대차 - 측면충돌,교차로운행방법위반,건조,맑음,교차로 - 교차로안,승용,남,42세,상해없음,승용,남,47세,상해없음
2021071900100110,2021년 7월 19일 08시,월요일,울산광역시 남구 신정동,중상사고,0,1,0,1,차대차 - 추돌,안전운전불이행,건조,맑음,교차로 - 교차로안,승용,여,34세,부상신고,승용,남,54세,상해없음
2021071900100146,2021년 7월 19일 09시,월요일,울산광역시 남구 야음동,중상사고,0,1,0,0,차대사람 - 차도통행중,안전운전불이행,건조,맑음,단일로 - 기타,승용,여,38세,상해없음,보행자,남,66세,중상
2021071900100217,2021년 7월 19일 11시,월요일,울산광역시 남구 무거동,경상사고,0,0,1,0,차대차 - 측면충돌,안전운전불이행,건조,맑음,단일로 - 기타,승용,여,31세,상해없음,승합,여,54세,경상
2021071900100218,2021년 7월 19일 11시,월요일,울산광역시 북구 호계동,경상사고,0,0,1,0,차대차 - 기타,안전운전불이행,건조,맑음,단일로 - 기타,이륜,남,31세,경상,승용,남,31세,상해없음
2021071900100254,2021년 7월 19일 12시,월요일,울산광역시 동구 방어동,중상사고,0,1,1,0,차대차 - 기타,교차로운행방법위반,건조,맑음,교차로 - 교차로안,승용,남,19세,상해없음,이륜,남,41세,중상
2021071900100434,2021년 7월 19일 17시,월요일,울산광역시 남구 달동,경상사고,0,0,1,0,차대차 - 추돌,안전운전불이행,건조,맑음,교차로 - 교차로부근,승용,남,20세,상해없음,이륜,남,38세,경상
2021071900100516,2021년 7월 19일 19시,월요일,울산광역시 울주군 언양읍,경상사고,0,0,1,0,차대사람 - 기타,안전운전불이행,건조,맑음,단일로 - 기타,승용,남,33세,기타불명,보행자,남,53세,경상
2021072000100008,2021년 7월 20일 00시,화요일,울산광역시 중구 태화동,중상사고,0,1,0,0,차대차 - 측면충돌,기타,건조,맑음,단일로 - 기타,승용,남,30세,상해없음,이륜,남,20세,중상
2021072000100009,2021년 7월 20일 00시,화요일,울산광역시 울주군 온산읍,경상사고,0,0,1,0,차대사람 - 길가장자리구역통행중,안전운전불이행,건조,맑음,교차로 - 교차로부근,승용,여,55세,상해없음,보행자,남,34세,경상
2021072000100029,2021년 7월 20일 05시,화요일,울산광역시 북구 창평동,부상신고사고,0,0,0,1,차량단독 - 공작물충돌,안전운전불이행,건조,맑음,교차로 - 교차로부근,화물,남,71세,부상신고,,,,