사고번호,사고일시,요일,시군구,사고내용,사망자수,중상자수,경상자수,부상신고자수,사고유형,법규위반,노면상태,기상상태,도로형태,가해운전자 차종,가해운전자 성별,가해운전자 연령,가해운전자 상해정도,피해운전자 차종,피해운전자 성별,피해운전자 연령,피해운전자 상해정도
2021073000100434,2021년 7월 30일 17시,금요일,울산광역시 울주군 범서읍,경상사고,0,0,1,0,차량단독 - 공작물충돌,안전운전불이행,건조,맑음,교차로 - 교차로부근,승합,남,69세,상해없음,,,,
2021073000100435,2021년 7월 30일 17시,금요일,울산광역시 울주군 청량읍,경상사고,0,0,2,0,차대차 - 측면충돌,안전운전불이행,건조,맑음,교차로 - 교차로안,승용,남,47세,상해없음,승용,남,56세,경상
2021073000100601,2021년 7월 30일 22시,금요일,울산광역시 북구 효문동,중상사고,0,2,0,0,차대차 - 측면충돌,안전운전불이행,건조,맑음,교차로 - 교차로부근,화물,남,57세,상해없음,승용,여,61세,중상
2021073100100120,2021년 7월 31일 10시,토요일,울산광역시 동구 방어동,경상사고,0,0,2,0,차대차 - 측면충돌,신호위반,건조,맑음,교차로 - 교차로안,승용,남,59세,경상,승용,남,61세,경상
2021073100100259,2021년 7월 31일 13시,토요일,울산광역시 중구 태화동,경상사고,0,0,2,0,차대차 - 측면충돌,직진우회전진행방해,건조,맑음,교차로 - 교차로부근,승용,여,63세,상해없음,승용,남,35세,경상
2021073100100260,2021년 7월 31일 13시,토요일,울산광역시 울주군 상북면,부상신고사고,0,0,0,1,차대차 - 추돌,교차로운행방법위반,건조,맑음,단일로 - 기타,이륜,남,20세,부상신고,승용,남,25세,상해없음
2021073100100358,2021년 7월 31일 16시,토요일,울산광역시 북구 창평동,경상사고,0,0,1,0,차대차 - 측면충돌,신호위반,건조,맑음,교차로 - 교차로안,승용,남,64세,상해없음,승합,남,60세,상해없음
2021073100100407,2021년 7월 31일 17시,토요일,울산광역시 남구 신정동,경상사고,0,0,1,0,차대차 - 측면충돌,직진우회전진행방해,건조,맑음,교차로 - 교차로안,승용,남,36세,상해없음,이륜,남,30세,경상
2021073100100435,2021년 7월 31일 18시,토요일,울산광역시 동구 방어동,경상사고,0,0,1,0,차대사람 - 횡단중,신호위반,건조,맑음,교차로 - 교차로안,이륜,남,32세,상해없음,보행자,남,48세,경상
2021073100100468,2021년 7월 31일 19시,토요일,울산광역시 북구 진장동,부상신고사고,0,0,0,1,차대차 - 추돌,교차로운행방법위반,건조,맑음,단일로 - 기타,이륜,남,16세,부상신고,승용,남,46세,상해없음
2021080100100009,2021년 8월 1일 00시,일요일,울산광역시 울주군 범서읍,경상사고,0,0,4,0,차대차 - 후진중충돌,안전운전불이행,건조,맑음,교차로 - 교차로안,승용,남,51세,상해없음,승용,남,22세,경상
2021080100100024,2021년 8월 1일 03시,일요일,울산광역시 북구 진장동,부상신고사고,0,0,0,1,차량단독 - 공작물충돌,안전운전불이행,젖음/습기,흐림,교차로 - 교차로부근,화물,남,22세,부상신고,,,,
2021080100100032,2021년 8월 1일 06시,일요일,울산광역시 북구 연암동,중상사고,0,1,0,0,차량단독 - 공작물충돌,안전운전불이행,젖음/습기,맑음,단일로 - 기타,승용,남,60세,상해없음,,,,
2021080100100121,2021년 8월 1일 11시,일요일,울산광역시 울주군 상북면,부상신고사고,0,0,0,3,차대차 - 측면충돌,교차로운행방법위반,건조,맑음,교차로 - 교차로안,승용,남,20세,상해없음,승용,남,49세,부상신고
2021080100100122,2021년 8월 1일 11시,일요일,울산광역시 북구 신명동,중상사고,0,1,0,0,차대사람 - 기타,안전운전불이행,건조,맑음,단일로 - 기타,승용,남,46세,상해없음,보행자,남,60세,중상
2021080100100173,2021년 8월 1일 13시,일요일,울산광역시 남구 무거동,경상사고,0,0,1,0,차대차 - 측면충돌,신호위반,건조,맑음,교차로 - 교차로안,승용,여,53세,상해없음,승합,남,47세,경상
2021080100100278,2021년 8월 1일 17시,일요일,울산광역시 북구 호계동,경상사고,0,0,1,0,차대차 - 측면충돌,안전운전불이행,건조,맑음,교차로 - 교차로부근,승용,남,71세,상해없음,승용,남,65세,경상
2021080100100443,2021년 8월 1일 22시,일요일,울산광역시 동구 전하동,경상사고,0,0,2,0,차대사람 - 길가장자리구역통행중,안전운전불이행,건조,맑음,단일로 - 기타,승용,남,65세,상해없음,보행자,여,53세,경상
2021080100100462,2021년 8월 1일 23시,일요일,울산광역시 북구 매곡동,중상사고,0,1,0,0,차대차 - 추돌,안전운전불이행,건조,맑음,단일로 - 기타,이륜,남,26세,중상,화물,남,52세,기타불명
2021080200100018,2021년 8월 2일 01시,월요일,울산광역시 남구 고사동,중상사고,0,1,0,0,차대차 - 추돌,안전거리미확보,건조,맑음,단일로 - 기타,화물,남,56세,중상,특수,남,50세,기타불명
2021080200100116,2021년 8월 2일 09시,월요일,울산광역시 북구 중산동,경상사고,0,0,1,0,차대사람 - 기타,안전운전불이행,건조,맑음,기타 - 기타,승용,여,54세,상해없음,보행자,남,31세,경상
2021080200100138,2021년 8월 2일 10시,월요일,울산광역시 울주군 온양읍,경상사고,0,0,2,0,차대차 - 정면충돌,중앙선침범,건조,맑음,단일로 - 지하차도(도로)내,승용,남,29세,상해없음,승용,남,55세,경상
2021080200100176,2021년 8월 2일 11시,월요일,울산광역시 중구 학성동,중상사고,0,1,0,0,차대차 - 기타,안전거리미확보,젖음/습기,비,교차로 - 교차로안,승용,여,48세,상해없음,자전거,남,77세,중상
2021080200100219,2021년 8월 2일 12시,월요일,울산광역시 남구 무거동,경상사고,0,0,1,0,차대차 - 정면충돌,안전운전불이행,건조,맑음,교차로 - 교차로안,승용,남,64세,상해없음,이륜,남,35세,경상
2021080200100220,2021년 8월 2일 12시,월요일,울산광역시 남구 여천동,중상사고,0,1,0,0,차대사람 - 기타,안전운전불이행,건조,맑음,기타 - 기타,특수,남,48세,상해없음,보행자,남,28세,중상
2021080200100455,2021년 8월 2일 18시,월요일,울산광역시 중구 남외동,경상사고,0,0,1,1,차대차 - 정면충돌,교차로운행방법위반,건조,맑음,교차로 - 교차로안,승용,여,48세,부상신고,승용,여,36세,경상
2021080200100456,2021년 8월 2일 18시,월요일,울산광역시 북구 호계동,경상사고,0,0,1,1,차대차 - 측면충돌,교차로운행방법위반,건조,맑음,교차로 - 교차로안,화물,여,36세,부상신고,승용,남,25세,경상
2021080200100481,2021년 8월 2일 19시,월요일,울산광역시 울주군 범서읍,중상사고,0,1,0,0,차대차 - 기타,안전운전불이행,건조,맑음,교차로 - 교차로부근,승용,남,49세,상해없음,이륜,남,24세,중상
2021080200100482,2021년 8월 2일 19시,월요일,울산광역시 울주군 청량읍,중상사고,0,1,1,0,차대차 - 측면충돌,신호위반,건조,맑음,교차로 - 교차로안,승용,여,61세,상해없음,승용,남,32세,중상
2021080200100541,2021년 8월 2일 21시,월요일,울산광역시 남구 신정동,중상사고,0,1,0,0,차대사람 - 기타,안전운전불이행,건조,맑음,단일로 - 기타,승용,남,68세,상해없음,보행자,여,23세,중상
2021080200100564,2021년 8월 2일 22시,월요일,울산광역시 남구 신정동,중상사고,0,1,0,0,차대차 - 측면충돌,중앙선침범,건조,기타,교차로 - 교차로안,승용,남,28세,상해없음,이륜,남,31세,중상
2021080200100565,2021년 8월 2일 22시,월요일,울산광역시 남구 달동,경상사고,0,0,1,0,차대사람 - 기타,안전운전불이행,건조,맑음,단일로 - 기타,승용,남,23세,상해없음,보행자,남,25세,경상
2021080200100566,2021년 8월 2일 22시,월요일,울산광역시 울주군 범서읍,경상사고,0,0,1,0,차대사람 - 차도통행중,안전운전불이행,건조,맑음,단일로 - 지하차도(도로)내,승용,남,47세,상해없음,보행자,남,55세,경상
2021080300100183,2021년 8월 3일 12시,화요일,울산광역시 울주군 온산읍,경상사고,0,0,2,0,차대차 - 측면충돌,직진우회전진행방해,건조,맑음,교차로 - 교차로안,승용,남,46세,상해없음,화물,남,59세,경상
2021080300100218,2021년 8월 3일 13시,화요일,울산광역시 울주군 삼남읍,경상사고,0,0,1,0,차대차 - 측면충돌,중앙선침범,건조,맑음,단일로 - 기타,자전거,남,37세,경상,승용,여,55세,상해없음
2021080300100256,2021년 8월 3일 14시,화요일,울산광역시 중구 성안동,경상사고,0,0,2,0,차대차 - 측면충돌,중앙선침범,젖음/습기,흐림,단일로 - 기타,승용,남,72세,상해없음,이륜,남,45세,경상
2021080300100324,2021년 8월 3일 16시,화요일,울산광역시 울주군 범서읍,경상사고,0,0,4,0,차대차 - 정면충돌,중앙선침범,건조,맑음,단일로 - 기타,승용,여,59세,경상,승용,남,51세,경상
2021080300100367,2021년 8월 3일 17시,화요일,울산광역시 중구 성남동,경상사고,0,0,2,1,차대차 - 측면충돌,안전거리미확보,건조,맑음,단일로 - 기타,승용,남,62세,부상신고,승합,남,50세,경상
2021080300100368,2021년 8월 3일 17시,화요일,울산광역시 동구 화정동,경상사고,0,0,1,0,차대차 - 측면충돌,직진우회전진행방해,건조,맑음,교차로 - 교차로안,이륜,남,59세,상해없음,이륜,남,61세,경상
2021080300100455,2021년 8월 3일 20시,화요일,울산광역시 울주군 온양읍,경상사고,0,0,1,0,차대사람 - 길가장자리구역통행중,안전운전불이행,건조,맑음,단일로 - 고가도로위,승용,남,20세,상해없음,보행자,여,17세,경상
2021080300100519,2021년 8월 3일 23시,화요일,울산광역시 북구 염포동,경상사고,0,0,2,0,차대차 - 추돌,안전운전불이행,건조,맑음,단일로 - 기타,승용,남,44세,상해없음,승용,남,63세,경상
2021080400100007,2021년 8월 4일 00시,수요일,울산광역시 남구 삼산동,경상사고,0,0,1,0,차대차 - 측면충돌,안전거리미확보,건조,맑음,단일로 - 기타,승용,여,45세,상해없음,이륜,여,25세,경상
2021080400100028,2021년 8월 4일 05시,수요일,울산광역시 중구 다운동,경상사고,0,0,1,0,차대차 - 추돌,안전운전불이행,건조,맑음,교차로 - 교차로부근,승용,남,64세,기타불명,승용,남,55세,경상
2021080400100036,2021년 8월 4일 06시,수요일,울산광역시 동구 전하동,중상사고,0,1,0,0,차대차 - 측면충돌,직진우회전진행방해,건조,맑음,교차로 - 교차로안,승용,여,57세,상해없음,이륜,남,53세,중상
2021080400100057,2021년 8월 4일 07시,수요일,울산광역시 중구 약사동,경상사고,0,0,1,0,차대차 - 측면충돌,안전운전불이행,건조,맑음,교차로 - 교차로부근,승용,남,67세,상해없음,승용,남,51세,경상
2021080400100093,2021년 8월 4일 08시,수요일,울산광역시 울주군 범서읍,경상사고,0,0,2,0,차대차 - 측면충돌,안전운전불이행,건조,맑음,단일로 - 기타,승용,남,59세,경상,승용,남,51세,경상
2021080400100217,2021년 8월 4일 12시,수요일,울산광역시 남구 달동,경상사고,0,0,1,0,차대차 - 측면충돌,안전거리미확보,건조,맑음,단일로 - 기타,승용,남,66세,상해없음,승용,남,30세,경상
2021080400100372,2021년 8월 4일 16시,수요일,울산광역시 중구 남외동,중상사고,0,1,0,0,차대차 - 기타,안전운전불이행,건조,맑음,교차로 - 교차로안,자전거,남,76세,중상,승용,여,51세,상해없음
2021080400100535,2021년 8월 4일 20시,수요일,울산광역시 북구 신천동,경상사고,0,0,5,1,차대차 - 추돌,안전거리미확보,건조,맑음,교차로 - 교차로부근,승용,남,46세,상해없음,승용,여,31세,경상
2021080400100553,2021년 8월 4일 21시,수요일,울산광역시 중구 다운동,중상사고,0,1,0,0,차대사람 - 횡단중,보행자보호의무위반,건조,맑음,교차로 - 교차로횡단보도내,승용,여,49세,상해없음,보행자,여,48세,중상
2021080400100554,2021년 8월 4일 21시,수요일,울산광역시 북구 연암동,부상신고사고,0,0,0,1,차대차 - 측면충돌,안전운전불이행,건조,맑음,단일로 - 기타,승용,여,22세,부상신고,화물,남,45세,기타불명
2021080400100588,2021년 8월 4일 22시,수요일,울산광역시 중구 학성동,경상사고,0,0,1,0,차대차 - 측면충돌,안전운전불이행,건조,맑음,단일로 - 기타,개인형이동수단(PM),여,20세,경상,승용,남,55세,상해없음
2021080400100589,2021년 8월 4일 22시,수요일,울산광역시 남구 신정동,경상사고,0,0,2,0,차대차 - 측면충돌,중앙선침범,건조,맑음,단일로 - 기타,승용,남,21세,상해없음,승용,남,29세,경상
2021080500100206,2021년 8월 5일 11시,목요일,울산광역시 동구 서부동,경상사고,0,0,1,0,차대사람 - 횡단중,보행자보호의무위반,건조,맑음,교차로 - 교차로횡단보도내,승용,여,51세,상해없음,보행자,남,69세,경상
2021080500100240,2021년 8월 5일 12시,목요일,울산광역시 남구 신정동,경상사고,0,0,2,0,차대차 - 측면충돌,직진우회전진행방해,건조,맑음,교차로 - 교차로안,승용,여,50세,상해없음,승용,여,51세,경상
2021080500100288,2021년 8월 5일 14시,목요일,울산광역시 울주군 두동면,중상사고,0,1,2,0,차대차 - 기타,차로위반,건조,맑음,단일로 - 기타,특수,남,71세,상해없음,화물,남,70세,중상
2021080500100429,2021년 8월 5일 17시,목요일,울산광역시 남구 야음동,경상사고,0,0,1,0,차대차 - 측면충돌,신호위반,건조,맑음,교차로 - 교차로안,승용,남,29세,상해없음,자전거,남,34세,경상
2021080500100517,2021년 8월 5일 19시,목요일,울산광역시 북구 진장동,경상사고,0,0,2,0,차대사람 - 횡단중,신호위반,건조,맑음,교차로 - 교차로횡단보도내,이륜,남,39세,경상,보행자,여,44세,경상
2021080500100580,2021년 8월 5일 21시,목요일,울산광역시 울주군 범서읍,경상사고,0,0,1,0,차대차 - 기타,안전운전불이행,건조,맑음,교차로 - 교차로부근,승용,남,47세,상해없음,승용,남,47세,상해없음
2021080500100605,2021년 8월 5일 22시,목요일,울산광역시 남구 신정동,경상사고,0,0,1,0,차대차 - 추돌,안전운전불이행,건조,맑음,단일로 - 기타,승용,남,34세,상해없음,승용,남,31세,경상
2021080600100137,2021년 8월 6일 09시,금요일,울산광역시 중구 약사동,부상신고사고,0,0,0,1,차대차 - 측면충돌,안전운전불이행,건조,맑음,단일로 - 기타,이륜,남,52세,부상신고,승용,여,55세,상해없음
2021080600100223,2021년 8월 6일 12시,금요일,울산광역시 중구 남외동,경상사고,0,0,1,0,차대차 - 측면충돌,안전운전불이행,건조,맑음,단일로 - 기타,승용,남,77세,상해없음,자전거,남,67세,경상
2021080600100224,2021년 8월 6일 12시,금요일,울산광역시 남구 야음동,경상사고,0,0,1,0,차대사람 - 횡단중,안전운전불이행,건조,맑음,교차로 - 교차로안,승용,여,57세,상해없음,보행자,남,11세,경상
2021080600100260,2021년 8월 6일 13시,금요일,울산광역시 울주군 삼남읍,중상사고,0,1,0,0,차대차 - 측면충돌,직진우회전진행방해,건조,맑음,교차로 - 교차로안,화물,남,71세,상해없음,이륜,남,51세,중상
2021080600100352,2021년 8월 6일 15시,금요일,울산광역시 울주군 삼남읍,경상사고,0,0,2,0,차대차 - 측면충돌,교차로운행방법위반,건조,맑음,교차로 - 교차로안,승용,남,38세,상해없음,승용,남,34세,경상
2021080600100445,2021년 8월 6일 17시,금요일,울산광역시 울주군 삼남읍,경상사고,0,0,1,0,차대차 - 추돌,안전운전불이행,건조,맑음,단일로 - 기타,화물,여,49세,상해없음,승용,남,40세,경상
2021080600100446,2021년 8월 6일 17시,금요일,울산광역시 북구 중산동,중상사고,0,1,0,0,차대차 - 측면충돌,안전운전불이행,건조,맑음,교차로 - 교차로안,화물,남,58세,상해없음,자전거,여,44세,중상
2021080600100502,2021년 8월 6일 18시,금요일,울산광역시 남구 야음동,중상사고,0,1,0,0,차대차 - 측면충돌,교차로운행방법위반,건조,맑음,교차로 - 교차로안,원동기,남,20세,상해없음,승용,여,49세,중상
2021080600100531,2021년 8월 6일 19시,금요일,울산광역시 남구 신정동,경상사고,0,0,2,0,차대사람 - 횡단중,신호위반,건조,맑음,교차로 - 교차로안,승용,남,54세,상해없음,보행자,여,27세,경상
2021080600100594,2021년 8월 6일 21시,금요일,울산광역시 남구 신정동,경상사고,0,0,2,0,차대차 - 측면충돌,신호위반,건조,맑음,교차로 - 교차로안,승용,여,45세,상해없음,승용,남,61세,경상
2021080700100075,2021년 8월 7일 09시,토요일,울산광역시 울주군 삼동면,중상사고,0,3,1,0,차대차 - 측면충돌,신호위반,건조,맑음,단일로 - 기타,화물,남,63세,상해없음,화물,남,53세,경상
2021080700100076,2021년 8월 7일 09시,토요일,울산광역시 울주군 삼동면,중상사고,0,2,0,1,차대차 - 추돌,안전운전불이행,건조,맑음,단일로 - 기타,승용,남,54세,상해없음,화물,남,64세,중상
2021080700100167,2021년 8월 7일 11시,토요일,울산광역시 중구 성남동,경상사고,0,0,1,0,차대사람 - 횡단중,보행자보호의무위반,건조,맑음,교차로 - 교차로횡단보도내,화물,남,43세,상해없음,보행자,남,75세,경상
2021080700100209,2021년 8월 7일 12시,토요일,울산광역시 남구 신정동,부상신고사고,0,0,0,1,차대차 - 측면충돌,차로위반,건조,맑음,단일로 - 기타,승용,남,57세,상해없음,이륜,남,42세,부상신고
2021080700100210,2021년 8월 7일 12시,토요일,울산광역시 동구 일산동,중상사고,0,1,0,0,차대차 - 측면충돌,안전운전불이행,건조,맑음,교차로 - 교차로안,이륜,여,54세,중상,승용,남,52세,상해없음
2021080700100340,2021년 8월 7일 16시,토요일,울산광역시 울주군 언양읍,사망사고,1,0,0,0,차대차 - 측면충돌,안전거리미확보,건조,맑음,단일로 - 기타,화물,남,61세,상해없음,이륜,남,79세,사망
2021080700100341,2021년 8월 7일 16시,토요일,울산광역시 북구 신현동,경상사고,0,0,6,1,차대차 - 추돌,안전거리미확보,건조,맑음,단일로 - 기타,승용,남,44세,경상,승용,남,61세,경상
2021080700100517,2021년 8월 7일 21시,토요일,울산광역시 중구 복산동,경상사고,0,0,2,0,차대차 - 정면충돌,신호위반,건조,맑음,교차로 - 교차로안,승용,남,25세,상해없음,승용,남,30세,경상
2021080700100548,2021년 8월 7일 22시,토요일,울산광역시 남구 삼산동,중상사고,0,1,0,0,차대차 - 측면충돌,신호위반,건조,맑음,교차로 - 교차로안,승용,남,61세,상해없음,이륜,남,61세,중상
2021080800100019,2021년 8월 8일 00시,일요일,울산광역시 동구 화정동,중상사고,0,2,1,1,차대차 - 정면충돌,중앙선침범,젖음/습기,비,단일로 - 터널,승용,남,63세,부상신고,승용,남,40세,중상
2021080800100037,2021년 8월 8일 04시,일요일,울산광역시 남구 달동,경상사고,0,0,1,0,차대차 - 측면충돌,신호위반,건조,맑음,교차로 - 교차로안,승용,남,63세,상해없음,승용,남,65세,경상
2021080800100053,2021년 8월 8일 07시,일요일,울산광역시 남구 무거동,경상사고,0,0,1,0,차대차 - 측면충돌,안전운전불이행,건조,맑음,교차로 - 교차로횡단보도내,승용,남,37세,상해없음,자전거,남,38세,경상
2021080800100069,2021년 8월 8일 08시,일요일,울산광역시 북구 화봉동,중상사고,0,1,0,0,차대차 - 추돌,안전운전불이행,건조,맑음,단일로 - 고가도로위,승용,남,66세,상해없음,사륜오토바이(ATV),남,78세,중상
2021080800100215,2021년 8월 8일 15시,일요일,울산광역시 남구 삼산동,중상사고,0,1,0,0,차대차 - 측면충돌,안전운전불이행,건조,맑음,단일로 - 기타,승용,여,46세,상해없음,이륜,남,28세,중상
2021080800100216,2021년 8월 8일 15시,일요일,울산광역시 동구 일산동,경상사고,0,0,1,0,차대차 - 측면충돌,직진우회전진행방해,건조,맑음,교차로 - 교차로안,이륜,남,59세,경상,승용,남,67세,상해없음
2021080800100217,2021년 8월 8일 15시,일요일,울산광역시 울주군 언양읍,경상사고,0,0,1,0,차대차 - 정면충돌,교차로운행방법위반,건조,맑음,교차로 - 교차로안,승용,여,23세,상해없음,승용,여,42세,경상
2021080800100218,2021년 8월 8일 15시,일요일,울산광역시 울주군 웅촌면,경상사고,0,0,1,0,차대차 - 추돌,안전운전불이행,젖음/습기,비,기타 - 기타,승용,남,18세,경상,승용,여,41세,기타불명
2021080800100279,2021년 8월 8일 17시,일요일,울산광역시 동구 일산동,중상사고,0,1,0,0,차대차 - 측면충돌,교차로운행방법위반,젖음/습기,비,교차로 - 교차로안,승용,남,68세,중상,승용,남,47세,기타불명
2021080800100280,2021년 8월 8일 17시,일요일,울산광역시 북구 염포동,경상사고,0,0,2,0,차대차 - 측면충돌,안전거리미확보,젖음/습기,흐림,교차로 - 교차로부근,이륜,남,34세,경상,이륜,남,24세,경상
2021080800100402,2021년 8월 8일 21시,일요일,울산광역시 동구 방어동,경상사고,0,0,1,0,차대사람 - 길가장자리구역통행중,안전운전불이행,젖음/습기,비,단일로 - 기타,승용,남,50세,상해없음,보행자,남,22세,경상
2021080900100023,2021년 8월 9일 05시,월요일,울산광역시 중구 학성동,경상사고,0,0,1,0,차대차 - 측면충돌,신호위반,젖음/습기,흐림,교차로 - 교차로부근,승용,남,72세,상해없음,이륜,남,53세,경상
2021080900100067,2021년 8월 9일 07시,월요일,울산광역시 울주군 청량읍,경상사고,0,0,1,0,차대차 - 측면충돌,신호위반,젖음/습기,흐림,교차로 - 교차로안,화물,남,55세,상해없음,승합,남,47세,경상
2021080900100112,2021년 8월 9일 08시,월요일,울산광역시 남구 옥동,경상사고,0,0,3,0,차대차 - 추돌,안전운전불이행,젖음/습기,흐림,단일로 - 기타,화물,남,31세,경상,승용,남,33세,상해없음
2021080900100113,2021년 8월 9일 08시,월요일,울산광역시 북구 염포동,경상사고,0,0,1,0,차대차 - 추돌,안전운전불이행,건조,맑음,교차로 - 교차로부근,승용,여,33세,상해없음,승용,남,45세,상해없음
2021080900100220,2021년 8월 9일 11시,월요일,울산광역시 남구 신정동,경상사고,0,0,1,0,차대차 - 측면충돌,안전거리미확보,건조,맑음,교차로 - 교차로부근,승용,남,86세,상해없음,승용,여,24세,경상
2021080900100356,2021년 8월 9일 15시,월요일,울산광역시 동구 서부동,경상사고,0,0,1,0,차대차 - 측면충돌,기타,건조,맑음,단일로 - 기타,승용,남,45세,상해없음,이륜,남,58세,경상
2021080900100357,2021년 8월 9일 15시,월요일,울산광역시 북구 양정동,경상사고,0,0,2,0,차대차 - 추돌,안전운전불이행,건조,맑음,단일로 - 기타,승용,남,71세,상해없음,승용,남,60세,경상
2021080900100400,2021년 8월 9일 16시,월요일,울산광역시 중구 남외동,경상사고,0,0,2,0,차대차 - 측면충돌,신호위반,건조,맑음,단일로 - 기타,승용,여,53세,경상,승용,여,59세,경상
2021080900100449,2021년 8월 9일 17시,월요일,울산광역시 남구 야음동,경상사고,0,0,1,0,차량단독 - 기타,기타,건조,맑음,교차로 - 교차로부근,승합,남,50세,상해없음,,,,
2021080900100450,2021년 8월 9일 17시,월요일,울산광역시 동구 방어동,중상사고,0,1,0,0,차대차 - 측면충돌,안전운전불이행,건조,맑음,교차로 - 교차로안,화물,남,62세,상해없음,이륜,남,64세,중상
2021080900100451,2021년 8월 9일 17시,월요일,울산광역시 울주군 범서읍,중상사고,0,2,1,1,차대차 - 추돌,안전운전불이행,건조,맑음,교차로 - 교차로안,승용,남,76세,경상,승용,여,63세,중상
2021080900100490,2021년 8월 9일 18시,월요일,울산광역시 남구 신정동,경상사고,0,0,1,0,차대차 - 측면충돌,교차로운행방법위반,건조,맑음,교차로 - 교차로안,승용,남,64세,상해없음,승합,남,50세,경상
2021080900100523,2021년 8월 9일 19시,월요일,울산광역시 북구 진장동,부상신고사고,0,0,0,1,차대차 - 측면충돌,신호위반,건조,맑음,교차로 - 교차로부근,개인형이동수단(PM),남,19세,부상신고,승용,남,46세,상해없음
2021080900100601,2021년 8월 9일 22시,월요일,울산광역시 남구 옥동,경상사고,0,0,2,0,차대차 - 추돌,안전운전불이행,젖음/습기,비,단일로 - 기타,승용,남,44세,상해없음,승용,남,49세,경상
2021081000100073,2021년 8월 10일 08시,화요일,울산광역시 중구 복산동,경상사고,0,0,1,0,차대사람 - 횡단중,보행자보호의무위반,건조,맑음,교차로 - 교차로부근,승용,남,59세,상해없음,보행자,여,34세,경상
2021081000100168,2021년 8월 10일 11시,화요일,울산광역시 울주군 서생면,경상사고,0,0,1,0,차대차 - 기타,중앙선침범,건조,맑음,단일로 - 기타,승용,여,25세,상해없음,승용,남,31세,경상
2021081000100280,2021년 8월 10일 14시,화요일,울산광역시 울주군 청량읍,경상사고,0,0,1,0,차량단독 - 전도전복 - 전도,안전운전불이행,건조,맑음,교차로 - 교차로안,특수,남,57세,경상,,,,
2021081000100311,2021년 8월 10일 15시,화요일,울산광역시 중구 성남동,경상사고,0,0,1,0,차대사람 - 횡단중,안전운전불이행,건조,맑음,단일로 - 기타,승용,여,45세,상해없음,보행자,여,5세,경상
2021081000100343,2021년 8월 10일 16시,화요일,울산광역시 동구 서부동,중상사고,0,2,0,0,차대사람 - 길가장자리구역통행중,안전운전불이행,건조,맑음,단일로 - 기타,승용,여,41세,상해없음,보행자,여,64세,중상
2021081000100492,2021년 8월 10일 20시,화요일,울산광역시 남구 여천동,경상사고,0,0,2,0,차대차 - 측면충돌,안전운전불이행,건조,기타,단일로 - 기타,화물,남,29세,상해없음,승용,남,61세,경상
2021081000100493,2021년 8월 10일 20시,화요일,울산광역시 남구 신정동,경상사고,0,0,2,0,차대차 - 측면충돌,안전거리미확보,건조,맑음,교차로 - 교차로안,승용,여,44세,경상,화물,남,23세,경상
2021081000100494,2021년 8월 10일 20시,화요일,울산광역시 동구 방어동,경상사고,0,0,1,0,차대차 - 기타,교차로운행방법위반,젖음/습기,흐림,교차로 - 교차로안,이륜,남,41세,상해없음,이륜,남,29세,경상
2021081100100040,2021년 8월 11일 06시,수요일,울산광역시 중구 학산동,중상사고,0,1,0,0,차대사람 - 횡단중,안전운전불이행,건조,맑음,교차로 - 교차로안,화물,남,58세,상해없음,보행자,여,79세,중상
2021081100100090,2021년 8월 11일 08시,수요일,울산광역시 남구 삼산동,경상사고,0,0,1,0,차대차 - 측면충돌,교차로운행방법위반,건조,맑음,교차로 - 교차로안,이륜,남,49세,경상,승용,남,72세,상해없음
2021081100100091,2021년 8월 11일 08시,수요일,울산광역시 동구 화정동,경상사고,0,0,1,0,차대차 - 측면충돌,중앙선침범,건조,맑음,단일로 - 기타,승용,남,70세,상해없음,이륜,남,34세,경상
2021081100100183,2021년 8월 11일 11시,수요일,울산광역시 중구 태화동,경상사고,0,0,1,0,차대사람 - 횡단중,보행자보호의무위반,건조,맑음,교차로 - 교차로횡단보도내,화물,남,57세,상해없음,보행자,여,24세,경상
2021081100100268,2021년 8월 11일 14시,수요일,울산광역시 북구 진장동,경상사고,0,0,1,0,차대차 - 측면충돌,교차로운행방법위반,건조,맑음,단일로 - 기타,화물,남,35세,상해없음,자전거,남,38세,경상
2021081100100331,2021년 8월 11일 16시,수요일,울산광역시 동구 동부동,경상사고,0,0,1,0,차대사람 - 횡단중,신호위반,젖음/습기,비,교차로 - 교차로횡단보도내,승용,남,64세,상해없음,보행자,남,11세,경상
2021081100100514,2021년 8월 11일 21시,수요일,울산광역시 중구 성남동,경상사고,0,0,1,0,차대차 - 추돌,안전운전불이행,건조,맑음,단일로 - 기타,승합,여,27세,상해없음,승용,여,53세,경상
2021081100100515,2021년 8월 11일 21시,수요일,울산광역시 북구 신천동,경상사고,0,0,3,0,차대차 - 측면충돌,안전운전불이행,건조,맑음,교차로 - 교차로부근,승용,여,43세,경상,승용,여,63세,경상
2021081100100535,2021년 8월 11일 22시,수요일,울산광역시 남구 신정동,중상사고,0,1,0,0,차대차 - 측면충돌,안전운전불이행,건조,맑음,교차로 - 교차로부근,승용,남,61세,상해없음,개인형이동수단(PM),남,23세,중상
2021081100100536,2021년 8월 11일 22시,수요일,울산광역시 북구 무룡동,경상사고,0,0,2,0,차대차 - 기타,안전거리미확보,건조,맑음,단일로 - 기타,승용,남,60세,상해없음,승용,남,22세,상해없음
2021081100100537,2021년 8월 11일 22시,수요일,울산광역시 북구 호계동,경상사고,0,0,1,0,차대차 - 측면충돌,안전거리미확보,건조,맑음,단일로 - 고가도로위,승용,여,51세,상해없음,승용,여,31세,경상