사고번호,사고일시,요일,시군구,사고내용,사망자수,중상자수,경상자수,부상신고자수,사고유형,법규위반,노면상태,기상상태,도로형태,가해운전자 차종,가해운전자 성별,가해운전자 연령,가해운전자 상해정도,피해운전자 차종,피해운전자 성별,피해운전자 연령,피해운전자 상해정도
2021081200100166,2021년 8월 12일 10시,목요일,울산광역시 남구 신정동,경상사고,0,0,1,0,차대차 - 측면충돌,안전운전불이행,건조,맑음,단일로 - 기타,승용,여,57세,상해없음,승용,여,56세,경상
2021081200100167,2021년 8월 12일 10시,목요일,울산광역시 북구 진장동,중상사고,0,1,0,0,차대차 - 측면충돌,안전운전불이행,건조,맑음,단일로 - 기타,이륜,남,41세,중상,승용,남,50세,상해없음
2021081200100290,2021년 8월 12일 14시,목요일,울산광역시 남구 부곡동,중상사고,0,1,0,0,차대차 - 측면충돌,차로위반,건조,맑음,단일로 - 기타,건설기계,남,53세,상해없음,승용,남,44세,중상
2021081200100291,2021년 8월 12일 14시,목요일,울산광역시 울주군 범서읍,중상사고,0,1,0,0,차대차 - 측면충돌,안전운전불이행,건조,맑음,단일로 - 기타,자전거,남,72세,중상,승용,여,32세,상해없음
2021081200100397,2021년 8월 12일 17시,목요일,울산광역시 남구 신정동,경상사고,0,0,1,0,차대차 - 추돌,안전거리미확보,건조,맑음,교차로 - 교차로안,승용,남,33세,상해없음,승용,여,41세,경상
2021081200100438,2021년 8월 12일 18시,목요일,울산광역시 중구 약사동,경상사고,0,0,1,0,차대차 - 측면충돌,안전운전불이행,건조,맑음,교차로 - 교차로안,이륜,남,43세,상해없음,승용,여,39세,경상
2021081200100532,2021년 8월 12일 21시,목요일,울산광역시 중구 서동,경상사고,0,0,1,0,차대차 - 측면충돌,신호위반,젖음/습기,비,교차로 - 교차로안,승합,남,40세,상해없음,승용,남,61세,경상
2021081200100558,2021년 8월 12일 22시,목요일,울산광역시 북구 양정동,경상사고,0,0,1,0,차대사람 - 횡단중,보행자보호의무위반,건조,맑음,단일로 - 기타,승용,남,48세,상해없음,보행자,남,54세,경상
2021081200100565,2021년 8월 12일 23시,목요일,울산광역시 중구 옥교동,경상사고,0,0,1,0,차대차 - 추돌,안전운전불이행,건조,맑음,교차로 - 교차로부근,승용,남,24세,상해없음,승용,여,57세,경상
2021081200100566,2021년 8월 12일 23시,목요일,울산광역시 북구 중산동,경상사고,0,0,1,0,차대차 - 측면충돌,안전거리미확보,건조,맑음,단일로 - 고가도로위,승용,남,57세,상해없음,승용,남,28세,경상
2021081300100028,2021년 8월 13일 05시,금요일,울산광역시 북구 천곡동,부상신고사고,0,0,0,1,차대차 - 측면충돌,안전운전불이행,건조,흐림,단일로 - 기타,승용,남,49세,부상신고,승용,남,58세,기타불명
2021081300100049,2021년 8월 13일 07시,금요일,울산광역시 남구 달동,사망사고,1,0,0,0,차대차 - 측면충돌,신호위반,건조,맑음,교차로 - 교차로안,원동기,남,79세,사망,승용,여,68세,상해없음
2021081300100132,2021년 8월 13일 10시,금요일,울산광역시 중구 남외동,경상사고,0,0,1,0,차대차 - 측면충돌,안전거리미확보,젖음/습기,비,단일로 - 기타,이륜,남,82세,상해없음,승용,여,42세,경상
2021081300100166,2021년 8월 13일 11시,금요일,울산광역시 남구 무거동,경상사고,0,0,1,0,차대차 - 추돌,안전운전불이행,건조,맑음,단일로 - 기타,화물,남,49세,상해없음,승용,여,62세,경상
2021081300100240,2021년 8월 13일 13시,금요일,울산광역시 울주군 두동면,중상사고,0,1,0,0,차량단독 - 기타,안전운전불이행,건조,맑음,단일로 - 기타,특수,남,57세,중상,,,,
2021081300100352,2021년 8월 13일 16시,금요일,울산광역시 동구 전하동,경상사고,0,0,1,0,차대차 - 추돌,안전운전불이행,건조,맑음,단일로 - 기타,이륜,남,65세,상해없음,승용,여,22세,경상
2021081300100413,2021년 8월 13일 17시,금요일,울산광역시 동구 방어동,경상사고,0,0,1,0,차대차 - 추돌,안전운전불이행,건조,맑음,단일로 - 기타,승용,남,36세,상해없음,승용,남,51세,경상
2021081300100414,2021년 8월 13일 17시,금요일,울산광역시 울주군 웅촌면,중상사고,0,1,0,0,차량단독 - 도로외이탈 - 추락,안전운전불이행,젖음/습기,맑음,단일로 - 지하차도(도로)내,건설기계,남,65세,중상,,,,
2021081300100459,2021년 8월 13일 18시,금요일,울산광역시 북구 송정동,경상사고,0,0,1,0,차대차 - 측면충돌,안전거리미확보,건조,맑음,단일로 - 기타,승용,남,22세,상해없음,화물,남,30세,경상
2021081300100516,2021년 8월 13일 20시,금요일,울산광역시 중구 성남동,경상사고,0,0,7,1,차대차 - 추돌,안전거리미확보,건조,맑음,단일로 - 기타,승용,여,49세,부상신고,승용,여,26세,경상
2021081300100517,2021년 8월 13일 20시,금요일,울산광역시 남구 신정동,경상사고,0,0,2,0,차대차 - 추돌,안전운전불이행,건조,맑음,단일로 - 기타,승용,남,22세,상해없음,승용,남,46세,경상
2021081300100587,2021년 8월 13일 23시,금요일,울산광역시 북구 화봉동,경상사고,0,0,1,0,차대차 - 정면충돌,안전운전불이행,건조,맑음,단일로 - 기타,이륜,남,59세,기타불명,자전거,남,53세,경상
2021081300100588,2021년 8월 13일 23시,금요일,울산광역시 북구 명촌동,중상사고,0,1,0,0,차대차 - 측면충돌,안전운전불이행,건조,맑음,교차로 - 교차로부근,승용,남,37세,기타불명,이륜,남,32세,중상
2021081400100039,2021년 8월 14일 05시,토요일,울산광역시 남구 무거동,중상사고,0,1,0,0,차대차 - 측면충돌,신호위반,젖음/습기,흐림,교차로 - 교차로안,이륜,남,80세,중상,승용,남,66세,상해없음
2021081400100182,2021년 8월 14일 12시,토요일,울산광역시 남구 삼산동,경상사고,0,0,1,0,차대차 - 측면충돌,안전운전불이행,건조,맑음,단일로 - 기타,승용,남,54세,상해없음,승용,여,54세,경상
2021081400100251,2021년 8월 14일 14시,토요일,울산광역시 동구 방어동,경상사고,0,0,1,0,차대차 - 기타,직진우회전진행방해,젖음/습기,맑음,교차로 - 교차로안,승용,남,49세,상해없음,이륜,남,45세,경상
2021081500100012,2021년 8월 15일 00시,일요일,울산광역시 북구 중산동,경상사고,0,0,1,0,차대차 - 기타,안전운전불이행,젖음/습기,흐림,단일로 - 기타,승합,남,30세,상해없음,승용,남,31세,경상
2021081500100043,2021년 8월 15일 05시,일요일,울산광역시 북구 양정동,경상사고,0,0,1,0,차량단독 - 공작물충돌,안전운전불이행,젖음/습기,비,교차로 - 교차로부근,승용,남,25세,경상,,,,
2021081500100077,2021년 8월 15일 09시,일요일,울산광역시 중구 태화동,중상사고,0,1,0,0,차대사람 - 횡단중,신호위반,건조,맑음,교차로 - 교차로부근,승용,남,65세,상해없음,보행자,여,66세,중상
2021081500100090,2021년 8월 15일 10시,일요일,울산광역시 울주군 상북면,경상사고,0,0,2,0,차대차 - 측면충돌,직진우회전진행방해,건조,맑음,교차로 - 교차로안,화물,남,68세,상해없음,자전거,남,48세,경상
2021081500100119,2021년 8월 15일 11시,일요일,울산광역시 중구 성안동,중상사고,0,1,0,0,차대사람 - 횡단중,신호위반,젖음/습기,비,교차로 - 교차로안,승용,여,68세,상해없음,보행자,여,53세,중상
2021081500100154,2021년 8월 15일 12시,일요일,울산광역시 남구 신정동,경상사고,0,0,1,0,차대사람 - 횡단중,안전운전불이행,건조,흐림,단일로 - 기타,승용,남,35세,기타불명,보행자,남,16세,경상
2021081500100214,2021년 8월 15일 14시,일요일,울산광역시 북구 진장동,중상사고,0,1,0,0,차대사람 - 횡단중,보행자보호의무위반,젖음/습기,비,교차로 - 교차로횡단보도내,승용,여,39세,상해없음,보행자,여,32세,중상
2021081500100242,2021년 8월 15일 15시,일요일,울산광역시 북구 진장동,중상사고,0,1,0,0,차대차 - 측면충돌,불법유턴,건조,맑음,단일로 - 기타,승용,남,27세,상해없음,이륜,남,43세,중상
2021081500100329,2021년 8월 15일 18시,일요일,울산광역시 중구 태화동,경상사고,0,0,1,0,차대차 - 기타,중앙선침범,건조,맑음,단일로 - 기타,승용,여,49세,상해없음,이륜,남,45세,경상
2021081500100330,2021년 8월 15일 18시,일요일,울산광역시 북구 천곡동,경상사고,0,0,1,0,차대차 - 정면충돌,안전운전불이행,젖음/습기,흐림,단일로 - 기타,자전거,남,63세,경상,자전거,남,10세,상해없음
2021081500100347,2021년 8월 15일 19시,일요일,울산광역시 동구 방어동,경상사고,0,0,1,0,차대차 - 추돌,안전운전불이행,건조,맑음,기타 - 기타,승용,남,25세,상해없음,승용,여,59세,경상
2021081600100005,2021년 8월 16일 00시,월요일,울산광역시 울주군 범서읍,경상사고,0,0,1,0,차대차 - 측면충돌,교차로운행방법위반,건조,맑음,교차로 - 교차로안,승용,남,23세,상해없음,승용,남,25세,경상
2021081600100091,2021년 8월 16일 10시,월요일,울산광역시 남구 신정동,부상신고사고,0,0,0,1,차대차 - 측면충돌,안전운전불이행,건조,맑음,단일로 - 기타,자전거,남,37세,상해없음,자전거,남,68세,부상신고
2021081600100119,2021년 8월 16일 11시,월요일,울산광역시 남구 무거동,부상신고사고,0,0,0,1,차대차 - 측면충돌,안전운전불이행,건조,맑음,교차로 - 교차로횡단보도내,승용,남,33세,상해없음,자전거,남,61세,부상신고
2021081600100149,2021년 8월 16일 12시,월요일,울산광역시 북구 창평동,중상사고,0,1,0,0,차대차 - 추돌,안전운전불이행,건조,맑음,단일로 - 고가도로위,화물,남,42세,중상,화물,남,61세,상해없음
2021081600100229,2021년 8월 16일 14시,월요일,울산광역시 울주군 상북면,중상사고,0,2,1,0,차대차 - 정면충돌,안전운전불이행,건조,맑음,단일로 - 기타,이륜,남,55세,경상,승용,여,46세,중상
2021081600100290,2021년 8월 16일 16시,월요일,울산광역시 중구 우정동,중상사고,0,1,0,0,차대차 - 측면충돌,신호위반,건조,맑음,단일로 - 기타,승용,남,77세,상해없음,자전거,여,43세,중상
2021081600100331,2021년 8월 16일 17시,월요일,울산광역시 동구 방어동,경상사고,0,0,1,0,차대사람 - 차도통행중,안전운전불이행,건조,맑음,단일로 - 기타,자전거,남,51세,상해없음,보행자,남,8세,경상
2021081600100360,2021년 8월 16일 18시,월요일,울산광역시 남구 신정동,경상사고,0,0,1,0,차대차 - 후진중충돌,안전운전불이행,건조,맑음,교차로 - 교차로부근,승용,남,52세,상해없음,승용,남,31세,경상
2021081600100389,2021년 8월 16일 19시,월요일,울산광역시 울주군 온양읍,경상사고,0,0,1,0,차량단독 - 공작물충돌,안전운전불이행,건조,맑음,교차로 - 교차로안,승용,여,63세,상해없음,,,,
2021081600100418,2021년 8월 16일 20시,월요일,울산광역시 남구 선암동,경상사고,0,0,2,0,차대차 - 추돌,안전운전불이행,건조,맑음,단일로 - 기타,승용,남,20세,상해없음,승용,남,40세,경상
2021081600100419,2021년 8월 16일 20시,월요일,울산광역시 북구 연암동,경상사고,0,0,1,0,차대차 - 측면충돌,신호위반,건조,맑음,교차로 - 교차로횡단보도내,이륜,남,31세,상해없음,자전거,남,36세,경상
2021081700100019,2021년 8월 17일 04시,화요일,울산광역시 북구 호계동,경상사고,0,0,1,0,차대차 - 추돌,안전운전불이행,건조,맑음,교차로 - 교차로부근,승용,남,25세,상해없음,승용,여,38세,경상
2021081700100025,2021년 8월 17일 05시,화요일,울산광역시 중구 남외동,경상사고,0,0,1,0,차대차 - 측면충돌,안전운전불이행,건조,맑음,교차로 - 교차로안,승용,남,58세,상해없음,자전거,남,84세,경상
2021081700100026,2021년 8월 17일 05시,화요일,울산광역시 북구 양정동,중상사고,0,1,0,0,차대차 - 추돌,신호위반,젖음/습기,흐림,교차로 - 교차로안,승용,남,58세,상해없음,이륜,남,41세,중상
2021081700100053,2021년 8월 17일 07시,화요일,울산광역시 북구 진장동,중상사고,0,1,0,0,차대차 - 측면충돌,안전운전불이행,젖음/습기,비,단일로 - 기타,승용,남,26세,상해없음,자전거,남,35세,중상
2021081700100054,2021년 8월 17일 07시,화요일,울산광역시 북구 창평동,경상사고,0,0,1,0,차대사람 - 횡단중,신호위반,젖음/습기,비,교차로 - 교차로횡단보도내,승합,남,60세,상해없음,보행자,여,26세,경상
2021081700100158,2021년 8월 17일 10시,화요일,울산광역시 남구 신정동,경상사고,0,0,1,0,차대차 - 추돌,안전거리미확보,젖음/습기,맑음,교차로 - 교차로부근,승용,남,47세,상해없음,승용,여,38세,경상
2021081700100169,2021년 8월 17일 11시,화요일,울산광역시 울주군 두서면,경상사고,0,0,1,0,차대차 - 측면충돌,안전운전불이행,젖음/습기,비,단일로 - 기타,화물,남,47세,상해없음,화물,남,48세,경상
2021081700100260,2021년 8월 17일 13시,화요일,울산광역시 북구 연암동,경상사고,0,0,2,0,차대차 - 측면충돌,기타,젖음/습기,비,단일로 - 지하차도(도로)내,승용,남,44세,경상,화물,남,45세,경상
2021081700100378,2021년 8월 17일 16시,화요일,울산광역시 북구 연암동,경상사고,0,0,1,0,차대사람 - 차도통행중,안전운전불이행,건조,맑음,교차로 - 교차로안,승용,남,64세,상해없음,보행자,여,81세,경상
2021081700100424,2021년 8월 17일 17시,화요일,울산광역시 울주군 온양읍,경상사고,0,0,1,0,차대차 - 측면충돌,중앙선침범,건조,맑음,단일로 - 지하차도(도로)내,승용,남,43세,상해없음,승용,남,46세,상해없음
2021081700100554,2021년 8월 17일 21시,화요일,울산광역시 남구 두왕동,사망사고,1,0,0,0,차대사람 - 기타,기타,젖음/습기,흐림,단일로 - 기타,승용,남,40세,상해없음,보행자,남,16세,사망
2021081700100580,2021년 8월 17일 22시,화요일,울산광역시 중구 반구동,경상사고,0,0,2,0,차대차 - 정면충돌,중앙선침범,건조,흐림,교차로 - 교차로부근,승용,남,57세,상해없음,승용,남,63세,경상
2021081700100581,2021년 8월 17일 22시,화요일,울산광역시 동구 일산동,경상사고,0,0,1,0,차대차 - 추돌,안전운전불이행,건조,맑음,단일로 - 지하차도(도로)내,승용,남,49세,상해없음,승용,남,56세,경상
2021081800100006,2021년 8월 18일 00시,수요일,울산광역시 남구 삼산동,부상신고사고,0,0,0,1,차대차 - 측면충돌,안전운전불이행,건조,맑음,단일로 - 기타,승용,남,22세,상해없음,자전거,남,27세,부상신고
2021081800100033,2021년 8월 18일 06시,수요일,울산광역시 남구 야음동,경상사고,0,0,1,0,차대차 - 측면충돌,신호위반,건조,맑음,교차로 - 교차로안,자전거,여,50세,경상,승용,남,34세,상해없음
2021081800100140,2021년 8월 18일 10시,수요일,울산광역시 중구 동동,경상사고,0,0,1,1,차대차 - 측면충돌,교차로운행방법위반,건조,맑음,교차로 - 교차로안,승용,남,64세,부상신고,승용,여,48세,경상
2021081800100141,2021년 8월 18일 10시,수요일,울산광역시 남구 신정동,경상사고,0,0,1,0,차대사람 - 횡단중,안전운전불이행,젖음/습기,흐림,교차로 - 교차로부근,승용,남,61세,상해없음,보행자,남,62세,경상
2021081800100205,2021년 8월 18일 12시,수요일,울산광역시 남구 신정동,중상사고,0,1,0,0,차대차 - 측면충돌,직진우회전진행방해,건조,흐림,교차로 - 교차로안,승용,여,38세,상해없음,이륜,남,51세,중상
2021081800100246,2021년 8월 18일 13시,수요일,울산광역시 중구 우정동,중상사고,0,1,0,0,차량단독 - 기타,안전운전불이행,건조,맑음,단일로 - 교량,승합,남,50세,상해없음,,,,
2021081800100307,2021년 8월 18일 15시,수요일,울산광역시 동구 전하동,경상사고,0,0,1,0,차대차 - 측면충돌,안전운전불이행,건조,맑음,단일로 - 지하차도(도로)내,이륜,남,62세,상해없음,자전거,남,54세,경상
2021081800100343,2021년 8월 18일 16시,수요일,울산광역시 북구 신현동,부상신고사고,0,0,0,1,차량단독 - 기타,안전거리미확보,건조,맑음,단일로 - 기타,자전거,남,58세,부상신고,,,,
2021081800100399,2021년 8월 18일 17시,수요일,울산광역시 남구 달동,경상사고,0,0,1,0,차대차 - 측면충돌,안전운전불이행,건조,맑음,교차로 - 교차로안,승용,여,57세,상해없음,승용,남,52세,경상
2021081800100446,2021년 8월 18일 18시,수요일,울산광역시 남구 신정동,경상사고,0,0,1,0,차대차 - 측면충돌,차로위반,건조,맑음,교차로 - 교차로안,승용,남,26세,상해없음,승합,남,35세,경상
2021081800100488,2021년 8월 18일 19시,수요일,울산광역시 북구 연암동,부상신고사고,0,0,0,1,차량단독 - 기타,안전운전불이행,젖음/습기,흐림,교차로 - 교차로부근,자전거,남,49세,부상신고,,,,
2021081800100539,2021년 8월 18일 21시,수요일,울산광역시 울주군 온양읍,중상사고,0,1,0,0,차대차 - 측면충돌,신호위반,건조,맑음,교차로 - 교차로안,화물,남,52세,상해없음,승용,여,59세,중상
2021081800100574,2021년 8월 18일 22시,수요일,울산광역시 남구 달동,경상사고,0,0,1,0,차대사람 - 횡단중,보행자보호의무위반,젖음/습기,비,단일로 - 기타,승용,남,31세,상해없음,보행자,여,51세,경상
2021081900100012,2021년 8월 19일 02시,목요일,울산광역시 북구 매곡동,중상사고,0,1,0,0,차대차 - 측면충돌,교차로운행방법위반,건조,맑음,교차로 - 교차로안,이륜,남,20세,중상,개인형이동수단(PM),남,41세,상해없음
2021081900100014,2021년 8월 19일 03시,목요일,울산광역시 동구 일산동,경상사고,0,0,2,0,차대사람 - 보도통행중,안전운전불이행,건조,맑음,교차로 - 교차로부근,승용,여,17세,상해없음,보행자,남,35세,경상
2021081900100164,2021년 8월 19일 10시,목요일,울산광역시 남구 삼산동,경상사고,0,0,1,0,차대차 - 측면충돌,안전운전불이행,건조,맑음,교차로 - 교차로부근,화물,남,63세,상해없음,승용,여,54세,경상
2021081900100422,2021년 8월 19일 17시,목요일,울산광역시 남구 두왕동,중상사고,0,1,0,0,차대차 - 측면충돌,신호위반,건조,맑음,교차로 - 교차로안,승용,여,28세,상해없음,승용,여,32세,중상
2021082000100137,2021년 8월 20일 10시,금요일,울산광역시 남구 삼산동,경상사고,0,0,2,0,차대차 - 측면충돌,신호위반,건조,흐림,교차로 - 교차로안,이륜,남,73세,경상,승합,남,46세,경상
2021082000100256,2021년 8월 20일 13시,금요일,울산광역시 울주군 범서읍,중상사고,0,1,0,0,차대차 - 추돌,안전운전불이행,젖음/습기,흐림,교차로 - 교차로부근,승용,남,58세,상해없음,승용,여,45세,중상
2021082000100257,2021년 8월 20일 13시,금요일,울산광역시 울주군 삼남읍,부상신고사고,0,0,0,1,차대사람 - 보도통행중,안전거리미확보,건조,맑음,단일로 - 기타,이륜,남,37세,부상신고,보행자,여,63세,상해없음
2021082000100296,2021년 8월 20일 14시,금요일,울산광역시 북구 효문동,경상사고,0,0,1,1,차대차 - 측면충돌,안전운전불이행,건조,맑음,교차로 - 교차로안,특수,남,67세,부상신고,화물,남,62세,경상
2021082000100482,2021년 8월 20일 18시,금요일,울산광역시 울주군 온양읍,중상사고,0,1,0,0,차대차 - 측면충돌,안전운전불이행,건조,맑음,단일로 - 기타,승용,여,46세,상해없음,자전거,남,6세,중상
2021082000100524,2021년 8월 20일 19시,금요일,울산광역시 울주군 삼남읍,중상사고,0,2,1,0,차대차 - 측면충돌,신호위반,젖음/습기,비,교차로 - 교차로안,화물,남,69세,경상,승용,남,55세,중상
2021082000100558,2021년 8월 20일 20시,금요일,울산광역시 북구 상안동,중상사고,0,1,1,1,차대차 - 측면충돌,신호위반,건조,맑음,교차로 - 교차로안,승용,여,54세,부상신고,승용,남,56세,경상
2021082000100595,2021년 8월 20일 21시,금요일,울산광역시 중구 남외동,경상사고,0,0,2,0,차대차 - 측면충돌,신호위반,건조,맑음,교차로 - 교차로안,승용,남,35세,상해없음,승합,남,61세,경상
2021082000100596,2021년 8월 20일 21시,금요일,울산광역시 울주군 삼남읍,경상사고,0,0,1,0,차대사람 - 횡단중,안전운전불이행,건조,맑음,단일로 - 기타,화물,남,47세,상해없음,보행자,남,64세,경상
2021082100100015,2021년 8월 21일 01시,토요일,울산광역시 북구 명촌동,부상신고사고,0,0,0,1,차량단독 - 공작물충돌,안전운전불이행,건조,맑음,교차로 - 교차로부근,승용,여,48세,부상신고,,,,
2021082100100019,2021년 8월 21일 02시,토요일,울산광역시 북구 화봉동,경상사고,0,0,1,0,차대사람 - 기타,안전운전불이행,건조,흐림,단일로 - 기타,승용,남,41세,상해없음,보행자,남,24세,경상
2021082100100324,2021년 8월 21일 16시,토요일,울산광역시 울주군 범서읍,경상사고,0,0,1,0,차대차 - 추돌,안전거리미확보,젖음/습기,비,단일로 - 기타,승용,남,53세,상해없음,이륜,남,54세,경상
2021082100100471,2021년 8월 21일 21시,토요일,울산광역시 중구 반구동,경상사고,0,0,1,0,차대차 - 측면충돌,안전운전불이행,젖음/습기,비,교차로 - 교차로안,승용,남,48세,상해없음,승용,남,33세,경상
2021082100100512,2021년 8월 21일 22시,토요일,울산광역시 울주군 삼남읍,경상사고,0,0,1,0,차량단독 - 전도전복 - 전도,안전운전불이행,젖음/습기,흐림,교차로 - 교차로부근,원동기,남,20세,경상,,,,
2021082200100013,2021년 8월 22일 01시,일요일,울산광역시 북구 명촌동,중상사고,0,1,0,0,차대사람 - 횡단중,안전운전불이행,젖음/습기,비,단일로 - 고가도로위,승용,남,23세,상해없음,보행자,남,68세,중상
2021082200100039,2021년 8월 22일 06시,일요일,울산광역시 남구 신정동,경상사고,0,0,1,0,차대차 - 추돌,안전운전불이행,건조,맑음,단일로 - 기타,승용,남,55세,상해없음,승용,남,61세,경상
2021082200100127,2021년 8월 22일 12시,일요일,울산광역시 울주군 삼동면,사망사고,1,0,0,0,차대차 - 측면충돌,안전거리미확보,건조,맑음,단일로 - 기타,승합,남,61세,상해없음,자전거,여,78세,사망
2021082200100159,2021년 8월 22일 13시,일요일,울산광역시 북구 매곡동,중상사고,0,1,0,0,차대차 - 측면충돌,안전운전불이행,건조,맑음,단일로 - 기타,승용,남,42세,상해없음,자전거,남,56세,중상
2021082200100220,2021년 8월 22일 15시,일요일,울산광역시 동구 화정동,경상사고,0,0,1,0,차대차 - 측면충돌,안전거리미확보,건조,맑음,단일로 - 지하차도(도로)내,승용,남,26세,상해없음,승용,남,46세,경상
2021082200100254,2021년 8월 22일 16시,일요일,울산광역시 울주군 범서읍,경상사고,0,0,1,0,차대차 - 추돌,안전거리미확보,건조,맑음,단일로 - 기타,승용,여,70세,상해없음,승용,남,68세,경상
2021082200100323,2021년 8월 22일 19시,일요일,울산광역시 동구 일산동,중상사고,0,1,0,0,차대사람 - 횡단중,보행자보호의무위반,건조,맑음,교차로 - 교차로횡단보도내,승용,남,40세,상해없음,보행자,여,59세,중상
2021082200100324,2021년 8월 22일 19시,일요일,울산광역시 울주군 온양읍,경상사고,0,0,1,0,차대사람 - 횡단중,안전운전불이행,건조,맑음,단일로 - 기타,이륜,남,21세,상해없음,보행자,여,89세,경상
2021082300100101,2021년 8월 23일 09시,월요일,울산광역시 남구 무거동,경상사고,0,0,1,0,차대차 - 측면충돌,안전운전불이행,건조,맑음,교차로 - 교차로부근,승용,남,75세,상해없음,승용,남,39세,경상
2021082300100132,2021년 8월 23일 10시,월요일,울산광역시 남구 야음동,중상사고,0,1,0,0,차대차 - 측면충돌,신호위반,젖음/습기,비,교차로 - 교차로부근,승용,남,65세,상해없음,이륜,남,79세,중상
2021082300100214,2021년 8월 23일 12시,월요일,울산광역시 울주군 상북면,경상사고,0,0,5,0,차대차 - 측면충돌,직진우회전진행방해,젖음/습기,비,교차로 - 교차로안,화물,남,58세,경상,화물,남,57세,경상
2021082300100349,2021년 8월 23일 16시,월요일,울산광역시 동구 방어동,경상사고,0,0,1,0,차대차 - 정면충돌,신호위반,건조,맑음,교차로 - 교차로안,이륜,남,40세,경상,승용,남,47세,상해없음
2021082300100474,2021년 8월 23일 19시,월요일,울산광역시 중구 옥교동,경상사고,0,0,1,0,차대사람 - 차도통행중,안전운전불이행,젖음/습기,흐림,단일로 - 기타,승용,여,22세,상해없음,보행자,남,19세,경상
2021082300100559,2021년 8월 23일 21시,월요일,울산광역시 남구 옥동,경상사고,0,0,1,0,차대사람 - 보도통행중,신호위반,젖음/습기,비,교차로 - 교차로안,승용,여,37세,상해없음,보행자,여,16세,경상
2021082300100583,2021년 8월 23일 22시,월요일,울산광역시 중구 우정동,중상사고,0,1,0,0,차대차 - 정면충돌,안전운전불이행,젖음/습기,비,교차로 - 교차로안,승용,여,56세,상해없음,승용,남,56세,중상
2021082300100584,2021년 8월 23일 22시,월요일,울산광역시 남구 무거동,중상사고,0,1,0,0,차대사람 - 횡단중,신호위반,젖음/습기,비,단일로 - 기타,승용,여,29세,상해없음,보행자,여,27세,중상
2021082400100060,2021년 8월 24일 07시,화요일,울산광역시 남구 선암동,경상사고,0,0,1,0,차량단독 - 공작물충돌,안전운전불이행,젖음/습기,비,단일로 - 교량,화물,여,63세,상해없음,,,,
2021082400100092,2021년 8월 24일 08시,화요일,울산광역시 남구 신정동,경상사고,0,0,2,0,차대차 - 측면충돌,안전거리미확보,건조,맑음,교차로 - 교차로안,승용,남,54세,상해없음,승합,남,53세,상해없음
2021082400100114,2021년 8월 24일 09시,화요일,울산광역시 남구 무거동,부상신고사고,0,0,0,2,차대차 - 측면충돌,안전거리미확보,젖음/습기,비,교차로 - 교차로안,승용,남,73세,상해없음,승용,남,22세,부상신고
2021082400100127,2021년 8월 24일 10시,화요일,울산광역시 울주군 언양읍,경상사고,0,0,1,0,차대사람 - 횡단중,안전운전불이행,젖음/습기,비,단일로 - 기타,승용,여,50세,상해없음,보행자,여,22세,경상
2021082400100193,2021년 8월 24일 12시,화요일,울산광역시 남구 삼산동,중상사고,0,1,0,0,차대사람 - 횡단중,보행자보호의무위반,젖음/습기,비,교차로 - 교차로안,승용,남,28세,상해없음,보행자,남,77세,중상
2021082400100194,2021년 8월 24일 12시,화요일,울산광역시 동구 방어동,경상사고,0,0,1,0,차대사람 - 횡단중,안전운전불이행,젖음/습기,비,교차로 - 교차로부근,화물,여,65세,상해없음,보행자,남,8세,경상
2021082400100258,2021년 8월 24일 14시,화요일,울산광역시 남구 달동,경상사고,0,0,1,0,차대차 - 측면충돌,직진우회전진행방해,젖음/습기,비,교차로 - 교차로안,화물,남,60세,상해없음,승용,여,35세,경상
2021082400100259,2021년 8월 24일 14시,화요일,울산광역시 동구 방어동,경상사고,0,0,1,0,차대차 - 측면충돌,중앙선침범,젖음/습기,흐림,단일로 - 기타,이륜,남,31세,상해없음,이륜,남,36세,경상
2021082400100323,2021년 8월 24일 16시,화요일,울산광역시 북구 진장동,경상사고,0,0,1,0,차량단독 - 기타,안전운전불이행,건조,맑음,단일로 - 기타,승합,남,37세,상해없음,,,,
2021082400100404,2021년 8월 24일 18시,화요일,울산광역시 북구 효문동,경상사고,0,0,1,0,차대차 - 측면충돌,직진우회전진행방해,건조,맑음,교차로 - 교차로안,승용,남,62세,상해없음,승용,남,45세,경상
2021082400100479,2021년 8월 24일 20시,화요일,울산광역시 동구 일산동,경상사고,0,0,3,0,차대사람 - 기타,안전운전불이행,건조,맑음,교차로 - 교차로부근,승용,남,59세,상해없음,보행자,여,32세,경상
2021082400100504,2021년 8월 24일 21시,화요일,울산광역시 남구 신정동,중상사고,0,1,0,0,차대사람 - 횡단중,안전운전불이행,기타,기타,단일로 - 기타,승용,남,54세,상해없음,보행자,여,79세,중상
2021082400100538,2021년 8월 24일 22시,화요일,울산광역시 북구 진장동,경상사고,0,0,1,0,차대차 - 추돌,안전거리미확보,건조,맑음,단일로 - 기타,승용,남,55세,상해없음,승용,여,52세,경상
2021082500100176,2021년 8월 25일 11시,수요일,울산광역시 남구 달동,중상사고,0,1,1,0,차대차 - 추돌,안전운전불이행,건조,맑음,단일로 - 기타,화물,남,58세,상해없음,승용,남,54세,중상