사고번호,사고일시,요일,시군구,사고내용,사망자수,중상자수,경상자수,부상신고자수,사고유형,법규위반,노면상태,기상상태,도로형태,가해운전자 차종,가해운전자 성별,가해운전자 연령,가해운전자 상해정도,피해운전자 차종,피해운전자 성별,피해운전자 연령,피해운전자 상해정도
2021082500100211,2021년 8월 25일 12시,수요일,울산광역시 북구 연암동,경상사고,0,0,1,0,차대차 - 측면충돌,안전거리미확보,젖음/습기,비,단일로 - 기타,화물,남,75세,상해없음,승용,남,37세,경상
2021082500100248,2021년 8월 25일 13시,수요일,울산광역시 북구 천곡동,중상사고,0,1,0,0,차대차 - 측면충돌,신호위반,건조,맑음,기타 - 기타,승용,남,77세,상해없음,승용,여,29세,중상
2021082500100284,2021년 8월 25일 14시,수요일,울산광역시 중구 교동,경상사고,0,0,1,0,차대차 - 기타,중앙선침범,젖음/습기,흐림,교차로 - 교차로안,화물,남,66세,상해없음,이륜,남,67세,경상
2021082500100353,2021년 8월 25일 16시,수요일,울산광역시 울주군 청량읍,경상사고,0,0,1,0,차대차 - 추돌,안전운전불이행,건조,맑음,단일로 - 지하차도(도로)내,화물,남,68세,상해없음,화물,남,36세,경상
2021082500100393,2021년 8월 25일 17시,수요일,울산광역시 남구 무거동,경상사고,0,0,2,0,차대차 - 추돌,안전거리미확보,젖음/습기,비,교차로 - 교차로부근,화물,남,48세,상해없음,화물,남,49세,경상
2021082500100557,2021년 8월 25일 22시,수요일,울산광역시 남구 신정동,경상사고,0,0,1,0,차대차 - 추돌,안전거리미확보,건조,맑음,교차로 - 교차로부근,승용,남,49세,상해없음,승용,여,45세,경상
2021082500100558,2021년 8월 25일 22시,수요일,울산광역시 동구 방어동,경상사고,0,0,1,0,차대차 - 기타,교차로운행방법위반,젖음/습기,비,교차로 - 교차로안,이륜,남,31세,경상,승용,남,50세,상해없음
2021082500100559,2021년 8월 25일 22시,수요일,울산광역시 동구 화정동,경상사고,0,0,1,0,차대차 - 추돌,안전운전불이행,젖음/습기,비,교차로 - 교차로부근,승용,여,38세,상해없음,화물,남,22세,경상
2021082600100006,2021년 8월 26일 00시,목요일,울산광역시 북구 화봉동,경상사고,0,0,1,0,차대차 - 기타,안전운전불이행,젖음/습기,흐림,교차로 - 교차로부근,기타불명,기타불명,미분류,기타불명,이륜,남,52세,경상
2021082600100048,2021년 8월 26일 06시,목요일,울산광역시 남구 신정동,경상사고,0,0,1,0,차대차 - 측면충돌,신호위반,건조,맑음,교차로 - 교차로안,승용,여,31세,상해없음,승용,남,45세,경상
2021082600100049,2021년 8월 26일 06시,목요일,울산광역시 남구 삼산동,경상사고,0,0,1,0,차대차 - 측면충돌,교차로운행방법위반,건조,맑음,교차로 - 교차로안,화물,남,71세,상해없음,승용,남,53세,경상
2021082600100105,2021년 8월 26일 08시,목요일,울산광역시 남구 신정동,경상사고,0,0,1,0,차대차 - 측면충돌,안전운전불이행,건조,맑음,교차로 - 교차로안,자전거,남,60세,경상,승용,여,53세,상해없음
2021082600100138,2021년 8월 26일 09시,목요일,울산광역시 울주군 청량읍,중상사고,0,1,0,0,차대사람 - 횡단중,보행자보호의무위반,건조,맑음,기타 - 기타,화물,남,64세,상해없음,보행자,남,72세,중상
2021082600100162,2021년 8월 26일 10시,목요일,울산광역시 울주군 삼남읍,경상사고,0,0,1,0,차대차 - 후진중충돌,안전운전불이행,건조,맑음,단일로 - 기타,승용,남,62세,상해없음,승용,남,55세,경상
2021082600100233,2021년 8월 26일 12시,목요일,울산광역시 남구 달동,경상사고,0,0,1,0,차대차 - 측면충돌,중앙선침범,건조,맑음,단일로 - 기타,승용,남,54세,상해없음,이륜,남,43세,경상
2021082600100344,2021년 8월 26일 15시,목요일,울산광역시 남구 야음동,중상사고,0,1,0,0,차대차 - 측면충돌,안전거리미확보,건조,맑음,교차로 - 교차로안,승용,남,30세,상해없음,승용,여,51세,중상
2021082600100345,2021년 8월 26일 15시,목요일,울산광역시 울주군 언양읍,경상사고,0,0,1,0,차대차 - 측면충돌,안전운전불이행,건조,맑음,단일로 - 기타,화물,남,51세,상해없음,자전거,남,59세,경상
2021082600100382,2021년 8월 26일 16시,목요일,울산광역시 울주군 청량읍,사망사고,1,0,0,0,차량단독 - 도로외이탈 - 추락,안전운전불이행,건조,맑음,단일로 - 기타,농기계,남,80세,사망,,,,
2021082600100383,2021년 8월 26일 16시,목요일,울산광역시 북구 천곡동,중상사고,0,1,0,0,차대사람 - 길가장자리구역통행중,안전운전불이행,건조,맑음,단일로 - 기타,승합,남,48세,상해없음,보행자,여,81세,중상
2021082600100461,2021년 8월 26일 18시,목요일,울산광역시 북구 신천동,경상사고,0,0,1,0,차대차 - 추돌,안전운전불이행,건조,맑음,단일로 - 기타,승합,남,31세,상해없음,승용,남,42세,경상
2021082600100522,2021년 8월 26일 20시,목요일,울산광역시 중구 다운동,경상사고,0,0,1,0,차대사람 - 횡단중,보행자보호의무위반,건조,맑음,단일로 - 기타,승용,남,20세,상해없음,보행자,남,68세,경상
2021082600100578,2021년 8월 26일 23시,목요일,울산광역시 남구 달동,중상사고,0,1,0,0,차대차 - 추돌,안전운전불이행,건조,맑음,교차로 - 교차로부근,승용,남,56세,상해없음,이륜,남,22세,중상
2021082700100166,2021년 8월 27일 11시,금요일,울산광역시 울주군 서생면,중상사고,0,1,0,0,차대차 - 기타,안전운전불이행,건조,맑음,단일로 - 기타,자전거,여,41세,중상,승용,남,62세,상해없음
2021082700100202,2021년 8월 27일 12시,금요일,울산광역시 중구 북정동,경상사고,0,0,1,0,차대차 - 측면충돌,신호위반,건조,맑음,단일로 - 고가도로위,승용,여,22세,상해없음,건설기계,남,62세,경상
2021082700100204,2021년 8월 27일 12시,금요일,울산광역시 북구 효문동,중상사고,0,1,1,0,차량단독 - 공작물충돌,안전운전불이행,건조,맑음,단일로 - 기타,승용,남,66세,경상,,,,
2021082700100272,2021년 8월 27일 14시,금요일,울산광역시 울주군 언양읍,경상사고,0,0,1,0,차대차 - 측면충돌,안전운전불이행,건조,흐림,교차로 - 교차로안,승합,여,54세,상해없음,자전거,남,70세,경상
2021082700100515,2021년 8월 27일 20시,금요일,울산광역시 북구 화봉동,중상사고,0,1,2,0,차대차 - 추돌,안전운전불이행,건조,맑음,단일로 - 기타,이륜,남,43세,중상,승용,남,29세,경상
2021082700100583,2021년 8월 27일 22시,금요일,울산광역시 북구 중산동,경상사고,0,0,1,0,차대차 - 추돌,안전운전불이행,젖음/습기,비,단일로 - 기타,승용,남,25세,상해없음,승용,여,49세,경상
2021082700100598,2021년 8월 27일 23시,금요일,울산광역시 남구 무거동,경상사고,0,0,1,0,차대차 - 측면충돌,안전거리미확보,젖음/습기,비,교차로 - 교차로안,승용,여,22세,상해없음,승합,남,50세,경상
2021082800100014,2021년 8월 28일 00시,토요일,울산광역시 남구 삼산동,경상사고,0,0,2,0,차대차 - 측면충돌,안전운전불이행,건조,맑음,단일로 - 기타,자전거,남,53세,경상,자전거,남,22세,경상
2021082800100015,2021년 8월 28일 00시,토요일,울산광역시 남구 달동,경상사고,0,0,1,0,차대차 - 측면충돌,안전거리미확보,기타,기타,교차로 - 교차로안,승용,남,48세,상해없음,승용,남,46세,경상
2021082800100044,2021년 8월 28일 05시,토요일,울산광역시 남구 성암동,경상사고,0,0,1,0,차대차 - 추돌,안전운전불이행,건조,맑음,교차로 - 교차로부근,승용,남,55세,상해없음,승용,남,37세,경상
2021082800100052,2021년 8월 28일 06시,토요일,울산광역시 북구 진장동,중상사고,0,1,0,0,차대차 - 기타,안전운전불이행,건조,맑음,교차로 - 교차로안,승용,남,33세,상해없음,승합,남,61세,중상
2021082800100131,2021년 8월 28일 11시,토요일,울산광역시 울주군 온양읍,중상사고,0,1,1,0,차대차 - 추돌,안전운전불이행,건조,맑음,단일로 - 기타,승용,여,40세,상해없음,승용,여,38세,중상
2021082800100132,2021년 8월 28일 11시,토요일,울산광역시 울주군 범서읍,경상사고,0,0,3,0,차대차 - 측면충돌,안전거리미확보,건조,맑음,단일로 - 기타,승용,남,71세,상해없음,승용,남,59세,경상
2021082800100199,2021년 8월 28일 12시,토요일,울산광역시 북구 천곡동,중상사고,0,1,0,0,차대사람 - 기타,안전운전불이행,건조,맑음,단일로 - 기타,승용,여,24세,상해없음,보행자,여,17세,중상
2021082800100230,2021년 8월 28일 13시,토요일,울산광역시 중구 복산동,경상사고,0,0,1,0,차대차 - 기타,안전운전불이행,건조,맑음,단일로 - 기타,승용,여,55세,상해없음,승용,남,30세,경상
2021082800100231,2021년 8월 28일 13시,토요일,울산광역시 중구 성남동,경상사고,0,0,1,0,차대차 - 추돌,안전운전불이행,건조,맑음,단일로 - 기타,승용,남,57세,상해없음,승용,남,41세,경상
2021082800100232,2021년 8월 28일 13시,토요일,울산광역시 남구 달동,중상사고,0,1,0,0,차대차 - 측면충돌,교차로운행방법위반,건조,맑음,교차로 - 교차로안,화물,남,50세,상해없음,이륜,남,21세,중상
2021082800100264,2021년 8월 28일 14시,토요일,울산광역시 동구 동부동,경상사고,0,0,1,0,차대차 - 측면충돌,안전운전불이행,건조,맑음,교차로 - 교차로안,승용,남,31세,상해없음,승용,남,42세,경상
2021082800100265,2021년 8월 28일 14시,토요일,울산광역시 울주군 온양읍,중상사고,0,1,0,0,차대사람 - 보도통행중,기타,건조,맑음,단일로 - 지하차도(도로)내,승용,남,70세,상해없음,보행자,여,54세,중상
2021082800100410,2021년 8월 28일 18시,토요일,울산광역시 중구 남외동,중상사고,0,1,1,0,차대차 - 추돌,기타,건조,맑음,단일로 - 기타,이륜,남,34세,중상,승용,남,57세,상해없음
2021082800100473,2021년 8월 28일 20시,토요일,울산광역시 동구 동부동,경상사고,0,0,1,0,차대사람 - 길가장자리구역통행중,안전운전불이행,건조,맑음,단일로 - 기타,이륜,남,51세,상해없음,보행자,여,16세,경상
2021082800100474,2021년 8월 28일 20시,토요일,울산광역시 동구 서부동,경상사고,0,0,1,0,차대차 - 측면충돌,교차로운행방법위반,건조,맑음,교차로 - 교차로안,이륜,남,17세,경상,승용,남,33세,상해없음
2021082800100475,2021년 8월 28일 20시,토요일,울산광역시 북구 진장동,중상사고,0,1,0,1,차대차 - 측면충돌,안전운전불이행,건조,맑음,단일로 - 기타,자전거,남,45세,부상신고,자전거,남,41세,중상
2021082900100023,2021년 8월 29일 05시,일요일,울산광역시 남구 신정동,중상사고,0,1,0,0,차량단독 - 전도전복 - 전도,기타,건조,맑음,교차로 - 교차로부근,이륜,남,18세,중상,,,,
2021082900100031,2021년 8월 29일 07시,일요일,울산광역시 북구 중산동,부상신고사고,0,0,0,1,차대차 - 측면충돌,안전운전불이행,건조,맑음,교차로 - 교차로부근,화물,남,37세,부상신고,화물,남,49세,상해없음
2021082900100211,2021년 8월 29일 15시,일요일,울산광역시 중구 복산동,경상사고,0,0,4,0,차대차 - 측면충돌,안전거리미확보,건조,맑음,단일로 - 기타,승용,여,31세,경상,승용,남,28세,경상
2021082900100244,2021년 8월 29일 16시,일요일,울산광역시 울주군 온산읍,경상사고,0,0,1,0,차대차 - 측면충돌,직진우회전진행방해,건조,맑음,교차로 - 교차로안,승용,여,38세,상해없음,승용,남,43세,상해없음
2021083000100110,2021년 8월 30일 09시,월요일,울산광역시 동구 방어동,경상사고,0,0,1,0,차대차 - 기타,안전거리미확보,건조,맑음,교차로 - 교차로부근,화물,남,61세,상해없음,승합,남,42세,경상
2021083000100187,2021년 8월 30일 11시,월요일,울산광역시 울주군 언양읍,경상사고,0,0,1,0,차대사람 - 기타,보행자보호의무위반,건조,맑음,교차로 - 교차로횡단보도내,화물,남,30세,상해없음,보행자,남,50세,경상
2021083000100275,2021년 8월 30일 14시,월요일,울산광역시 중구 남외동,부상신고사고,0,0,0,1,차대차 - 측면충돌,직진우회전진행방해,건조,맑음,교차로 - 교차로안,개인형이동수단(PM),남,77세,부상신고,화물,남,51세,상해없음
2021083100100010,2021년 8월 31일 00시,화요일,울산광역시 북구 화봉동,경상사고,0,0,2,0,차대차 - 측면충돌,안전운전불이행,건조,맑음,교차로 - 교차로부근,승용,남,44세,상해없음,화물,남,56세,경상
2021083100100054,2021년 8월 31일 07시,화요일,울산광역시 동구 방어동,중상사고,0,2,0,0,차대차 - 추돌,신호위반,건조,맑음,교차로 - 교차로안,승용,남,79세,상해없음,승용,여,69세,중상
2021083100100094,2021년 8월 31일 08시,화요일,울산광역시 중구 유곡동,경상사고,0,0,1,0,차대차 - 기타,안전운전불이행,건조,흐림,단일로 - 기타,승용,남,58세,상해없음,자전거,남,14세,경상
2021083100100264,2021년 8월 31일 13시,화요일,울산광역시 중구 다운동,경상사고,0,0,3,0,차대차 - 측면충돌,안전운전불이행,건조,맑음,교차로 - 교차로안,승용,여,48세,상해없음,승합,남,42세,경상
2021083100100265,2021년 8월 31일 13시,화요일,울산광역시 동구 전하동,경상사고,0,0,1,0,차대사람 - 횡단중,보행자보호의무위반,건조,맑음,교차로 - 교차로횡단보도내,승용,여,43세,상해없음,보행자,여,8세,경상
2021083100100364,2021년 8월 31일 15시,화요일,울산광역시 중구 북정동,경상사고,0,0,1,0,차대차 - 측면충돌,신호위반,건조,맑음,교차로 - 교차로안,승용,여,39세,상해없음,승용,여,52세,경상
2021083100100437,2021년 8월 31일 17시,화요일,울산광역시 중구 성안동,사망사고,1,0,0,0,차대사람 - 기타,안전운전불이행,건조,맑음,단일로 - 기타,승용,남,49세,상해없음,보행자,남,44세,사망
2021083100100438,2021년 8월 31일 17시,화요일,울산광역시 울주군 삼남읍,중상사고,0,1,0,0,차대차 - 후진중충돌,안전운전불이행,건조,맑음,단일로 - 기타,승용,여,36세,상해없음,승용,남,57세,상해없음
2021083100100483,2021년 8월 31일 18시,화요일,울산광역시 동구 전하동,경상사고,0,0,1,0,차대차 - 측면충돌,안전운전불이행,건조,맑음,교차로 - 교차로안,승용,여,51세,상해없음,승용,남,62세,경상
2021083100100484,2021년 8월 31일 18시,화요일,울산광역시 북구 화봉동,경상사고,0,0,1,0,차대차 - 정면충돌,안전운전불이행,건조,맑음,교차로 - 교차로부근,승용,여,37세,상해없음,승용,여,52세,경상
2021083100100534,2021년 8월 31일 19시,화요일,울산광역시 북구 천곡동,경상사고,0,0,1,0,차대차 - 정면충돌,중앙선침범,건조,맑음,교차로 - 교차로안,승용,남,29세,상해없음,이륜,남,41세,경상
2021083100100535,2021년 8월 31일 19시,화요일,울산광역시 북구 매곡동,경상사고,0,0,1,0,차대차 - 측면충돌,안전운전불이행,건조,흐림,교차로 - 교차로안,이륜,남,35세,상해없음,승용,남,29세,경상
2021090100100007,2021년 9월 1일 00시,수요일,울산광역시 동구 서부동,경상사고,0,0,1,0,차대차 - 측면충돌,불법유턴,젖음/습기,맑음,단일로 - 기타,승용,남,65세,상해없음,이륜,남,22세,경상
2021090100100052,2021년 9월 1일 07시,수요일,울산광역시 울주군 두서면,경상사고,0,0,2,0,차대차 - 측면충돌,중앙선침범,건조,맑음,교차로 - 교차로안,승용,남,39세,경상,승용,남,29세,경상
2021090100100086,2021년 9월 1일 08시,수요일,울산광역시 남구 야음동,중상사고,0,1,0,0,차대차 - 정면충돌,신호위반,건조,맑음,교차로 - 교차로부근,자전거,남,70세,중상,승용,여,37세,상해없음
2021090100100197,2021년 9월 1일 12시,수요일,울산광역시 울주군 온양읍,중상사고,0,1,0,0,차량단독 - 공작물충돌,안전운전불이행,건조,흐림,교차로 - 교차로안,승용,남,72세,중상,,,,
2021090100100269,2021년 9월 1일 14시,수요일,울산광역시 중구 복산동,경상사고,0,0,1,0,차대사람 - 기타,기타,건조,맑음,교차로 - 교차로부근,이륜,남,40세,상해없음,보행자,여,54세,경상
2021090100100270,2021년 9월 1일 14시,수요일,울산광역시 동구 방어동,경상사고,0,0,1,0,차대사람 - 횡단중,안전운전불이행,건조,흐림,교차로 - 교차로부근,승합,남,60세,상해없음,보행자,남,30세,경상
2021090100100368,2021년 9월 1일 17시,수요일,울산광역시 남구 무거동,중상사고,0,1,0,0,차대사람 - 보도통행중,보행자보호의무위반,젖음/습기,비,단일로 - 기타,승용,남,54세,상해없음,보행자,여,74세,중상
2021090100100438,2021년 9월 1일 19시,수요일,울산광역시 중구 반구동,경상사고,0,0,1,0,차대차 - 측면충돌,안전운전불이행,젖음/습기,비,단일로 - 기타,승용,남,59세,상해없음,승용,남,38세,경상
2021090100100439,2021년 9월 1일 19시,수요일,울산광역시 남구 달동,중상사고,0,1,1,0,차대차 - 추돌,안전운전불이행,젖음/습기,비,단일로 - 기타,화물,남,56세,상해없음,승용,남,57세,중상
2021090100100440,2021년 9월 1일 19시,수요일,울산광역시 남구 야음동,중상사고,0,1,0,0,차대사람 - 횡단중,보행자보호의무위반,젖음/습기,비,교차로 - 교차로횡단보도내,승용,여,36세,상해없음,보행자,여,59세,중상
2021090100100537,2021년 9월 1일 22시,수요일,울산광역시 남구 무거동,중상사고,0,2,0,0,차대차 - 추돌,안전운전불이행,건조,기타,교차로 - 교차로부근,승용,남,54세,상해없음,승용,남,21세,중상
2021090100100547,2021년 9월 1일 23시,수요일,울산광역시 울주군 서생면,경상사고,0,0,1,0,차대차 - 측면충돌,차로위반,젖음/습기,비,교차로 - 교차로안,승용,여,58세,상해없음,승용,남,34세,경상
2021090200100005,2021년 9월 2일 00시,목요일,울산광역시 울주군 범서읍,중상사고,0,1,0,0,차대차 - 측면충돌,직진우회전진행방해,건조,맑음,교차로 - 교차로안,승용,남,61세,상해없음,승용,여,69세,중상
2021090200100006,2021년 9월 2일 00시,목요일,울산광역시 북구 중산동,경상사고,0,0,1,0,차대차 - 추돌,안전거리미확보,젖음/습기,비,교차로 - 교차로부근,승용,남,33세,상해없음,승용,남,40세,경상
2021090200100057,2021년 9월 2일 07시,목요일,울산광역시 북구 양정동,경상사고,0,0,1,0,차대차 - 측면충돌,교차로운행방법위반,젖음/습기,비,교차로 - 교차로안,화물,남,38세,기타불명,승합,남,51세,경상
2021090200100087,2021년 9월 2일 08시,목요일,울산광역시 북구 연암동,경상사고,0,0,1,0,차대차 - 측면충돌,교차로운행방법위반,건조,맑음,교차로 - 교차로안,승용,남,40세,상해없음,승용,여,30세,경상
2021090200100183,2021년 9월 2일 12시,목요일,울산광역시 울주군 삼남읍,경상사고,0,0,1,0,차대차 - 추돌,안전거리미확보,건조,맑음,단일로 - 기타,화물,남,69세,상해없음,승용,여,60세,경상
2021090200100226,2021년 9월 2일 13시,목요일,울산광역시 북구 매곡동,경상사고,0,0,1,0,차대차 - 측면충돌,중앙선침범,건조,맑음,단일로 - 기타,화물,남,53세,상해없음,이륜,남,46세,경상
2021090200100260,2021년 9월 2일 14시,목요일,울산광역시 남구 무거동,부상신고사고,0,0,0,1,차대차 - 측면충돌,기타,건조,맑음,단일로 - 기타,승용,여,53세,상해없음,자전거,남,61세,부상신고
2021090200100331,2021년 9월 2일 16시,목요일,울산광역시 남구 달동,경상사고,0,0,2,0,차대차 - 측면충돌,안전거리미확보,건조,맑음,교차로 - 교차로부근,승용,남,67세,상해없음,승용,남,53세,경상
2021090200100433,2021년 9월 2일 18시,목요일,울산광역시 남구 달동,경상사고,0,0,2,0,차대차 - 측면충돌,안전운전불이행,건조,맑음,교차로 - 교차로안,승용,여,28세,경상,승용,여,32세,경상
2021090200100434,2021년 9월 2일 18시,목요일,울산광역시 울주군 언양읍,경상사고,0,0,1,0,차대사람 - 보도통행중,기타,건조,맑음,교차로 - 교차로부근,화물,남,65세,상해없음,보행자,남,38세,경상
2021090200100470,2021년 9월 2일 19시,목요일,울산광역시 북구 화봉동,경상사고,0,0,3,0,차대차 - 추돌,안전운전불이행,젖음/습기,흐림,교차로 - 교차로부근,승용,여,30세,상해없음,승용,남,29세,경상
2021090200100500,2021년 9월 2일 20시,목요일,울산광역시 북구 천곡동,경상사고,0,0,1,0,차대사람 - 횡단중,안전운전불이행,건조,맑음,주차장 - 주차장,승용,남,52세,상해없음,보행자,남,59세,경상
2021090200100529,2021년 9월 2일 21시,목요일,울산광역시 동구 서부동,경상사고,0,0,1,0,차량단독 - 기타,안전운전불이행,건조,맑음,단일로 - 기타,이륜,남,45세,경상,,,,
2021090300100032,2021년 9월 3일 05시,금요일,울산광역시 남구 상개동,경상사고,0,0,1,0,차대차 - 추돌,안전거리미확보,건조,맑음,단일로 - 기타,화물,남,64세,상해없음,승용,여,54세,경상
2021090300100100,2021년 9월 3일 08시,금요일,울산광역시 중구 약사동,경상사고,0,0,3,0,차대차 - 측면충돌,안전운전불이행,건조,맑음,교차로 - 교차로안,승용,여,58세,경상,승용,남,57세,경상
2021090300100101,2021년 9월 3일 08시,금요일,울산광역시 남구 삼산동,경상사고,0,0,1,0,차대차 - 추돌,안전운전불이행,젖음/습기,비,교차로 - 교차로부근,승용,남,47세,상해없음,승용,남,29세,경상
2021090300100102,2021년 9월 3일 08시,금요일,울산광역시 남구 삼산동,중상사고,0,1,0,0,차대차 - 측면충돌,안전운전불이행,젖음/습기,비,단일로 - 기타,화물,남,41세,상해없음,자전거,남,63세,중상
2021090300100147,2021년 9월 3일 10시,금요일,울산광역시 울주군 온산읍,경상사고,0,0,1,0,차대차 - 측면충돌,안전운전불이행,젖음/습기,비,교차로 - 교차로부근,화물,남,66세,상해없음,화물,남,38세,경상
2021090300100264,2021년 9월 3일 14시,금요일,울산광역시 북구 매곡동,경상사고,0,0,2,0,차대차 - 기타,중앙선침범,젖음/습기,비,단일로 - 기타,승용,여,50세,상해없음,승용,남,44세,경상
2021090300100290,2021년 9월 3일 15시,금요일,울산광역시 남구 달동,경상사고,0,0,1,0,차대차 - 추돌,안전운전불이행,건조,맑음,단일로 - 기타,승용,남,64세,상해없음,이륜,남,49세,경상
2021090300100337,2021년 9월 3일 16시,금요일,울산광역시 울주군 청량읍,경상사고,0,0,1,0,차대차 - 측면충돌,신호위반,건조,맑음,교차로 - 교차로안,승용,여,51세,상해없음,승용,남,59세,경상
2021090300100390,2021년 9월 3일 17시,금요일,울산광역시 울주군 온산읍,중상사고,0,1,1,0,차대차 - 추돌,안전운전불이행,건조,맑음,단일로 - 기타,승용,남,65세,상해없음,승용,남,26세,중상
2021090300100451,2021년 9월 3일 18시,금요일,울산광역시 북구 효문동,경상사고,0,0,2,0,차대차 - 측면충돌,신호위반,건조,맑음,교차로 - 교차로안,승용,여,44세,상해없음,승용,남,50세,경상
2021090300100570,2021년 9월 3일 21시,금요일,울산광역시 북구 천곡동,경상사고,0,0,1,0,차대차 - 정면충돌,교차로운행방법위반,건조,맑음,교차로 - 교차로안,승용,남,28세,상해없음,승용,남,50세,경상
2021090300100571,2021년 9월 3일 21시,금요일,울산광역시 북구 호계동,중상사고,0,1,1,0,차대사람 - 횡단중,안전운전불이행,젖음/습기,비,교차로 - 교차로안,승용,남,54세,상해없음,보행자,남,51세,경상
2021090300100572,2021년 9월 3일 21시,금요일,울산광역시 북구 연암동,중상사고,0,1,0,0,차대차 - 측면충돌,신호위반,젖음/습기,비,교차로 - 교차로안,승용,남,36세,상해없음,승용,남,40세,중상
2021090300100601,2021년 9월 3일 22시,금요일,울산광역시 울주군 온양읍,경상사고,0,0,1,0,차대사람 - 기타,안전운전불이행,건조,맑음,단일로 - 기타,승용,남,31세,상해없음,보행자,남,66세,경상
2021090300100602,2021년 9월 3일 22시,금요일,울산광역시 울주군 온산읍,경상사고,0,0,1,0,차대차 - 측면충돌,교차로운행방법위반,건조,맑음,교차로 - 교차로안,승용,남,38세,상해없음,승용,여,51세,경상
2021090300100611,2021년 9월 3일 23시,금요일,울산광역시 동구 방어동,경상사고,0,0,2,0,차대차 - 추돌,안전운전불이행,건조,맑음,교차로 - 교차로안,승용,남,19세,경상,승용,남,58세,경상
2021090400100011,2021년 9월 4일 00시,토요일,울산광역시 남구 신정동,경상사고,0,0,2,0,차대차 - 측면충돌,직진우회전진행방해,건조,맑음,교차로 - 교차로안,승용,여,56세,경상,승용,여,57세,경상
2021090400100024,2021년 9월 4일 01시,토요일,울산광역시 남구 달동,경상사고,0,0,1,0,차대차 - 측면충돌,안전운전불이행,건조,맑음,교차로 - 교차로안,승용,남,57세,상해없음,개인형이동수단(PM),남,23세,경상
2021090400100130,2021년 9월 4일 10시,토요일,울산광역시 울주군 온양읍,경상사고,0,0,4,0,차대차 - 측면충돌,교차로운행방법위반,건조,맑음,교차로 - 교차로안,승용,남,49세,경상,승용,남,40세,경상
2021090400100361,2021년 9월 4일 17시,토요일,울산광역시 동구 방어동,경상사고,0,0,1,0,차대차 - 측면충돌,교차로운행방법위반,건조,맑음,교차로 - 교차로안,승용,남,35세,상해없음,승용,남,62세,경상
2021090400100479,2021년 9월 4일 21시,토요일,울산광역시 남구 무거동,중상사고,0,1,1,0,차대차 - 추돌,교차로운행방법위반,건조,맑음,교차로 - 교차로안,화물,남,40세,상해없음,승용,남,27세,중상
2021090500100049,2021년 9월 5일 09시,일요일,울산광역시 남구 상개동,경상사고,0,0,3,0,차대차 - 측면충돌,안전거리미확보,건조,맑음,단일로 - 기타,승용,남,55세,상해없음,승용,남,56세,경상
2021090500100093,2021년 9월 5일 11시,일요일,울산광역시 북구 상안동,경상사고,0,0,1,0,차대차 - 측면충돌,교차로운행방법위반,건조,맑음,교차로 - 교차로안,승용,여,55세,상해없음,승용,여,29세,경상
2021090500100216,2021년 9월 5일 15시,일요일,울산광역시 북구 화봉동,중상사고,0,1,1,0,차대차 - 정면충돌,중앙선침범,건조,맑음,단일로 - 고가도로위,승용,여,49세,상해없음,승용,남,50세,중상
2021090500100230,2021년 9월 5일 16시,일요일,울산광역시 울주군 언양읍,경상사고,0,0,2,0,차대차 - 기타,안전운전불이행,건조,맑음,단일로 - 기타,승용,남,61세,상해없음,승용,남,43세,경상
2021090500100273,2021년 9월 5일 17시,일요일,울산광역시 남구 달동,경상사고,0,0,1,0,차대차 - 측면충돌,직진우회전진행방해,건조,맑음,교차로 - 교차로부근,승용,남,37세,상해없음,승용,남,67세,경상
2021090500100299,2021년 9월 5일 18시,일요일,울산광역시 동구 방어동,경상사고,0,0,3,0,차대차 - 추돌,안전운전불이행,건조,맑음,교차로 - 교차로부근,승용,남,61세,상해없음,승용,남,51세,경상
2021090500100331,2021년 9월 5일 19시,일요일,울산광역시 울주군 범서읍,경상사고,0,0,1,0,차대차 - 측면충돌,교차로운행방법위반,건조,맑음,교차로 - 교차로횡단보도내,승용,여,52세,상해없음,자전거,남,13세,경상
2021090500100378,2021년 9월 5일 20시,일요일,울산광역시 울주군 언양읍,중상사고,0,1,0,0,차대사람 - 차도통행중,교차로운행방법위반,건조,맑음,교차로 - 교차로안,승용,남,62세,상해없음,보행자,여,80세,중상
2021090600100021,2021년 9월 6일 03시,월요일,울산광역시 북구 명촌동,중상사고,0,1,1,1,차대차 - 추돌,신호위반,젖음/습기,비,교차로 - 교차로안,승용,남,67세,부상신고,승용,여,57세,중상
2021090600100022,2021년 9월 6일 03시,월요일,울산광역시 북구 호계동,부상신고사고,0,0,0,1,차대차 - 측면충돌,안전운전불이행,건조,맑음,단일로 - 기타,승용,여,22세,부상신고,승용,여,38세,기타불명
2021090600100031,2021년 9월 6일 05시,월요일,울산광역시 남구 황성동,중상사고,0,1,1,0,차대차 - 정면충돌,중앙선침범,젖음/습기,비,교차로 - 교차로부근,승용,남,52세,중상,특수,남,48세,경상
2021090600100155,2021년 9월 6일 09시,월요일,울산광역시 중구 남외동,경상사고,0,0,1,0,차대차 - 측면충돌,차로위반,건조,맑음,단일로 - 기타,이륜,남,40세,경상,승용,남,57세,상해없음
2021090600100193,2021년 9월 6일 10시,월요일,울산광역시 중구 학성동,경상사고,0,0,1,0,차대차 - 측면충돌,신호위반,건조,맑음,교차로 - 교차로안,승용,여,68세,상해없음,승합,남,58세,경상