사고번호,사고일시,요일,시군구,사고내용,사망자수,중상자수,경상자수,부상신고자수,사고유형,법규위반,노면상태,기상상태,도로형태,가해운전자 차종,가해운전자 성별,가해운전자 연령,가해운전자 상해정도,피해운전자 차종,피해운전자 성별,피해운전자 연령,피해운전자 상해정도
2021090600100227,2021년 9월 6일 11시,월요일,울산광역시 남구 달동,경상사고,0,0,3,0,차대차 - 측면충돌,교차로운행방법위반,건조,흐림,교차로 - 교차로안,승용,남,21세,경상,승용,여,42세,경상
2021090600100228,2021년 9월 6일 11시,월요일,울산광역시 동구 전하동,경상사고,0,0,1,0,차대사람 - 차도통행중,안전운전불이행,건조,맑음,단일로 - 기타,승용,남,62세,상해없음,보행자,여,77세,경상
2021090600100229,2021년 9월 6일 11시,월요일,울산광역시 북구 화봉동,경상사고,0,0,1,0,차대차 - 측면충돌,신호위반,건조,흐림,교차로 - 교차로안,승용,여,54세,상해없음,이륜,남,40세,경상
2021090600100262,2021년 9월 6일 12시,월요일,울산광역시 남구 야음동,중상사고,0,1,0,0,차대사람 - 횡단중,보행자보호의무위반,젖음/습기,비,교차로 - 교차로안,승용,남,46세,상해없음,보행자,여,75세,중상
2021090600100291,2021년 9월 6일 13시,월요일,울산광역시 중구 복산동,경상사고,0,0,1,0,차대차 - 추돌,안전운전불이행,건조,맑음,교차로 - 교차로부근,승용,남,66세,상해없음,승용,남,71세,경상
2021090600100292,2021년 9월 6일 13시,월요일,울산광역시 동구 일산동,중상사고,0,1,0,0,차대차 - 측면충돌,안전운전불이행,건조,맑음,단일로 - 기타,승용,남,29세,상해없음,이륜,남,48세,중상
2021090600100324,2021년 9월 6일 14시,월요일,울산광역시 북구 양정동,경상사고,0,0,1,0,차대차 - 측면충돌,기타,건조,흐림,단일로 - 기타,이륜,남,42세,상해없음,승용,여,42세,경상
2021090600100358,2021년 9월 6일 15시,월요일,울산광역시 북구 연암동,중상사고,0,1,0,0,차대차 - 측면충돌,안전거리미확보,건조,맑음,단일로 - 기타,승용,여,64세,상해없음,이륜,남,39세,중상
2021090600100400,2021년 9월 6일 16시,월요일,울산광역시 중구 학성동,경상사고,0,0,1,0,차대차 - 측면충돌,안전운전불이행,건조,맑음,교차로 - 교차로부근,승용,여,58세,상해없음,이륜,남,43세,경상
2021090600100481,2021년 9월 6일 18시,월요일,울산광역시 동구 방어동,경상사고,0,0,1,0,차대사람 - 횡단중,보행자보호의무위반,건조,맑음,교차로 - 교차로횡단보도내,승용,남,48세,상해없음,보행자,남,70세,경상
2021090600100550,2021년 9월 6일 19시,월요일,울산광역시 울주군 웅촌면,경상사고,0,0,1,0,차대차 - 측면충돌,신호위반,젖음/습기,비,교차로 - 교차로부근,승용,남,30세,상해없음,승용,남,34세,경상
2021090600100551,2021년 9월 6일 19시,월요일,울산광역시 울주군 청량읍,경상사고,0,0,1,0,차대차 - 기타,중앙선침범,건조,맑음,기타 - 기타,승용,여,58세,상해없음,승용,남,46세,경상
2021090600100627,2021년 9월 6일 21시,월요일,울산광역시 북구 효문동,중상사고,0,4,1,0,차대차 - 측면충돌,안전운전불이행,건조,맑음,단일로 - 기타,승용,남,41세,상해없음,승용,남,60세,중상
2021090600100677,2021년 9월 6일 23시,월요일,울산광역시 북구 화봉동,경상사고,0,0,1,0,차대차 - 추돌,안전운전불이행,건조,맑음,단일로 - 기타,승용,남,58세,상해없음,승용,남,46세,경상
2021090700100014,2021년 9월 7일 01시,화요일,울산광역시 남구 달동,경상사고,0,0,1,0,차대차 - 측면충돌,신호위반,건조,맑음,교차로 - 교차로부근,승용,남,22세,상해없음,이륜,남,21세,경상
2021090700100107,2021년 9월 7일 08시,화요일,울산광역시 남구 삼산동,경상사고,0,0,1,0,차대차 - 측면충돌,안전운전불이행,건조,맑음,교차로 - 교차로안,승합,남,59세,상해없음,승용,남,30세,경상
2021090700100299,2021년 9월 7일 14시,화요일,울산광역시 중구 반구동,중상사고,0,1,0,0,차대사람 - 차도통행중,신호위반,건조,맑음,교차로 - 교차로안,이륜,남,41세,상해없음,보행자,여,63세,중상
2021090700100334,2021년 9월 7일 15시,화요일,울산광역시 울주군 온산읍,중상사고,0,2,0,0,차대차 - 추돌,안전운전불이행,건조,맑음,교차로 - 교차로부근,화물,남,27세,중상,화물,남,64세,중상
2021090700100335,2021년 9월 7일 15시,화요일,울산광역시 북구 호계동,경상사고,0,0,1,0,차대차 - 측면충돌,교차로운행방법위반,건조,맑음,교차로 - 교차로안,승용,여,59세,상해없음,이륜,남,30세,경상
2021090700100396,2021년 9월 7일 17시,화요일,울산광역시 울주군 온산읍,경상사고,0,0,3,0,차대차 - 추돌,안전거리미확보,건조,맑음,단일로 - 지하차도(도로)내,승용,여,41세,상해없음,승용,남,30세,경상
2021090700100514,2021년 9월 7일 20시,화요일,울산광역시 중구 반구동,경상사고,0,0,4,0,차대차 - 측면충돌,신호위반,건조,맑음,교차로 - 교차로안,이륜,남,55세,상해없음,승용,남,28세,경상
2021090700100595,2021년 9월 7일 23시,화요일,울산광역시 중구 유곡동,경상사고,0,0,1,0,차대차 - 기타,신호위반,건조,맑음,교차로 - 교차로안,승용,남,42세,상해없음,승용,남,67세,상해없음
2021090800100121,2021년 9월 8일 08시,수요일,울산광역시 남구 달동,경상사고,0,0,1,0,차대차 - 정면충돌,중앙선침범,건조,맑음,교차로 - 교차로부근,승용,여,47세,상해없음,승용,여,30세,경상
2021090800100122,2021년 9월 8일 08시,수요일,울산광역시 북구 호계동,경상사고,0,0,2,0,차대차 - 추돌,교차로운행방법위반,건조,맑음,교차로 - 교차로안,승용,남,20세,경상,승용,여,42세,경상
2021090800100152,2021년 9월 8일 09시,수요일,울산광역시 중구 반구동,중상사고,0,1,0,0,차대차 - 측면충돌,직진우회전진행방해,건조,맑음,교차로 - 교차로안,승용,남,31세,상해없음,이륜,여,56세,중상
2021090800100153,2021년 9월 8일 09시,수요일,울산광역시 남구 삼산동,경상사고,0,0,1,0,차대차 - 측면충돌,안전운전불이행,건조,맑음,단일로 - 기타,승용,여,64세,상해없음,승용,남,44세,경상
2021090800100154,2021년 9월 8일 09시,수요일,울산광역시 동구 화정동,경상사고,0,0,1,0,차대차 - 추돌,안전운전불이행,건조,맑음,단일로 - 기타,이륜,남,64세,경상,승용,여,40세,상해없음
2021090800100224,2021년 9월 8일 11시,수요일,울산광역시 동구 일산동,중상사고,0,1,1,0,차대차 - 측면충돌,직진우회전진행방해,건조,맑음,교차로 - 교차로안,승용,남,25세,상해없음,승용,여,47세,경상
2021090800100253,2021년 9월 8일 12시,수요일,울산광역시 남구 부곡동,경상사고,0,0,1,0,차대차 - 측면충돌,교차로운행방법위반,건조,맑음,교차로 - 교차로안,화물,남,55세,상해없음,화물,남,48세,경상
2021090800100298,2021년 9월 8일 13시,수요일,울산광역시 중구 남외동,경상사고,0,0,2,0,차대차 - 측면충돌,신호위반,건조,맑음,교차로 - 교차로안,화물,남,61세,상해없음,승합,남,42세,경상
2021090800100338,2021년 9월 8일 14시,수요일,울산광역시 중구 서동,중상사고,0,3,0,1,차대차 - 측면충돌,안전운전불이행,건조,맑음,교차로 - 교차로안,승용,여,45세,부상신고,승용,남,34세,중상
2021090800100381,2021년 9월 8일 15시,수요일,울산광역시 울주군 범서읍,중상사고,0,1,0,0,차대차 - 측면충돌,중앙선침범,건조,맑음,단일로 - 기타,자전거,남,65세,상해없음,자전거,남,71세,중상
2021090800100382,2021년 9월 8일 15시,수요일,울산광역시 북구 명촌동,부상신고사고,0,0,0,1,차량단독 - 기타,안전운전불이행,건조,맑음,단일로 - 기타,이륜,남,60세,부상신고,,,,
2021090800100483,2021년 9월 8일 17시,수요일,울산광역시 남구 신정동,중상사고,0,1,0,0,차대차 - 측면충돌,중앙선침범,건조,맑음,교차로 - 교차로횡단보도내,승용,남,32세,상해없음,자전거,남,11세,중상
2021090800100570,2021년 9월 8일 19시,수요일,울산광역시 중구 복산동,중상사고,0,1,1,0,차대차 - 측면충돌,신호위반,건조,맑음,단일로 - 기타,이륜,남,16세,경상,이륜,남,26세,중상
2021090800100648,2021년 9월 8일 22시,수요일,울산광역시 북구 연암동,중상사고,0,1,0,0,차대차 - 측면충돌,안전거리미확보,건조,맑음,단일로 - 기타,승용,여,49세,상해없음,이륜,남,38세,중상
2021090800100659,2021년 9월 8일 23시,수요일,울산광역시 북구 산하동,경상사고,0,0,1,0,차대차 - 기타,불법유턴,건조,맑음,교차로 - 교차로안,승용,남,65세,상해없음,승용,남,39세,경상
2021090900100065,2021년 9월 9일 07시,목요일,울산광역시 중구 다운동,중상사고,0,1,0,0,차대사람 - 횡단중,안전운전불이행,건조,맑음,단일로 - 기타,승용,여,52세,상해없음,보행자,남,41세,중상
2021090900100136,2021년 9월 9일 09시,목요일,울산광역시 남구 무거동,경상사고,0,0,1,1,차대차 - 추돌,안전거리미확보,건조,맑음,교차로 - 교차로안,화물,남,48세,상해없음,승용,남,34세,경상
2021090900100137,2021년 9월 9일 09시,목요일,울산광역시 울주군 청량읍,경상사고,0,0,1,1,차대차 - 측면충돌,안전운전불이행,건조,맑음,교차로 - 교차로부근,승합,남,69세,부상신고,승용,남,23세,경상
2021090900100169,2021년 9월 9일 10시,목요일,울산광역시 중구 학성동,중상사고,0,1,0,0,차대사람 - 기타,보행자보호의무위반,건조,맑음,교차로 - 교차로횡단보도내,승용,남,82세,상해없음,보행자,여,80세,중상
2021090900100242,2021년 9월 9일 12시,목요일,울산광역시 남구 신정동,경상사고,0,0,1,0,차대사람 - 기타,안전운전불이행,건조,맑음,단일로 - 기타,승용,남,68세,상해없음,보행자,여,74세,경상
2021090900100280,2021년 9월 9일 13시,목요일,울산광역시 남구 달동,중상사고,0,1,0,0,차대차 - 측면충돌,안전거리미확보,건조,맑음,교차로 - 교차로부근,승용,남,52세,상해없음,승용,여,30세,중상
2021090900100281,2021년 9월 9일 13시,목요일,울산광역시 남구 무거동,경상사고,0,0,2,0,차대차 - 측면충돌,안전거리미확보,건조,맑음,교차로 - 교차로안,이륜,남,54세,경상,화물,남,51세,상해없음
2021090900100348,2021년 9월 9일 15시,목요일,울산광역시 중구 태화동,경상사고,0,0,1,0,차대사람 - 기타,안전운전불이행,건조,맑음,단일로 - 기타,승합,남,58세,상해없음,보행자,여,60세,경상
2021090900100349,2021년 9월 9일 15시,목요일,울산광역시 남구 야음동,경상사고,0,0,1,0,차대차 - 추돌,안전운전불이행,건조,맑음,교차로 - 교차로부근,승용,남,32세,상해없음,승용,남,54세,경상
2021090900100391,2021년 9월 9일 16시,목요일,울산광역시 동구 일산동,경상사고,0,0,1,0,차대차 - 측면충돌,안전거리미확보,건조,맑음,교차로 - 교차로부근,이륜,여,56세,경상,화물,남,34세,상해없음
2021090900100511,2021년 9월 9일 19시,목요일,울산광역시 중구 성남동,중상사고,0,1,1,0,차대차 - 정면충돌,안전운전불이행,건조,맑음,단일로 - 기타,자전거,남,22세,경상,자전거,여,56세,중상
2021091000100052,2021년 9월 10일 06시,금요일,울산광역시 동구 방어동,중상사고,0,1,0,0,차대차 - 측면충돌,안전운전불이행,건조,맑음,교차로 - 교차로안,승합,남,45세,상해없음,이륜,남,44세,중상
2021091000100108,2021년 9월 10일 08시,금요일,울산광역시 남구 신정동,경상사고,0,0,1,0,차대차 - 측면충돌,교차로운행방법위반,건조,흐림,교차로 - 교차로안,승용,여,43세,상해없음,승용,남,53세,경상
2021091000100109,2021년 9월 10일 08시,금요일,울산광역시 울주군 범서읍,경상사고,0,0,1,0,차대차 - 측면충돌,신호위반,건조,맑음,교차로 - 교차로안,승용,여,38세,상해없음,승용,여,24세,경상
2021091000100139,2021년 9월 10일 09시,금요일,울산광역시 남구 신정동,경상사고,0,0,1,0,차대사람 - 길가장자리구역통행중,안전운전불이행,젖음/습기,비,교차로 - 교차로부근,화물,남,60세,상해없음,보행자,여,88세,경상
2021091000100140,2021년 9월 10일 09시,금요일,울산광역시 남구 삼산동,경상사고,0,0,2,0,차대차 - 측면충돌,안전운전불이행,건조,맑음,단일로 - 기타,승용,여,58세,상해없음,승용,남,52세,경상
2021091000100299,2021년 9월 10일 14시,금요일,울산광역시 남구 야음동,경상사고,0,0,1,0,차대차 - 측면충돌,안전운전불이행,건조,맑음,교차로 - 교차로안,승용,남,41세,상해없음,이륜,남,45세,경상
2021091000100300,2021년 9월 10일 14시,금요일,울산광역시 북구 효문동,경상사고,0,0,1,0,차대차 - 측면충돌,안전운전불이행,건조,맑음,교차로 - 교차로안,승용,남,41세,상해없음,자전거,남,56세,경상
2021091000100387,2021년 9월 10일 16시,금요일,울산광역시 중구 성남동,경상사고,0,0,3,0,차대차 - 추돌,안전거리미확보,건조,맑음,단일로 - 기타,승용,남,36세,경상,승용,남,26세,경상
2021091000100388,2021년 9월 10일 16시,금요일,울산광역시 북구 송정동,경상사고,0,0,1,0,차대차 - 후진중충돌,불법유턴,건조,맑음,주차장 - 주차장,승용,남,64세,상해없음,승용,여,47세,경상
2021091000100438,2021년 9월 10일 17시,금요일,울산광역시 동구 일산동,중상사고,0,1,0,0,차대차 - 기타,신호위반,건조,맑음,교차로 - 교차로안,승용,남,68세,상해없음,이륜,남,20세,중상
2021091000100500,2021년 9월 10일 18시,금요일,울산광역시 울주군 삼남읍,중상사고,0,1,0,0,차대차 - 측면충돌,안전운전불이행,건조,맑음,단일로 - 기타,이륜,남,76세,중상,승용,남,50세,상해없음
2021091000100501,2021년 9월 10일 18시,금요일,울산광역시 북구 신천동,경상사고,0,0,1,0,차대차 - 추돌,안전운전불이행,건조,맑음,단일로 - 기타,이륜,남,16세,경상,승용,여,37세,상해없음
2021091000100576,2021년 9월 10일 20시,금요일,울산광역시 중구 반구동,경상사고,0,0,1,0,차대사람 - 기타,안전운전불이행,건조,맑음,단일로 - 기타,승용,남,40세,상해없음,보행자,여,27세,경상
2021091000100577,2021년 9월 10일 20시,금요일,울산광역시 남구 삼산동,경상사고,0,0,1,0,차대차 - 측면충돌,신호위반,건조,맑음,교차로 - 교차로횡단보도내,승용,남,59세,상해없음,승용,남,23세,경상
2021091000100578,2021년 9월 10일 20시,금요일,울산광역시 남구 삼산동,경상사고,0,0,1,0,차대차 - 측면충돌,안전거리미확보,건조,맑음,단일로 - 기타,승용,남,63세,상해없음,승용,여,34세,경상
2021091000100611,2021년 9월 10일 21시,금요일,울산광역시 동구 방어동,중상사고,0,2,0,0,차대사람 - 횡단중,신호위반,건조,맑음,단일로 - 지하차도(도로)내,이륜,남,40세,상해없음,보행자,여,61세,중상
2021091100100007,2021년 9월 11일 00시,토요일,울산광역시 북구 명촌동,경상사고,0,0,3,0,차대차 - 추돌,안전운전불이행,건조,맑음,단일로 - 고가도로위,승용,남,26세,상해없음,승용,여,58세,경상
2021091100100049,2021년 9월 11일 06시,토요일,울산광역시 북구 명촌동,경상사고,0,0,1,0,차대차 - 측면충돌,안전운전불이행,건조,맑음,기타 - 기타,승용,남,31세,상해없음,이륜,남,37세,경상
2021091100100117,2021년 9월 11일 09시,토요일,울산광역시 울주군 두서면,경상사고,0,0,1,1,차대차 - 측면충돌,직진우회전진행방해,건조,맑음,교차로 - 교차로안,화물,여,52세,부상신고,승용,남,57세,경상
2021091100100154,2021년 9월 11일 10시,토요일,울산광역시 중구 반구동,경상사고,0,0,1,0,차대사람 - 기타,안전운전불이행,건조,맑음,단일로 - 기타,승합,남,52세,상해없음,보행자,여,56세,경상
2021091100100155,2021년 9월 11일 10시,토요일,울산광역시 북구 송정동,경상사고,0,0,2,0,차대차 - 측면충돌,신호위반,건조,맑음,교차로 - 교차로안,승용,여,30세,상해없음,승용,남,31세,경상
2021091100100260,2021년 9월 11일 12시,토요일,울산광역시 남구 신정동,경상사고,0,0,1,0,차대차 - 추돌,안전운전불이행,건조,맑음,단일로 - 기타,승용,남,69세,상해없음,승용,남,56세,경상
2021091100100261,2021년 9월 11일 12시,토요일,울산광역시 북구 연암동,경상사고,0,0,1,0,차대차 - 측면충돌,교차로운행방법위반,건조,맑음,교차로 - 교차로안,이륜,남,17세,기타불명,이륜,남,38세,경상
2021091100100316,2021년 9월 11일 13시,토요일,울산광역시 동구 화정동,경상사고,0,0,1,0,차대차 - 추돌,안전운전불이행,건조,맑음,단일로 - 지하차도(도로)내,승용,남,32세,기타불명,승용,남,45세,경상
2021091100100326,2021년 9월 11일 14시,토요일,울산광역시 울주군 웅촌면,경상사고,0,0,2,0,차대차 - 추돌,안전운전불이행,건조,맑음,단일로 - 터널,화물,남,74세,상해없음,승용,남,60세,경상
2021091100100359,2021년 9월 11일 14시,토요일,울산광역시 남구 달동,경상사고,0,0,1,0,차대차 - 측면충돌,안전운전불이행,건조,맑음,단일로 - 기타,승용,남,17세,상해없음,승용,남,41세,경상
2021091100100360,2021년 9월 11일 14시,토요일,울산광역시 동구 주전동,경상사고,0,0,2,0,차대차 - 측면충돌,직진우회전진행방해,건조,맑음,교차로 - 교차로안,화물,남,48세,기타불명,승용,여,30세,경상
2021091100100536,2021년 9월 11일 18시,토요일,울산광역시 울주군 청량읍,경상사고,0,0,3,0,차대차 - 추돌,안전운전불이행,건조,맑음,교차로 - 교차로안,화물,남,60세,기타불명,승용,남,69세,경상
2021091100100583,2021년 9월 11일 19시,토요일,울산광역시 동구 화정동,사망사고,1,0,1,0,차대차 - 측면충돌,중앙선침범,건조,맑음,단일로 - 기타,이륜,여,65세,사망,이륜,남,37세,경상
2021091100100646,2021년 9월 11일 21시,토요일,울산광역시 중구 복산동,중상사고,0,1,0,0,차대사람 - 보도통행중,보행자보호의무위반,건조,맑음,교차로 - 교차로횡단보도내,이륜,남,49세,상해없음,보행자,남,67세,중상
2021091100100647,2021년 9월 11일 21시,토요일,울산광역시 울주군 온산읍,경상사고,0,0,1,0,차대차 - 추돌,안전운전불이행,건조,맑음,교차로 - 교차로안,승합,남,20세,상해없음,이륜,남,21세,경상
2021091200100092,2021년 9월 12일 11시,일요일,울산광역시 울주군 청량읍,경상사고,0,0,1,0,차대차 - 측면충돌,안전운전불이행,건조,맑음,단일로 - 기타,승용,남,30세,상해없음,승용,여,43세,경상
2021091200100125,2021년 9월 12일 12시,일요일,울산광역시 울주군 삼남읍,경상사고,0,0,7,0,차대차 - 추돌,차로위반,건조,맑음,교차로 - 교차로안,개인형이동수단(PM),남,40세,경상,승용,남,30세,경상
2021091200100126,2021년 9월 12일 12시,일요일,울산광역시 북구 연암동,경상사고,0,0,1,1,차대차 - 측면충돌,안전거리미확보,건조,맑음,단일로 - 기타,승용,여,37세,부상신고,승합,남,55세,경상
2021091200100127,2021년 9월 12일 12시,일요일,울산광역시 북구 화봉동,경상사고,0,0,2,0,차대차 - 측면충돌,직진우회전진행방해,건조,맑음,교차로 - 교차로안,원동기,남,26세,상해없음,승용,남,53세,경상
2021091200100171,2021년 9월 12일 13시,일요일,울산광역시 울주군 언양읍,경상사고,0,0,1,0,차량단독 - 전도전복 - 전도,안전운전불이행,건조,맑음,교차로 - 교차로안,이륜,남,57세,경상,,,,
2021091200100238,2021년 9월 12일 15시,일요일,울산광역시 남구 무거동,경상사고,0,0,6,0,차대차 - 측면충돌,안전거리미확보,건조,맑음,교차로 - 교차로안,승용,여,45세,상해없음,승용,남,38세,경상
2021091200100412,2021년 9월 12일 20시,일요일,울산광역시 동구 방어동,중상사고,0,2,0,0,차대차 - 정면충돌,신호위반,건조,맑음,교차로 - 교차로안,승용,남,21세,상해없음,승용,여,32세,중상
2021091200100461,2021년 9월 12일 23시,일요일,울산광역시 남구 달동,경상사고,0,0,1,0,차대차 - 측면충돌,신호위반,건조,맑음,교차로 - 교차로안,이륜,남,37세,경상,승용,남,25세,상해없음
2021091200100462,2021년 9월 12일 23시,일요일,울산광역시 북구 매곡동,경상사고,0,0,2,0,차대차 - 측면충돌,신호위반,건조,맑음,교차로 - 교차로부근,승용,여,74세,상해없음,승용,여,54세,경상
2021091300100178,2021년 9월 13일 10시,월요일,울산광역시 동구 화정동,중상사고,0,1,0,0,차대사람 - 횡단중,안전운전불이행,건조,맑음,교차로 - 교차로부근,승용,여,33세,상해없음,보행자,남,74세,중상
2021091300100223,2021년 9월 13일 11시,월요일,울산광역시 남구 달동,경상사고,0,0,1,0,차대차 - 측면충돌,안전운전불이행,건조,맑음,단일로 - 기타,승용,여,36세,상해없음,승용,남,63세,경상
2021091300100224,2021년 9월 13일 11시,월요일,울산광역시 북구 산하동,경상사고,0,0,1,0,차대차 - 측면충돌,기타,건조,흐림,교차로 - 교차로안,화물,남,32세,상해없음,이륜,남,46세,경상
2021091300100261,2021년 9월 13일 12시,월요일,울산광역시 울주군 온산읍,중상사고,0,1,0,0,차대차 - 측면충돌,신호위반,건조,맑음,교차로 - 교차로안,승용,남,39세,상해없음,승용,여,66세,중상
2021091300100279,2021년 9월 13일 13시,월요일,울산광역시 울주군 온양읍,중상사고,0,1,2,0,차대차 - 측면충돌,안전운전불이행,건조,맑음,단일로 - 기타,승용,남,84세,상해없음,화물,남,64세,중상
2021091300100310,2021년 9월 13일 13시,월요일,울산광역시 울주군 온양읍,부상신고사고,0,0,0,2,차대차 - 측면충돌,직진우회전진행방해,건조,맑음,교차로 - 교차로안,승용,여,61세,상해없음,승용,여,46세,부상신고
2021091300100359,2021년 9월 13일 14시,월요일,울산광역시 북구 연암동,경상사고,0,0,1,0,차대차 - 측면충돌,안전운전불이행,건조,맑음,교차로 - 교차로부근,승용,여,52세,상해없음,승용,여,41세,경상
2021091300100388,2021년 9월 13일 15시,월요일,울산광역시 동구 방어동,경상사고,0,0,1,0,차대사람 - 보도통행중,안전운전불이행,건조,맑음,단일로 - 지하차도(도로)내,화물,남,48세,상해없음,보행자,남,72세,경상
2021091300100474,2021년 9월 13일 17시,월요일,울산광역시 남구 무거동,경상사고,0,0,1,0,차대차 - 정면충돌,중앙선침범,건조,맑음,단일로 - 기타,화물,남,48세,상해없음,승합,남,27세,상해없음
2021091300100571,2021년 9월 13일 19시,월요일,울산광역시 남구 삼산동,중상사고,0,1,1,0,차대차 - 정면충돌,중앙선침범,건조,맑음,단일로 - 기타,승용,남,25세,상해없음,승용,남,29세,중상
2021091400100036,2021년 9월 14일 05시,화요일,울산광역시 울주군 범서읍,사망사고,1,0,0,0,차대사람 - 기타,안전운전불이행,젖음/습기,비,단일로 - 지하차도(도로)내,건설기계,남,53세,상해없음,보행자,여,56세,사망
2021091400100082,2021년 9월 14일 07시,화요일,울산광역시 남구 신정동,중상사고,0,1,0,0,차대차 - 측면충돌,안전운전불이행,건조,맑음,교차로 - 교차로부근,승용,남,26세,상해없음,승용,여,30세,상해없음
2021091400100334,2021년 9월 14일 13시,화요일,울산광역시 중구 약사동,중상사고,0,1,0,0,차대차 - 추돌,안전운전불이행,젖음/습기,비,교차로 - 교차로안,화물,남,51세,상해없음,이륜,남,73세,상해없음
2021091400100382,2021년 9월 14일 14시,화요일,울산광역시 동구 서부동,경상사고,0,0,1,0,차대차 - 측면충돌,중앙선침범,젖음/습기,비,단일로 - 기타,승용,남,62세,상해없음,승용,남,31세,경상
2021091400100383,2021년 9월 14일 14시,화요일,울산광역시 울주군 온양읍,중상사고,0,1,1,0,차대차 - 정면충돌,교차로운행방법위반,젖음/습기,비,교차로 - 교차로안,승용,여,53세,경상,원동기,남,16세,중상
2021091400100535,2021년 9월 14일 17시,화요일,울산광역시 중구 반구동,경상사고,0,0,1,0,차대차 - 측면충돌,차로위반,건조,맑음,단일로 - 기타,승용,여,27세,상해없음,이륜,남,47세,경상
2021091400100575,2021년 9월 14일 18시,화요일,울산광역시 동구 방어동,경상사고,0,0,1,0,차대차 - 기타,불법유턴,젖음/습기,비,단일로 - 기타,승용,남,62세,상해없음,이륜,남,34세,경상
2021091400100626,2021년 9월 14일 19시,화요일,울산광역시 동구 전하동,중상사고,0,1,0,0,차대차 - 기타,안전운전불이행,젖음/습기,비,단일로 - 기타,승용,여,38세,상해없음,이륜,남,43세,중상
2021091400100627,2021년 9월 14일 19시,화요일,울산광역시 동구 방어동,경상사고,0,0,3,0,차대차 - 측면충돌,안전운전불이행,젖음/습기,비,교차로 - 교차로안,승용,남,61세,경상,승합,남,32세,경상
2021091400100665,2021년 9월 14일 20시,화요일,울산광역시 남구 삼산동,경상사고,0,0,3,0,차대차 - 추돌,안전거리미확보,젖음/습기,흐림,단일로 - 기타,승용,남,47세,상해없음,승용,남,40세,상해없음
2021091400100700,2021년 9월 14일 21시,화요일,울산광역시 중구 남외동,중상사고,0,1,1,0,차대차 - 추돌,안전운전불이행,건조,맑음,교차로 - 교차로부근,승용,남,64세,상해없음,승용,남,42세,경상
2021091500100033,2021년 9월 15일 05시,수요일,울산광역시 동구 전하동,중상사고,0,1,0,0,차대사람 - 차도통행중,안전운전불이행,건조,맑음,교차로 - 교차로안,승용,남,19세,상해없음,보행자,여,58세,중상
2021091500100076,2021년 9월 15일 07시,수요일,울산광역시 남구 신정동,경상사고,0,0,1,0,차대차 - 추돌,안전거리미확보,건조,맑음,교차로 - 교차로안,승용,남,64세,상해없음,승용,여,30세,경상
2021091500100135,2021년 9월 15일 08시,수요일,울산광역시 남구 매암동,경상사고,0,0,1,0,차대차 - 측면충돌,안전거리미확보,건조,맑음,교차로 - 교차로안,특수,남,62세,상해없음,승용,남,33세,경상
2021091500100136,2021년 9월 15일 08시,수요일,울산광역시 동구 방어동,경상사고,0,0,1,0,차대차 - 측면충돌,안전운전불이행,건조,맑음,교차로 - 교차로안,이륜,여,39세,경상,승용,남,39세,상해없음
2021091500100224,2021년 9월 15일 10시,수요일,울산광역시 중구 학성동,경상사고,0,0,1,0,차대차 - 측면충돌,안전운전불이행,건조,맑음,단일로 - 기타,승합,남,48세,상해없음,자전거,여,57세,경상
2021091500100380,2021년 9월 15일 14시,수요일,울산광역시 중구 복산동,경상사고,0,0,1,0,차대차 - 측면충돌,신호위반,건조,맑음,교차로 - 교차로부근,승용,여,25세,상해없음,승용,여,60세,경상
2021091500100381,2021년 9월 15일 14시,수요일,울산광역시 북구 진장동,경상사고,0,0,2,0,차대차 - 추돌,안전운전불이행,건조,맑음,교차로 - 교차로안,화물,남,63세,상해없음,승용,여,57세,경상
2021091500100431,2021년 9월 15일 15시,수요일,울산광역시 남구 여천동,경상사고,0,0,1,0,차대차 - 측면충돌,안전거리미확보,건조,맑음,교차로 - 교차로부근,승용,여,60세,상해없음,건설기계,남,40세,경상
2021091500100432,2021년 9월 15일 15시,수요일,울산광역시 남구 신정동,경상사고,0,0,1,0,차대차 - 측면충돌,안전운전불이행,건조,맑음,단일로 - 기타,승합,남,69세,상해없음,자전거,남,77세,경상
2021091500100539,2021년 9월 15일 17시,수요일,울산광역시 남구 신정동,경상사고,0,0,1,0,차대차 - 측면충돌,중앙선침범,건조,맑음,교차로 - 교차로안,승용,남,28세,상해없음,이륜,남,17세,경상
2021091500100540,2021년 9월 15일 17시,수요일,울산광역시 남구 신정동,경상사고,0,0,1,0,차대차 - 측면충돌,교차로운행방법위반,건조,맑음,교차로 - 교차로안,승용,남,69세,상해없음,승용,남,52세,경상
2021091500100604,2021년 9월 15일 18시,수요일,울산광역시 울주군 온산읍,경상사고,0,0,1,0,차대차 - 추돌,안전운전불이행,건조,맑음,교차로 - 교차로안,승용,남,38세,상해없음,이륜,남,49세,경상
2021091500100714,2021년 9월 15일 21시,수요일,울산광역시 남구 달동,경상사고,0,0,2,0,차대차 - 측면충돌,안전운전불이행,건조,맑음,교차로 - 교차로부근,승용,남,41세,상해없음,승용,여,55세,경상
2021091500100715,2021년 9월 15일 21시,수요일,울산광역시 북구 송정동,경상사고,0,0,1,0,차대차 - 측면충돌,안전운전불이행,건조,맑음,단일로 - 기타,승용,남,81세,상해없음,승용,남,52세,경상