사고번호,사고일시,요일,시군구,사고내용,사망자수,중상자수,경상자수,부상신고자수,사고유형,법규위반,노면상태,기상상태,도로형태,가해운전자 차종,가해운전자 성별,가해운전자 연령,가해운전자 상해정도,피해운전자 차종,피해운전자 성별,피해운전자 연령,피해운전자 상해정도
2021091500100742,2021년 9월 15일 22시,수요일,울산광역시 울주군 온산읍,경상사고,0,0,1,0,차대차 - 추돌,안전운전불이행,건조,맑음,단일로 - 기타,승용,남,27세,상해없음,승용,남,57세,경상
2021091500100763,2021년 9월 15일 23시,수요일,울산광역시 남구 신정동,부상신고사고,0,0,0,1,차대차 - 측면충돌,안전운전불이행,건조,맑음,단일로 - 기타,개인형이동수단(PM),남,27세,부상신고,승용,남,52세,상해없음
2021091500100764,2021년 9월 15일 23시,수요일,울산광역시 북구 시례동,중상사고,0,1,0,0,차대차 - 추돌,안전운전불이행,건조,맑음,단일로 - 기타,승용,남,45세,상해없음,개인형이동수단(PM),남,31세,중상
2021091600100008,2021년 9월 16일 00시,목요일,울산광역시 울주군 두동면,사망사고,1,0,0,0,차량단독 - 공작물충돌,안전운전불이행,건조,맑음,단일로 - 기타,승용,남,65세,사망,,,,
2021091600100065,2021년 9월 16일 07시,목요일,울산광역시 남구 신정동,중상사고,0,1,0,0,차대차 - 정면충돌,신호위반,건조,맑음,교차로 - 교차로안,승용,여,51세,상해없음,승용,여,63세,중상
2021091600100120,2021년 9월 16일 08시,목요일,울산광역시 중구 우정동,경상사고,0,0,1,0,차대차 - 추돌,안전운전불이행,건조,맑음,단일로 - 기타,승용,남,65세,상해없음,승용,여,34세,경상
2021091600100158,2021년 9월 16일 09시,목요일,울산광역시 남구 야음동,중상사고,0,1,0,0,차대사람 - 횡단중,보행자보호의무위반,건조,흐림,교차로 - 교차로부근,승용,여,62세,상해없음,보행자,여,55세,중상
2021091600100221,2021년 9월 16일 11시,목요일,울산광역시 동구 전하동,경상사고,0,0,1,0,차대사람 - 보도통행중,안전운전불이행,건조,맑음,단일로 - 기타,승용,남,71세,상해없음,보행자,남,37세,경상
2021091600100260,2021년 9월 16일 12시,목요일,울산광역시 중구 우정동,경상사고,0,0,1,0,차대차 - 측면충돌,안전운전불이행,건조,맑음,교차로 - 교차로안,원동기,남,57세,경상,승용,남,80세,상해없음
2021091600100261,2021년 9월 16일 12시,목요일,울산광역시 남구 무거동,부상신고사고,0,0,0,1,차대차 - 측면충돌,안전거리미확보,건조,맑음,교차로 - 교차로안,승용,여,51세,상해없음,승합,남,40세,부상신고
2021091600100356,2021년 9월 16일 14시,목요일,울산광역시 동구 서부동,경상사고,0,0,1,0,차대차 - 측면충돌,안전운전불이행,건조,맑음,단일로 - 기타,자전거,남,9세,경상,승용,여,46세,상해없음
2021091600100398,2021년 9월 16일 15시,목요일,울산광역시 남구 신정동,경상사고,0,0,1,0,차대차 - 추돌,안전운전불이행,건조,맑음,교차로 - 교차로부근,승용,남,32세,상해없음,승용,남,33세,경상
2021091600100446,2021년 9월 16일 16시,목요일,울산광역시 중구 반구동,경상사고,0,0,1,0,차대사람 - 기타,안전운전불이행,건조,맑음,단일로 - 기타,승용,여,52세,상해없음,보행자,남,48세,경상
2021091600100447,2021년 9월 16일 16시,목요일,울산광역시 남구 달동,경상사고,0,0,2,0,차대차 - 추돌,안전운전불이행,건조,맑음,단일로 - 기타,승용,여,42세,상해없음,승용,남,64세,상해없음
2021091600100487,2021년 9월 16일 17시,목요일,울산광역시 남구 신정동,경상사고,0,0,1,0,차대사람 - 횡단중,안전운전불이행,건조,맑음,교차로 - 교차로부근,승용,여,63세,상해없음,보행자,남,9세,경상
2021091600100488,2021년 9월 16일 17시,목요일,울산광역시 남구 신정동,경상사고,0,0,1,0,차대사람 - 횡단중,안전운전불이행,건조,맑음,교차로 - 교차로횡단보도내,승용,여,63세,상해없음,보행자,남,9세,경상
2021091600100489,2021년 9월 16일 17시,목요일,울산광역시 북구 효문동,경상사고,0,0,1,1,차대차 - 측면충돌,중앙선침범,건조,맑음,기타 - 기타,승용,남,68세,부상신고,승용,여,37세,경상
2021091600100490,2021년 9월 16일 17시,목요일,울산광역시 북구 중산동,경상사고,0,0,1,0,차대사람 - 기타,안전운전불이행,건조,맑음,단일로 - 기타,승용,남,68세,상해없음,보행자,여,11세,경상
2021091600100539,2021년 9월 16일 18시,목요일,울산광역시 남구 신정동,경상사고,0,0,1,0,차대차 - 후진중충돌,안전운전불이행,건조,맑음,교차로 - 교차로안,승용,여,81세,상해없음,승용,남,38세,경상
2021091600100587,2021년 9월 16일 19시,목요일,울산광역시 울주군 온산읍,경상사고,0,0,1,0,차대차 - 측면충돌,직진우회전진행방해,건조,맑음,교차로 - 교차로안,승용,여,37세,상해없음,이륜,남,26세,경상
2021091600100625,2021년 9월 16일 20시,목요일,울산광역시 남구 신정동,경상사고,0,0,1,0,차대차 - 측면충돌,안전운전불이행,기타,기타,단일로 - 기타,승용,남,50세,상해없음,승용,여,59세,경상
2021091600100656,2021년 9월 16일 21시,목요일,울산광역시 북구 명촌동,경상사고,0,0,2,0,차대차 - 추돌,안전거리미확보,건조,맑음,단일로 - 기타,승용,남,28세,상해없음,승용,여,65세,경상
2021091600100686,2021년 9월 16일 22시,목요일,울산광역시 중구 복산동,경상사고,0,0,1,0,차대차 - 추돌,안전거리미확보,건조,맑음,교차로 - 교차로부근,승용,남,35세,경상,승용,여,60세,상해없음
2021091600100687,2021년 9월 16일 22시,목요일,울산광역시 동구 서부동,경상사고,0,0,1,0,차대차 - 정면충돌,교차로운행방법위반,건조,맑음,교차로 - 교차로안,승용,남,46세,상해없음,승용,남,59세,경상
2021091700100008,2021년 9월 17일 00시,금요일,울산광역시 북구 연암동,경상사고,0,0,1,0,차대차 - 측면충돌,신호위반,젖음/습기,비,교차로 - 교차로부근,승용,남,51세,상해없음,자전거,남,30세,경상
2021091700100053,2021년 9월 17일 06시,금요일,울산광역시 남구 야음동,경상사고,0,0,1,0,차대차 - 측면충돌,신호위반,젖음/습기,비,교차로 - 교차로안,승용,여,45세,상해없음,승용,남,36세,경상
2021091700100072,2021년 9월 17일 07시,금요일,울산광역시 남구 신정동,경상사고,0,0,1,0,차대차 - 측면충돌,안전거리미확보,젖음/습기,비,교차로 - 교차로안,승용,남,60세,상해없음,승용,여,36세,경상
2021091700100116,2021년 9월 17일 08시,금요일,울산광역시 동구 화정동,경상사고,0,0,3,0,차대차 - 측면충돌,안전운전불이행,젖음/습기,비,단일로 - 기타,승용,여,50세,상해없음,승용,여,43세,경상
2021091700100160,2021년 9월 17일 09시,금요일,울산광역시 울주군 온산읍,중상사고,0,1,0,0,차대사람 - 보도통행중,안전운전불이행,건조,맑음,교차로 - 교차로안,승용,여,64세,상해없음,보행자,여,71세,중상
2021091700100245,2021년 9월 17일 11시,금요일,울산광역시 중구 복산동,중상사고,0,1,2,0,차대차 - 측면충돌,신호위반,젖음/습기,비,교차로 - 교차로안,승용,여,60세,경상,승용,남,69세,경상
2021091700100246,2021년 9월 17일 11시,금요일,울산광역시 남구 무거동,경상사고,0,0,1,0,차대차 - 측면충돌,교차로운행방법위반,건조,맑음,교차로 - 교차로안,승용,여,69세,상해없음,화물,남,50세,경상
2021091700100247,2021년 9월 17일 11시,금요일,울산광역시 동구 화정동,경상사고,0,0,1,0,차대차 - 측면충돌,안전운전불이행,젖음/습기,비,기타 - 기타,이륜,남,60세,경상,승용,여,52세,상해없음
2021091700100307,2021년 9월 17일 12시,금요일,울산광역시 동구 동부동,경상사고,0,0,1,0,차대사람 - 길가장자리구역통행중,안전운전불이행,젖음/습기,비,교차로 - 교차로부근,승용,남,75세,상해없음,보행자,여,62세,경상
2021091700100347,2021년 9월 17일 13시,금요일,울산광역시 중구 복산동,경상사고,0,0,2,1,차대차 - 측면충돌,안전거리미확보,젖음/습기,비,단일로 - 기타,승용,여,50세,부상신고,승용,남,54세,경상
2021091700100693,2021년 9월 17일 19시,금요일,울산광역시 울주군 언양읍,경상사고,0,0,1,0,차대차 - 측면충돌,교차로운행방법위반,건조,맑음,교차로 - 교차로안,이륜,남,16세,경상,승용,남,48세,상해없음
2021091700100733,2021년 9월 17일 20시,금요일,울산광역시 북구 양정동,경상사고,0,0,1,0,차대차 - 추돌,안전거리미확보,젖음/습기,비,단일로 - 기타,승용,남,53세,상해없음,이륜,남,31세,경상
2021091800100008,2021년 9월 18일 00시,토요일,울산광역시 북구 중산동,경상사고,0,0,1,0,차대차 - 측면충돌,안전운전불이행,건조,맑음,단일로 - 기타,승용,남,56세,상해없음,승용,남,65세,경상
2021091800100009,2021년 9월 18일 00시,토요일,울산광역시 북구 염포동,경상사고,0,0,2,0,차대차 - 추돌,안전운전불이행,건조,맑음,단일로 - 기타,승용,남,28세,상해없음,승용,남,37세,경상
2021091800100019,2021년 9월 18일 02시,토요일,울산광역시 중구 학산동,중상사고,0,1,0,0,차대차 - 추돌,안전운전불이행,건조,맑음,단일로 - 기타,승용,남,26세,상해없음,기타불명,여,69세,중상
2021091800100444,2021년 9월 18일 16시,토요일,울산광역시 동구 일산동,중상사고,0,1,0,0,차대차 - 정면충돌,교차로운행방법위반,건조,맑음,교차로 - 교차로안,이륜,남,61세,상해없음,이륜,남,64세,중상
2021091800100445,2021년 9월 18일 16시,토요일,울산광역시 울주군 범서읍,중상사고,0,1,0,0,차대차 - 측면충돌,안전운전불이행,건조,맑음,단일로 - 기타,승용,남,69세,상해없음,화물,남,54세,중상
2021091800100446,2021년 9월 18일 16시,토요일,울산광역시 북구 연암동,중상사고,0,2,4,0,차대차 - 정면충돌,중앙선침범,건조,맑음,교차로 - 교차로안,승용,여,53세,상해없음,승용,남,45세,경상
2021091800100503,2021년 9월 18일 17시,토요일,울산광역시 울주군 청량읍,부상신고사고,0,0,0,1,차량단독 - 공작물충돌,안전운전불이행,건조,맑음,단일로 - 지하차도(도로)내,승합,남,61세,상해없음,,,,
2021091800100545,2021년 9월 18일 18시,토요일,울산광역시 중구 다운동,경상사고,0,0,1,0,차대차 - 추돌,안전운전불이행,건조,맑음,교차로 - 교차로안,승용,여,38세,상해없음,승용,여,59세,경상
2021091800100578,2021년 9월 18일 19시,토요일,울산광역시 남구 신정동,경상사고,0,0,1,0,차대차 - 측면충돌,차로위반,건조,기타,교차로 - 교차로안,승용,남,62세,상해없음,승용,남,27세,경상
2021091800100652,2021년 9월 18일 21시,토요일,울산광역시 남구 무거동,경상사고,0,0,4,0,차대차 - 측면충돌,교차로운행방법위반,건조,맑음,교차로 - 교차로안,승용,여,63세,상해없음,승용,남,29세,경상
2021091800100679,2021년 9월 18일 22시,토요일,울산광역시 남구 신정동,경상사고,0,0,1,0,차대사람 - 보도통행중,안전운전불이행,건조,맑음,교차로 - 교차로안,승합,남,44세,상해없음,보행자,남,52세,경상
2021091800100680,2021년 9월 18일 22시,토요일,울산광역시 동구 일산동,경상사고,0,0,1,0,차대차 - 추돌,중앙선침범,젖음/습기,맑음,단일로 - 기타,승용,남,51세,상해없음,승용,남,68세,경상
2021091800100681,2021년 9월 18일 22시,토요일,울산광역시 울주군 청량읍,중상사고,0,1,1,0,차대차 - 추돌,안전거리미확보,건조,맑음,교차로 - 교차로부근,승용,남,24세,상해없음,승용,여,63세,중상
2021091800100701,2021년 9월 18일 23시,토요일,울산광역시 북구 산하동,경상사고,0,0,1,0,차대사람 - 횡단중,보행자보호의무위반,건조,맑음,교차로 - 교차로횡단보도내,승용,남,27세,상해없음,보행자,남,43세,경상
2021091900100005,2021년 9월 19일 00시,일요일,울산광역시 울주군 웅촌면,경상사고,0,0,1,0,차대차 - 기타,안전운전불이행,건조,맑음,단일로 - 지하차도(도로)내,승합,여,41세,상해없음,승용,남,54세,경상
2021091900100106,2021년 9월 19일 10시,일요일,울산광역시 남구 무거동,중상사고,0,1,0,0,차대차 - 측면충돌,신호위반,건조,맑음,교차로 - 교차로안,승용,남,59세,상해없음,화물,남,79세,중상
2021091900100107,2021년 9월 19일 10시,일요일,울산광역시 남구 부곡동,중상사고,0,1,0,0,차대차 - 추돌,안전운전불이행,건조,맑음,교차로 - 교차로부근,이륜,남,32세,중상,승용,남,45세,상해없음
2021091900100137,2021년 9월 19일 11시,일요일,울산광역시 중구 학성동,중상사고,0,1,1,0,차대차 - 측면충돌,기타,건조,맑음,교차로 - 교차로안,승용,남,65세,상해없음,이륜,남,58세,경상
2021091900100221,2021년 9월 19일 14시,일요일,울산광역시 울주군 온산읍,경상사고,0,0,3,0,차대차 - 측면충돌,신호위반,건조,맑음,교차로 - 교차로안,승용,여,24세,상해없음,승용,남,19세,경상
2021091900100287,2021년 9월 19일 16시,일요일,울산광역시 울주군 서생면,경상사고,0,0,2,0,차대차 - 측면충돌,안전운전불이행,건조,맑음,단일로 - 기타,화물,여,66세,상해없음,승용,남,46세,경상
2021091900100418,2021년 9월 19일 20시,일요일,울산광역시 울주군 온양읍,부상신고사고,0,0,0,1,차대차 - 측면충돌,직진우회전진행방해,건조,맑음,교차로 - 교차로안,자전거,남,17세,부상신고,이륜,남,41세,상해없음
2021091900100454,2021년 9월 19일 22시,일요일,울산광역시 남구 달동,경상사고,0,0,1,0,차대차 - 측면충돌,안전거리미확보,건조,맑음,단일로 - 기타,승용,남,57세,상해없음,승용,남,49세,상해없음
2021091900100455,2021년 9월 19일 22시,일요일,울산광역시 울주군 상북면,중상사고,0,1,0,0,차량단독 - 전도전복 - 전도,안전운전불이행,건조,맑음,단일로 - 기타,이륜,남,19세,중상,,,,
2021092000100098,2021년 9월 20일 10시,월요일,울산광역시 북구 연암동,중상사고,0,1,0,0,차량단독 - 기타,안전운전불이행,건조,맑음,단일로 - 기타,승합,남,52세,상해없음,,,,
2021092000100168,2021년 9월 20일 12시,월요일,울산광역시 울주군 언양읍,경상사고,0,0,1,0,차대사람 - 기타,안전운전불이행,건조,맑음,단일로 - 지하차도(도로)내,화물,남,74세,상해없음,보행자,남,51세,경상
2021092000100207,2021년 9월 20일 13시,월요일,울산광역시 북구 연암동,경상사고,0,0,2,0,차대차 - 측면충돌,직진우회전진행방해,건조,맑음,교차로 - 교차로안,승용,남,59세,경상,승용,여,62세,경상
2021092000100239,2021년 9월 20일 14시,월요일,울산광역시 남구 선암동,경상사고,0,0,3,0,차대차 - 측면충돌,신호위반,건조,맑음,교차로 - 교차로안,승용,남,55세,상해없음,승용,여,39세,경상
2021092000100301,2021년 9월 20일 16시,월요일,울산광역시 울주군 언양읍,경상사고,0,0,1,0,차대사람 - 기타,안전운전불이행,건조,맑음,단일로 - 기타,승용,여,50세,상해없음,보행자,여,45세,경상
2021092000100389,2021년 9월 20일 19시,월요일,울산광역시 울주군 온양읍,경상사고,0,0,1,0,차대차 - 측면충돌,신호위반,건조,맑음,교차로 - 교차로안,승용,남,65세,상해없음,승용,남,56세,경상
2021092000100430,2021년 9월 20일 21시,월요일,울산광역시 중구 남외동,경상사고,0,0,1,0,차대차 - 정면충돌,신호위반,건조,맑음,교차로 - 교차로안,승용,남,61세,상해없음,이륜,남,19세,경상
2021092100100081,2021년 9월 21일 11시,화요일,울산광역시 중구 다운동,경상사고,0,0,1,0,차대차 - 측면충돌,안전운전불이행,건조,맑음,단일로 - 기타,승용,남,37세,상해없음,승용,남,45세,경상
2021092100100163,2021년 9월 21일 14시,화요일,울산광역시 북구 호계동,경상사고,0,0,2,0,차대차 - 측면충돌,직진우회전진행방해,젖음/습기,비,교차로 - 교차로안,승용,남,44세,상해없음,승용,남,53세,경상
2021092100100271,2021년 9월 21일 18시,화요일,울산광역시 동구 방어동,경상사고,0,0,1,0,차대차 - 정면충돌,안전운전불이행,건조,맑음,교차로 - 교차로안,승용,여,43세,상해없음,승용,남,63세,상해없음
2021092100100315,2021년 9월 21일 20시,화요일,울산광역시 울주군 두서면,경상사고,0,0,1,0,차대차 - 추돌,안전운전불이행,건조,맑음,교차로 - 교차로부근,승용,남,49세,상해없음,승용,남,59세,경상
2021092200100023,2021년 9월 22일 01시,수요일,울산광역시 북구 염포동,부상신고사고,0,0,0,1,차량단독 - 전도전복 - 전도,안전운전불이행,건조,맑음,단일로 - 기타,이륜,남,35세,부상신고,,,,
2021092200100038,2021년 9월 22일 03시,수요일,울산광역시 남구 신정동,경상사고,0,0,4,0,차대차 - 측면충돌,신호위반,건조,맑음,교차로 - 교차로안,승용,남,58세,상해없음,승용,남,21세,경상
2021092200100044,2021년 9월 22일 06시,수요일,울산광역시 남구 삼산동,경상사고,0,0,3,0,차대차 - 추돌,안전운전불이행,건조,맑음,교차로 - 교차로부근,승용,여,28세,상해없음,승용,남,44세,경상
2021092200100198,2021년 9월 22일 14시,수요일,울산광역시 중구 남외동,경상사고,0,0,1,0,차대차 - 측면충돌,중앙선침범,건조,맑음,단일로 - 기타,승용,여,53세,상해없음,승용,여,58세,기타불명
2021092200100251,2021년 9월 22일 16시,수요일,울산광역시 남구 신정동,부상신고사고,0,0,0,1,차대차 - 측면충돌,안전운전불이행,건조,맑음,교차로 - 교차로안,이륜,남,19세,부상신고,승용,남,68세,상해없음
2021092200100335,2021년 9월 22일 19시,수요일,울산광역시 북구 명촌동,경상사고,0,0,4,0,차대차 - 측면충돌,안전운전불이행,건조,맑음,단일로 - 기타,승용,남,73세,상해없음,승용,여,35세,경상
2021092300100037,2021년 9월 23일 06시,목요일,울산광역시 남구 신정동,중상사고,0,1,0,0,차대차 - 측면충돌,차로위반,건조,맑음,교차로 - 교차로안,화물,남,28세,기타불명,승합,남,47세,중상
2021092300100046,2021년 9월 23일 07시,목요일,울산광역시 울주군 삼남읍,경상사고,0,0,1,0,차대차 - 측면충돌,안전거리미확보,건조,맑음,단일로 - 기타,화물,남,60세,상해없음,승용,남,26세,경상
2021092300100053,2021년 9월 23일 07시,목요일,울산광역시 남구 달동,경상사고,0,0,1,0,차대차 - 측면충돌,직진우회전진행방해,건조,맑음,교차로 - 교차로안,승용,여,63세,상해없음,승용,남,33세,경상
2021092300100205,2021년 9월 23일 11시,목요일,울산광역시 남구 신정동,경상사고,0,0,1,0,차대사람 - 기타,안전운전불이행,건조,맑음,단일로 - 기타,화물,남,62세,상해없음,보행자,남,41세,경상
2021092300100273,2021년 9월 23일 13시,목요일,울산광역시 동구 전하동,경상사고,0,0,1,0,차대사람 - 횡단중,안전운전불이행,건조,흐림,단일로 - 기타,승용,여,63세,상해없음,보행자,남,8세,경상
2021092300100352,2021년 9월 23일 15시,목요일,울산광역시 중구 반구동,중상사고,0,1,3,0,차대차 - 추돌,안전운전불이행,건조,맑음,단일로 - 기타,승용,남,78세,상해없음,이륜,여,43세,중상
2021092300100434,2021년 9월 23일 17시,목요일,울산광역시 울주군 범서읍,경상사고,0,0,1,0,차대사람 - 기타,보행자보호의무위반,건조,맑음,교차로 - 교차로횡단보도내,승용,남,45세,상해없음,보행자,여,7세,경상
2021092400100099,2021년 9월 24일 08시,금요일,울산광역시 중구 학산동,중상사고,0,1,2,0,차대차 - 추돌,안전운전불이행,건조,맑음,단일로 - 기타,승용,여,59세,중상,화물,남,54세,경상
2021092400100122,2021년 9월 24일 09시,금요일,울산광역시 울주군 언양읍,경상사고,0,0,1,0,차대차 - 측면충돌,기타,건조,맑음,단일로 - 기타,승용,남,69세,상해없음,자전거,남,49세,경상
2021092400100250,2021년 9월 24일 13시,금요일,울산광역시 북구 정자동,중상사고,0,1,1,0,차대차 - 측면충돌,안전운전불이행,건조,맑음,교차로 - 교차로안,이륜,남,45세,중상,승용,여,63세,경상
2021092400100362,2021년 9월 24일 16시,금요일,울산광역시 동구 화정동,중상사고,0,1,0,0,차대차 - 정면충돌,안전운전불이행,건조,맑음,교차로 - 교차로안,승용,남,68세,상해없음,이륜,남,72세,중상
2021092400100416,2021년 9월 24일 17시,금요일,울산광역시 울주군 범서읍,경상사고,0,0,4,0,차대차 - 측면충돌,안전거리미확보,건조,맑음,교차로 - 교차로부근,승용,남,42세,경상,승용,여,54세,경상
2021092400100501,2021년 9월 24일 19시,금요일,울산광역시 동구 화정동,경상사고,0,0,1,0,차대차 - 측면충돌,안전운전불이행,건조,맑음,교차로 - 교차로부근,이륜,남,38세,경상,승용,남,55세,상해없음
2021092400100524,2021년 9월 24일 20시,금요일,울산광역시 남구 야음동,경상사고,0,0,1,0,차대차 - 측면충돌,안전거리미확보,건조,맑음,단일로 - 기타,승용,남,36세,상해없음,승용,남,23세,경상
2021092500100072,2021년 9월 25일 09시,토요일,울산광역시 남구 선암동,경상사고,0,0,1,0,차대차 - 측면충돌,중앙선침범,건조,맑음,단일로 - 기타,승용,여,31세,상해없음,승용,남,66세,경상
2021092500100073,2021년 9월 25일 09시,토요일,울산광역시 울주군 온산읍,중상사고,0,1,0,0,차대사람 - 차도통행중,교차로운행방법위반,건조,흐림,교차로 - 교차로안,승용,여,66세,상해없음,보행자,여,55세,중상
2021092500100074,2021년 9월 25일 09시,토요일,울산광역시 북구 명촌동,경상사고,0,0,4,0,차대차 - 측면충돌,안전거리미확보,건조,맑음,단일로 - 고가도로위,승용,남,39세,경상,화물,남,46세,상해없음
2021092500100095,2021년 9월 25일 10시,토요일,울산광역시 중구 학성동,경상사고,0,0,1,0,차대차 - 측면충돌,안전운전불이행,건조,맑음,단일로 - 기타,이륜,남,47세,상해없음,자전거,남,77세,경상
2021092500100096,2021년 9월 25일 10시,토요일,울산광역시 중구 북정동,경상사고,0,0,1,0,차대차 - 추돌,안전운전불이행,건조,맑음,교차로 - 교차로부근,화물,남,45세,상해없음,승용,여,62세,경상
2021092500100440,2021년 9월 25일 21시,토요일,울산광역시 남구 두왕동,경상사고,0,0,1,0,차대차 - 추돌,안전운전불이행,건조,기타,단일로 - 기타,화물,남,61세,상해없음,승용,남,33세,경상
2021092500100472,2021년 9월 25일 22시,토요일,울산광역시 남구 옥동,경상사고,0,0,1,0,차대차 - 측면충돌,안전거리미확보,건조,흐림,단일로 - 기타,승용,남,23세,상해없음,이륜,남,28세,경상
2021092600100016,2021년 9월 26일 01시,일요일,울산광역시 북구 연암동,부상신고사고,0,0,0,1,차량단독 - 공작물충돌,안전운전불이행,건조,맑음,단일로 - 기타,승용,남,26세,부상신고,,,,
2021092600100109,2021년 9월 26일 11시,일요일,울산광역시 중구 다운동,중상사고,0,1,0,0,차대차 - 측면충돌,교차로운행방법위반,건조,맑음,교차로 - 교차로안,승용,남,53세,상해없음,자전거,남,78세,중상
2021092600100110,2021년 9월 26일 11시,일요일,울산광역시 남구 선암동,중상사고,0,1,0,0,차대차 - 후진중충돌,안전운전불이행,건조,맑음,단일로 - 기타,화물,남,69세,상해없음,이륜,남,29세,중상
2021092600100226,2021년 9월 26일 15시,일요일,울산광역시 북구 정자동,경상사고,0,0,2,0,차대차 - 측면충돌,안전운전불이행,건조,맑음,기타 - 기타,승용,남,53세,경상,승용,여,59세,경상
2021092600100316,2021년 9월 26일 18시,일요일,울산광역시 울주군 온산읍,경상사고,0,0,2,0,차대차 - 측면충돌,안전운전불이행,건조,맑음,교차로 - 교차로안,승합,남,23세,상해없음,승용,여,37세,경상
2021092600100317,2021년 9월 26일 18시,일요일,울산광역시 울주군 언양읍,중상사고,0,1,0,0,차대차 - 측면충돌,안전운전불이행,건조,맑음,단일로 - 기타,승용,남,33세,상해없음,이륜,남,37세,중상
2021092600100318,2021년 9월 26일 18시,일요일,울산광역시 북구 매곡동,경상사고,0,0,1,0,차대차 - 측면충돌,기타,건조,맑음,교차로 - 교차로안,승용,여,45세,상해없음,이륜,남,52세,경상
2021092600100319,2021년 9월 26일 18시,일요일,울산광역시 북구 연암동,경상사고,0,0,1,0,차대차 - 측면충돌,안전거리미확보,건조,맑음,단일로 - 기타,승용,남,55세,상해없음,승용,남,44세,경상
2021092600100346,2021년 9월 26일 19시,일요일,울산광역시 울주군 언양읍,중상사고,0,1,0,0,차대사람 - 차도통행중,안전운전불이행,건조,맑음,단일로 - 기타,이륜,남,40세,상해없음,보행자,여,63세,중상
2021092600100364,2021년 9월 26일 20시,일요일,울산광역시 남구 삼산동,부상신고사고,0,0,0,1,차대차 - 측면충돌,신호위반,건조,맑음,교차로 - 교차로부근,이륜,남,23세,부상신고,승용,남,41세,상해없음
2021092600100378,2021년 9월 26일 21시,일요일,울산광역시 남구 무거동,경상사고,0,0,1,0,차대차 - 정면충돌,신호위반,건조,맑음,교차로 - 교차로안,승용,여,38세,상해없음,승용,남,33세,경상
2021092700100044,2021년 9월 27일 06시,월요일,울산광역시 북구 효문동,경상사고,0,0,1,0,차대차 - 측면충돌,신호위반,건조,맑음,기타 - 기타,승용,남,54세,상해없음,이륜,남,37세,경상
2021092700100100,2021년 9월 27일 08시,월요일,울산광역시 남구 삼산동,경상사고,0,0,1,0,차대사람 - 횡단중,신호위반,건조,맑음,교차로 - 교차로횡단보도내,승용,남,70세,상해없음,보행자,남,23세,경상
2021092700100122,2021년 9월 27일 09시,월요일,울산광역시 동구 일산동,중상사고,0,1,0,0,차대차 - 기타,기타,건조,맑음,단일로 - 기타,승용,남,65세,상해없음,이륜,남,57세,중상
2021092700100157,2021년 9월 27일 10시,월요일,울산광역시 울주군 언양읍,경상사고,0,0,1,0,차대차 - 기타,신호위반,건조,맑음,교차로 - 교차로안,특수,남,52세,상해없음,승합,여,46세,경상
2021092700100528,2021년 9월 27일 21시,월요일,울산광역시 동구 화정동,중상사고,0,1,1,0,차대차 - 정면충돌,안전운전불이행,건조,맑음,교차로 - 교차로안,이륜,남,45세,경상,이륜,남,39세,중상
2021092800100033,2021년 9월 28일 05시,화요일,울산광역시 동구 서부동,중상사고,0,1,0,0,차대차 - 정면충돌,안전운전불이행,건조,맑음,단일로 - 기타,기타불명,기타불명,미분류,기타불명,자전거,남,55세,중상
2021092800100090,2021년 9월 28일 08시,화요일,울산광역시 북구 진장동,중상사고,0,1,0,0,차대차 - 추돌,안전운전불이행,건조,맑음,단일로 - 기타,화물,남,56세,상해없음,자전거,남,35세,중상
2021092800100156,2021년 9월 28일 10시,화요일,울산광역시 북구 염포동,경상사고,0,0,2,1,차대차 - 측면충돌,신호위반,건조,맑음,교차로 - 교차로안,승용,여,57세,부상신고,승용,여,65세,경상
2021092800100246,2021년 9월 28일 13시,화요일,울산광역시 울주군 범서읍,부상신고사고,0,0,0,1,차대차 - 추돌,기타,건조,맑음,단일로 - 지하차도(도로)내,승용,남,47세,부상신고,승용,남,65세,상해없음
2021092800100278,2021년 9월 28일 14시,화요일,울산광역시 중구 서동,경상사고,0,0,1,0,차대차 - 기타,안전운전불이행,건조,맑음,교차로 - 교차로안,화물,남,80세,상해없음,승용,남,60세,경상
2021092800100306,2021년 9월 28일 15시,화요일,울산광역시 북구 호계동,경상사고,0,0,1,0,차대사람 - 보도통행중,기타,건조,맑음,주차장 - 주차장,화물,남,74세,상해없음,보행자,남,67세,경상
2021092800100530,2021년 9월 28일 20시,화요일,울산광역시 중구 옥교동,경상사고,0,0,1,0,차대사람 - 횡단중,보행자보호의무위반,건조,맑음,교차로 - 교차로횡단보도내,승용,여,49세,상해없음,보행자,여,52세,경상
2021092800100531,2021년 9월 28일 20시,화요일,울산광역시 남구 삼산동,경상사고,0,0,1,0,차대차 - 추돌,안전운전불이행,건조,맑음,교차로 - 교차로부근,승용,남,22세,상해없음,승용,남,61세,경상
2021092800100566,2021년 9월 28일 21시,화요일,울산광역시 중구 옥교동,경상사고,0,0,2,0,차대차 - 측면충돌,신호위반,건조,맑음,교차로 - 교차로안,이륜,여,49세,경상,자전거,남,69세,경상
2021092800100567,2021년 9월 28일 21시,화요일,울산광역시 중구 반구동,경상사고,0,0,1,0,차대차 - 측면충돌,안전운전불이행,건조,맑음,단일로 - 기타,승용,남,61세,상해없음,이륜,남,18세,경상