사고번호,사고일시,요일,시군구,사고내용,사망자수,중상자수,경상자수,부상신고자수,사고유형,법규위반,노면상태,기상상태,도로형태,가해운전자 차종,가해운전자 성별,가해운전자 연령,가해운전자 상해정도,피해운전자 차종,피해운전자 성별,피해운전자 연령,피해운전자 상해정도
2021111300100044,2021년 11월 13일 01시,토요일,울산광역시 남구 달동,경상사고,0,0,1,0,차대사람 - 길가장자리구역통행중,안전운전불이행,건조,맑음,단일로 - 기타,승용,남,24세,상해없음,보행자,남,26세,경상
2021111300100100,2021년 11월 13일 07시,토요일,울산광역시 남구 황성동,경상사고,0,0,1,0,차대차 - 추돌,안전운전불이행,건조,맑음,단일로 - 기타,승합,남,24세,상해없음,승용,남,45세,경상
2021111300100189,2021년 11월 13일 10시,토요일,울산광역시 남구 여천동,경상사고,0,0,3,0,차대차 - 추돌,안전운전불이행,건조,기타,단일로 - 기타,승용,남,72세,상해없음,승용,여,51세,경상
2021111300100190,2021년 11월 13일 10시,토요일,울산광역시 남구 달동,경상사고,0,0,1,0,차대차 - 후진중충돌,안전운전불이행,건조,맑음,단일로 - 기타,승용,남,35세,상해없음,승용,남,34세,경상
2021111300100312,2021년 11월 13일 13시,토요일,울산광역시 남구 선암동,경상사고,0,0,2,0,차대차 - 측면충돌,안전거리미확보,건조,맑음,교차로 - 교차로부근,특수,남,50세,상해없음,승용,여,43세,경상
2021111300100344,2021년 11월 13일 14시,토요일,울산광역시 남구 신정동,경상사고,0,0,1,0,차대차 - 측면충돌,안전거리미확보,건조,맑음,단일로 - 기타,승용,남,53세,상해없음,승용,남,23세,상해없음
2021111300100388,2021년 11월 13일 15시,토요일,울산광역시 중구 다운동,경상사고,0,0,2,0,차대차 - 기타,안전운전불이행,건조,맑음,교차로 - 교차로부근,승용,여,30세,상해없음,승합,남,57세,상해없음
2021111300100422,2021년 11월 13일 16시,토요일,울산광역시 동구 서부동,중상사고,0,1,0,0,차대차 - 측면충돌,중앙선침범,건조,맑음,단일로 - 기타,승용,남,61세,상해없음,승용,남,38세,중상
2021111300100423,2021년 11월 13일 16시,토요일,울산광역시 울주군 상북면,경상사고,0,0,1,0,차대사람 - 길가장자리구역통행중,안전운전불이행,건조,맑음,단일로 - 기타,승용,여,29세,상해없음,보행자,여,65세,경상
2021111300100466,2021년 11월 13일 17시,토요일,울산광역시 울주군 언양읍,중상사고,0,1,0,0,차대사람 - 길가장자리구역통행중,안전운전불이행,건조,맑음,단일로 - 기타,승용,남,65세,상해없음,보행자,여,86세,중상
2021111300100549,2021년 11월 13일 19시,토요일,울산광역시 북구 호계동,경상사고,0,0,1,0,차대차 - 측면충돌,신호위반,건조,맑음,교차로 - 교차로안,승용,여,28세,상해없음,승용,남,41세,경상
2021111400100031,2021년 11월 14일 01시,일요일,울산광역시 북구 화봉동,경상사고,0,0,1,0,차대차 - 측면충돌,신호위반,건조,맑음,교차로 - 교차로안,승용,남,29세,상해없음,승용,남,49세,경상
2021111400100047,2021년 11월 14일 02시,일요일,울산광역시 남구 달동,경상사고,0,0,1,0,차대사람 - 길가장자리구역통행중,안전운전불이행,건조,맑음,단일로 - 기타,승용,남,20세,상해없음,보행자,남,27세,경상
2021111400100129,2021년 11월 14일 10시,일요일,울산광역시 동구 전하동,경상사고,0,0,1,0,차대차 - 측면충돌,안전운전불이행,건조,맑음,교차로 - 교차로부근,승용,여,63세,상해없음,승용,여,32세,경상
2021111400100208,2021년 11월 14일 13시,일요일,울산광역시 남구 삼산동,부상신고사고,0,0,0,1,차대차 - 측면충돌,안전거리미확보,건조,맑음,단일로 - 기타,자전거,남,63세,상해없음,자전거,남,29세,부상신고
2021111400100346,2021년 11월 14일 17시,일요일,울산광역시 중구 태화동,중상사고,0,1,0,0,차대차 - 측면충돌,직진우회전진행방해,건조,맑음,교차로 - 교차로안,승용,남,32세,상해없음,승용,여,52세,중상
2021111500100019,2021년 11월 15일 01시,월요일,울산광역시 남구 달동,경상사고,0,0,2,0,차대차 - 측면충돌,신호위반,건조,맑음,교차로 - 교차로안,승용,남,59세,상해없음,승용,남,50세,경상
2021111500100024,2021년 11월 15일 02시,월요일,울산광역시 남구 달동,중상사고,0,2,0,0,차대사람 - 기타,안전운전불이행,건조,맑음,교차로 - 교차로안,승용,남,71세,상해없음,보행자,남,27세,중상
2021111500100062,2021년 11월 15일 06시,월요일,울산광역시 동구 화정동,경상사고,0,0,1,0,차대차 - 측면충돌,직진우회전진행방해,건조,맑음,교차로 - 교차로안,이륜,남,49세,경상,승용,남,68세,상해없음
2021111500100211,2021년 11월 15일 11시,월요일,울산광역시 남구 야음동,경상사고,0,0,1,0,차대차 - 측면충돌,안전운전불이행,건조,맑음,단일로 - 기타,승용,여,38세,상해없음,자전거,남,87세,경상
2021111500100254,2021년 11월 15일 12시,월요일,울산광역시 남구 삼산동,경상사고,0,0,1,0,차대차 - 추돌,안전운전불이행,건조,맑음,단일로 - 기타,승용,남,63세,상해없음,승용,여,61세,경상
2021111500100320,2021년 11월 15일 14시,월요일,울산광역시 남구 야음동,중상사고,0,1,0,0,차대사람 - 횡단중,신호위반,건조,맑음,교차로 - 교차로횡단보도내,화물,남,52세,상해없음,보행자,여,75세,중상
2021111500100321,2021년 11월 15일 14시,월요일,울산광역시 북구 진장동,경상사고,0,0,1,0,차대차 - 추돌,안전거리미확보,건조,맑음,교차로 - 교차로부근,승합,남,41세,상해없음,승용,여,30세,경상
2021111500100442,2021년 11월 15일 17시,월요일,울산광역시 중구 옥교동,경상사고,0,0,2,0,차대차 - 측면충돌,안전거리미확보,건조,맑음,단일로 - 기타,승용,남,48세,상해없음,승용,남,66세,경상
2021111500100443,2021년 11월 15일 17시,월요일,울산광역시 남구 신정동,중상사고,0,1,0,0,차대사람 - 횡단중,안전운전불이행,건조,맑음,단일로 - 기타,승용,여,46세,상해없음,보행자,여,74세,중상
2021111500100518,2021년 11월 15일 18시,월요일,울산광역시 남구 삼산동,경상사고,0,0,2,0,차대차 - 추돌,안전운전불이행,건조,맑음,교차로 - 교차로부근,승용,남,56세,상해없음,승용,남,20세,경상
2021111500100607,2021년 11월 15일 21시,월요일,울산광역시 동구 서부동,경상사고,0,0,1,0,차대차 - 기타,안전운전불이행,건조,맑음,교차로 - 교차로안,승용,남,42세,기타불명,이륜,남,38세,경상
2021111500100644,2021년 11월 15일 23시,월요일,울산광역시 중구 태화동,경상사고,0,0,1,0,차대차 - 후진중충돌,안전운전불이행,건조,맑음,단일로 - 기타,승용,남,42세,상해없음,승용,남,18세,경상
2021111500100645,2021년 11월 15일 23시,월요일,울산광역시 남구 삼산동,경상사고,0,0,1,0,차량단독 - 공작물충돌,안전운전불이행,건조,맑음,교차로 - 교차로안,이륜,남,28세,경상,,,,
2021111600100049,2021년 11월 16일 05시,화요일,울산광역시 동구 방어동,중상사고,0,1,0,0,차대차 - 추돌,안전운전불이행,건조,맑음,교차로 - 교차로부근,승용,남,26세,상해없음,승용,여,38세,중상
2021111600100050,2021년 11월 16일 05시,화요일,울산광역시 울주군 범서읍,중상사고,0,1,0,0,차대차 - 추돌,안전운전불이행,건조,맑음,단일로 - 기타,승용,남,63세,상해없음,농기계,남,71세,중상
2021111600100068,2021년 11월 16일 06시,화요일,울산광역시 남구 삼산동,중상사고,0,1,0,0,차대사람 - 횡단중,신호위반,건조,맑음,교차로 - 교차로횡단보도내,승용,남,66세,상해없음,보행자,남,59세,중상
2021111600100095,2021년 11월 16일 07시,화요일,울산광역시 남구 무거동,경상사고,0,0,3,0,차대차 - 기타,안전거리미확보,건조,맑음,단일로 - 기타,특수,남,62세,상해없음,승용,남,56세,경상
2021111600100245,2021년 11월 16일 11시,화요일,울산광역시 북구 호계동,경상사고,0,0,1,0,차대사람 - 횡단중,보행자보호의무위반,건조,맑음,교차로 - 교차로횡단보도내,승용,여,51세,상해없음,보행자,남,63세,경상
2021111600100605,2021년 11월 16일 21시,화요일,울산광역시 남구 신정동,중상사고,0,1,0,0,차대차 - 측면충돌,신호위반,건조,맑음,교차로 - 교차로안,이륜,남,26세,중상,승용,남,42세,상해없음
2021111700100008,2021년 11월 17일 00시,수요일,울산광역시 북구 상안동,경상사고,0,0,2,1,차대차 - 측면충돌,안전운전불이행,건조,맑음,교차로 - 교차로부근,승용,남,59세,부상신고,승용,남,65세,경상
2021111700100197,2021년 11월 17일 10시,수요일,울산광역시 중구 성안동,경상사고,0,0,1,0,차대차 - 측면충돌,교차로운행방법위반,건조,맑음,교차로 - 교차로안,승용,여,71세,상해없음,승용,여,50세,경상
2021111700100312,2021년 11월 17일 13시,수요일,울산광역시 울주군 삼남읍,중상사고,0,1,0,0,차대차 - 측면충돌,중앙선침범,건조,맑음,단일로 - 기타,승용,여,59세,상해없음,승용,남,48세,중상
2021111700100349,2021년 11월 17일 14시,수요일,울산광역시 울주군 언양읍,경상사고,0,0,1,0,차대차 - 측면충돌,안전운전불이행,건조,맑음,교차로 - 교차로부근,승용,남,29세,상해없음,화물,남,46세,경상
2021111700100560,2021년 11월 17일 18시,수요일,울산광역시 남구 여천동,중상사고,0,1,0,1,차대차 - 측면충돌,신호위반,건조,맑음,교차로 - 교차로안,승용,여,24세,상해없음,승용,여,34세,중상
2021111700100561,2021년 11월 17일 18시,수요일,울산광역시 북구 양정동,경상사고,0,0,7,0,차대차 - 추돌,안전운전불이행,건조,맑음,교차로 - 교차로부근,화물,남,40세,상해없음,승합,남,52세,경상
2021111700100562,2021년 11월 17일 18시,수요일,울산광역시 북구 중산동,중상사고,0,1,1,0,차대차 - 추돌,안전운전불이행,건조,맑음,교차로 - 교차로부근,승용,여,26세,경상,승용,남,49세,중상
2021111700100610,2021년 11월 17일 19시,수요일,울산광역시 남구 삼산동,중상사고,0,1,0,0,차대차 - 측면충돌,신호위반,건조,기타,교차로 - 교차로안,승용,남,55세,상해없음,승용,남,35세,중상
2021111700100611,2021년 11월 17일 19시,수요일,울산광역시 동구 화정동,경상사고,0,0,1,0,차대차 - 정면충돌,신호위반,건조,맑음,교차로 - 교차로안,승용,여,31세,상해없음,승용,남,35세,경상
2021111700100634,2021년 11월 17일 20시,수요일,울산광역시 중구 서동,경상사고,0,0,1,1,차대차 - 측면충돌,안전운전불이행,건조,맑음,교차로 - 교차로안,승합,남,57세,상해없음,승용,남,30세,경상
2021111700100653,2021년 11월 17일 21시,수요일,울산광역시 남구 달동,경상사고,0,0,1,0,차대차 - 정면충돌,중앙선침범,건조,맑음,교차로 - 교차로부근,승용,남,55세,상해없음,화물,남,44세,경상
2021111800100075,2021년 11월 18일 07시,목요일,울산광역시 중구 태화동,경상사고,0,0,1,0,차대차 - 추돌,신호위반,건조,맑음,교차로 - 교차로안,승용,여,44세,상해없음,승용,여,50세,경상
2021111800100161,2021년 11월 18일 09시,목요일,울산광역시 남구 달동,경상사고,0,0,1,0,차대차 - 측면충돌,안전거리미확보,건조,맑음,단일로 - 기타,승합,남,36세,상해없음,화물,남,68세,상해없음
2021111800100162,2021년 11월 18일 09시,목요일,울산광역시 북구 상안동,경상사고,0,0,2,0,차대차 - 측면충돌,안전운전불이행,건조,맑음,단일로 - 기타,승용,남,53세,상해없음,농기계,남,84세,경상
2021111800100282,2021년 11월 18일 13시,목요일,울산광역시 북구 명촌동,경상사고,0,0,3,0,차대차 - 추돌,안전운전불이행,건조,맑음,단일로 - 기타,승용,남,32세,기타불명,승용,남,58세,경상
2021111800100381,2021년 11월 18일 16시,목요일,울산광역시 동구 방어동,중상사고,0,1,0,0,차대차 - 측면충돌,안전운전불이행,건조,맑음,교차로 - 교차로안,승용,남,67세,상해없음,승용,남,59세,중상
2021111800100427,2021년 11월 18일 17시,목요일,울산광역시 중구 학산동,경상사고,0,0,1,1,차대차 - 측면충돌,신호위반,건조,맑음,교차로 - 교차로안,승용,남,59세,부상신고,승용,여,27세,경상
2021111800100428,2021년 11월 18일 17시,목요일,울산광역시 동구 방어동,중상사고,0,1,0,0,차대차 - 측면충돌,신호위반,건조,맑음,교차로 - 교차로안,승용,여,45세,상해없음,이륜,남,38세,중상
2021111800100525,2021년 11월 18일 19시,목요일,울산광역시 북구 화봉동,경상사고,0,0,4,0,차대차 - 추돌,안전운전불이행,건조,맑음,단일로 - 기타,화물,남,58세,상해없음,승용,남,38세,경상
2021111800100627,2021년 11월 18일 23시,목요일,울산광역시 남구 삼산동,경상사고,0,0,1,0,차대차 - 측면충돌,신호위반,건조,맑음,교차로 - 교차로안,화물,남,37세,상해없음,승용,남,62세,경상
2021111900100027,2021년 11월 19일 01시,금요일,울산광역시 남구 달동,경상사고,0,0,1,0,차대사람 - 기타,안전운전불이행,건조,맑음,교차로 - 교차로안,승용,여,61세,상해없음,보행자,남,21세,경상
2021111900100076,2021년 11월 19일 06시,금요일,울산광역시 남구 신정동,부상신고사고,0,0,0,1,차대차 - 측면충돌,안전운전불이행,건조,맑음,교차로 - 교차로부근,자전거,남,67세,부상신고,승용,남,56세,상해없음
2021111900100130,2021년 11월 19일 08시,금요일,울산광역시 남구 선암동,경상사고,0,0,1,0,차대차 - 측면충돌,안전거리미확보,건조,맑음,단일로 - 기타,화물,남,46세,상해없음,승용,남,62세,경상
2021111900100218,2021년 11월 19일 11시,금요일,울산광역시 남구 달동,경상사고,0,0,1,0,차대차 - 측면충돌,교차로운행방법위반,건조,맑음,교차로 - 교차로안,이륜,남,53세,상해없음,승용,여,27세,경상
2021111900100250,2021년 11월 19일 12시,금요일,울산광역시 동구 전하동,중상사고,0,1,0,0,차대사람 - 길가장자리구역통행중,안전운전불이행,건조,맑음,교차로 - 교차로부근,승용,남,34세,상해없음,보행자,여,73세,중상
2021111900100251,2021년 11월 19일 12시,금요일,울산광역시 동구 전하동,경상사고,0,0,1,0,차대차 - 추돌,안전운전불이행,건조,맑음,단일로 - 기타,이륜,남,64세,경상,화물,남,54세,상해없음
2021111900100315,2021년 11월 19일 14시,금요일,울산광역시 동구 일산동,경상사고,0,0,2,0,차대차 - 측면충돌,불법유턴,건조,맑음,단일로 - 기타,이륜,남,64세,경상,승합,남,41세,상해없음
2021111900100406,2021년 11월 19일 16시,금요일,울산광역시 북구 달천동,경상사고,0,0,1,0,차대차 - 측면충돌,안전운전불이행,건조,맑음,교차로 - 교차로부근,승용,남,56세,상해없음,승용,남,46세,경상
2021111900100579,2021년 11월 19일 19시,금요일,울산광역시 중구 약사동,경상사고,0,0,2,0,차대차 - 측면충돌,안전운전불이행,건조,맑음,단일로 - 기타,승용,남,55세,상해없음,승용,여,40세,경상
2021111900100580,2021년 11월 19일 19시,금요일,울산광역시 중구 반구동,경상사고,0,0,1,0,차대차 - 측면충돌,차로위반,건조,맑음,단일로 - 기타,승용,남,63세,상해없음,승용,남,23세,경상
2021111900100665,2021년 11월 19일 22시,금요일,울산광역시 울주군 청량읍,경상사고,0,0,2,0,차대차 - 추돌,안전운전불이행,건조,맑음,단일로 - 기타,승용,남,44세,상해없음,승용,여,52세,경상
2021112000100019,2021년 11월 20일 00시,토요일,울산광역시 동구 방어동,경상사고,0,0,3,0,차대차 - 추돌,안전운전불이행,건조,맑음,단일로 - 기타,승용,남,49세,상해없음,승용,남,56세,경상
2021112000100020,2021년 11월 20일 00시,토요일,울산광역시 북구 명촌동,중상사고,0,1,0,0,차대사람 - 기타,안전운전불이행,건조,맑음,단일로 - 기타,자전거,남,25세,상해없음,보행자,남,62세,중상
2021112000100129,2021년 11월 20일 09시,토요일,울산광역시 중구 남외동,경상사고,0,0,1,0,차대차 - 측면충돌,안전운전불이행,건조,맑음,교차로 - 교차로부근,이륜,남,27세,경상,승용,남,62세,상해없음
2021112000100224,2021년 11월 20일 12시,토요일,울산광역시 북구 명촌동,중상사고,0,1,0,0,차대사람 - 횡단중,안전운전불이행,건조,맑음,교차로 - 교차로부근,승용,여,29세,상해없음,보행자,남,6세,중상
2021112000100271,2021년 11월 20일 13시,토요일,울산광역시 울주군 청량읍,사망사고,1,0,0,0,차대차 - 측면충돌,안전운전불이행,건조,맑음,교차로 - 교차로안,화물,남,55세,상해없음,이륜,남,22세,사망
2021112000100272,2021년 11월 20일 13시,토요일,울산광역시 울주군 언양읍,경상사고,0,0,1,0,차대차 - 후진중충돌,안전운전불이행,건조,맑음,기타 - 기타,승용,여,72세,기타불명,승용,남,30세,경상
2021112000100421,2021년 11월 20일 17시,토요일,울산광역시 중구 우정동,사망사고,1,0,0,0,차대사람 - 기타,안전운전불이행,건조,맑음,교차로 - 교차로부근,승용,여,59세,상해없음,보행자,여,85세,사망
2021112000100422,2021년 11월 20일 17시,토요일,울산광역시 남구 달동,경상사고,0,0,3,0,차대차 - 측면충돌,신호위반,건조,맑음,교차로 - 교차로안,승용,여,57세,상해없음,승용,남,30세,경상
2021112000100465,2021년 11월 20일 18시,토요일,울산광역시 중구 남외동,경상사고,0,0,1,0,차대사람 - 기타,안전운전불이행,건조,맑음,단일로 - 기타,승용,여,35세,상해없음,보행자,남,49세,경상
2021112000100466,2021년 11월 20일 18시,토요일,울산광역시 남구 삼산동,중상사고,0,1,0,0,차대차 - 측면충돌,안전운전불이행,건조,기타,단일로 - 기타,승용,남,31세,상해없음,개인형이동수단(PM),여,23세,중상
2021112100100009,2021년 11월 21일 00시,일요일,울산광역시 남구 무거동,경상사고,0,0,3,0,차대차 - 측면충돌,안전거리미확보,건조,맑음,교차로 - 교차로안,승용,남,67세,상해없음,승용,남,23세,경상
2021112100100051,2021년 11월 21일 04시,일요일,울산광역시 남구 삼산동,중상사고,0,2,3,0,차대차 - 정면충돌,신호위반,건조,기타,교차로 - 교차로안,승용,남,56세,중상,승용,남,24세,중상
2021112100100059,2021년 11월 21일 06시,일요일,울산광역시 남구 삼산동,경상사고,0,0,1,0,차대차 - 측면충돌,안전운전불이행,건조,맑음,교차로 - 교차로안,승용,남,32세,상해없음,승용,남,28세,경상
2021112100100060,2021년 11월 21일 06시,일요일,울산광역시 남구 달동,경상사고,0,0,1,0,차대차 - 측면충돌,신호위반,건조,맑음,교차로 - 교차로안,개인형이동수단(PM),남,24세,경상,승용,남,38세,상해없음
2021112100100061,2021년 11월 21일 06시,일요일,울산광역시 남구 삼산동,경상사고,0,0,2,0,차대차 - 추돌,안전운전불이행,건조,맑음,단일로 - 기타,승용,남,38세,상해없음,승용,남,65세,경상
2021112100100131,2021년 11월 21일 11시,일요일,울산광역시 북구 명촌동,경상사고,0,0,2,0,차대차 - 측면충돌,신호위반,건조,맑음,단일로 - 교량,승용,남,53세,상해없음,승용,남,36세,경상
2021112100100193,2021년 11월 21일 13시,일요일,울산광역시 북구 연암동,경상사고,0,0,1,0,차량단독 - 공작물충돌,안전운전불이행,건조,맑음,교차로 - 교차로부근,화물,남,65세,경상,,,,
2021112100100336,2021년 11월 21일 17시,일요일,울산광역시 중구 태화동,경상사고,0,0,1,0,차대차 - 추돌,중앙선침범,건조,맑음,단일로 - 기타,이륜,남,41세,경상,승용,여,44세,상해없음
2021112100100337,2021년 11월 21일 17시,일요일,울산광역시 중구 반구동,중상사고,0,2,1,0,차대차 - 정면충돌,안전운전불이행,건조,맑음,교차로 - 교차로안,승용,여,51세,경상,승용,여,60세,중상
2021112100100410,2021년 11월 21일 19시,일요일,울산광역시 동구 화정동,중상사고,0,1,0,0,차대차 - 측면충돌,교차로운행방법위반,건조,맑음,교차로 - 교차로안,이륜,기타불명,미분류,기타불명,이륜,남,46세,상해없음
2021112100100411,2021년 11월 21일 19시,일요일,울산광역시 울주군 온산읍,중상사고,0,1,0,0,차대사람 - 보도통행중,안전운전불이행,건조,맑음,단일로 - 기타,승용,남,55세,상해없음,보행자,남,63세,중상
2021112100100433,2021년 11월 21일 20시,일요일,울산광역시 남구 삼산동,중상사고,0,1,0,0,차대사람 - 횡단중,보행자보호의무위반,건조,맑음,교차로 - 교차로안,승합,남,33세,상해없음,보행자,여,21세,중상
2021112100100434,2021년 11월 21일 20시,일요일,울산광역시 남구 달동,경상사고,0,0,1,0,차대사람 - 차도통행중,안전운전불이행,건조,맑음,교차로 - 교차로부근,승용,여,36세,상해없음,보행자,여,55세,경상
2021112100100435,2021년 11월 21일 20시,일요일,울산광역시 남구 달동,경상사고,0,0,2,0,차대차 - 정면충돌,교차로운행방법위반,건조,맑음,교차로 - 교차로안,승용,여,51세,경상,승용,남,27세,경상
2021112100100507,2021년 11월 21일 23시,일요일,울산광역시 북구 호계동,중상사고,0,1,0,0,차대차 - 측면충돌,신호위반,건조,맑음,교차로 - 교차로안,승용,남,29세,상해없음,이륜,남,53세,중상
2021112200100157,2021년 11월 22일 09시,월요일,울산광역시 울주군 범서읍,중상사고,0,1,0,0,차대사람 - 횡단중,보행자보호의무위반,적설,맑음,교차로 - 교차로횡단보도내,승용,여,47세,상해없음,보행자,여,65세,중상
2021112200100263,2021년 11월 22일 12시,월요일,울산광역시 중구 학성동,경상사고,0,0,1,0,차대차 - 측면충돌,신호위반,건조,맑음,교차로 - 교차로안,승용,여,65세,상해없음,이륜,남,60세,경상
2021112200100264,2021년 11월 22일 12시,월요일,울산광역시 동구 방어동,경상사고,0,0,2,0,차대차 - 추돌,안전운전불이행,건조,맑음,교차로 - 교차로부근,승용,남,74세,상해없음,승용,남,28세,경상
2021112200100412,2021년 11월 22일 16시,월요일,울산광역시 중구 태화동,중상사고,0,1,0,0,차대차 - 정면충돌,안전운전불이행,건조,맑음,단일로 - 기타,화물,남,51세,상해없음,자전거,남,71세,중상
2021112200100413,2021년 11월 22일 16시,월요일,울산광역시 울주군 온양읍,경상사고,0,0,2,0,차대차 - 측면충돌,중앙선침범,건조,맑음,단일로 - 기타,승용,여,29세,상해없음,승용,여,61세,경상
2021112200100414,2021년 11월 22일 16시,월요일,울산광역시 북구 신명동,경상사고,0,0,1,0,차대차 - 측면충돌,차로위반,건조,맑음,단일로 - 기타,화물,남,61세,상해없음,승용,여,56세,경상
2021112200100415,2021년 11월 22일 16시,월요일,울산광역시 북구 호계동,경상사고,0,0,1,0,차대차 - 측면충돌,안전거리미확보,건조,맑음,단일로 - 기타,승용,여,48세,상해없음,승용,남,27세,경상
2021112200100453,2021년 11월 22일 17시,월요일,울산광역시 동구 방어동,중상사고,0,1,0,0,차대차 - 측면충돌,안전운전불이행,건조,맑음,단일로 - 기타,승용,남,72세,상해없음,이륜,남,37세,중상
2021112200100514,2021년 11월 22일 18시,월요일,울산광역시 중구 태화동,경상사고,0,0,1,0,차대차 - 측면충돌,안전운전불이행,건조,맑음,단일로 - 기타,승용,남,41세,상해없음,승용,남,20세,경상
2021112200100515,2021년 11월 22일 18시,월요일,울산광역시 동구 화정동,경상사고,0,0,1,0,차대차 - 기타,직진우회전진행방해,건조,맑음,교차로 - 교차로안,이륜,남,49세,상해없음,이륜,남,49세,경상
2021112200100516,2021년 11월 22일 18시,월요일,울산광역시 동구 서부동,경상사고,0,0,1,0,차대차 - 측면충돌,중앙선침범,건조,맑음,교차로 - 교차로부근,이륜,남,62세,기타불명,이륜,남,39세,경상
2021112200100607,2021년 11월 22일 22시,월요일,울산광역시 중구 반구동,경상사고,0,0,1,0,차대사람 - 횡단중,안전운전불이행,건조,맑음,교차로 - 교차로횡단보도내,승용,여,58세,상해없음,보행자,여,20세,경상
2021112200100621,2021년 11월 22일 23시,월요일,울산광역시 남구 신정동,중상사고,0,1,0,0,차대사람 - 횡단중,안전운전불이행,건조,맑음,단일로 - 기타,승용,남,59세,상해없음,보행자,남,43세,중상
2021112300100023,2021년 11월 23일 01시,화요일,울산광역시 남구 달동,경상사고,0,0,1,0,차대사람 - 횡단중,보행자보호의무위반,건조,맑음,교차로 - 교차로안,승용,남,23세,상해없음,보행자,남,42세,경상
2021112300100024,2021년 11월 23일 01시,화요일,울산광역시 남구 삼산동,경상사고,0,0,1,0,차대차 - 기타,신호위반,건조,기타,교차로 - 교차로안,승용,여,51세,상해없음,이륜,남,44세,경상
2021112300100214,2021년 11월 23일 11시,화요일,울산광역시 울주군 온산읍,경상사고,0,0,4,0,차대차 - 측면충돌,안전운전불이행,건조,맑음,교차로 - 교차로부근,승용,남,64세,경상,승용,남,36세,경상
2021112300100325,2021년 11월 23일 15시,화요일,울산광역시 울주군 범서읍,경상사고,0,0,1,0,차대사람 - 기타,안전운전불이행,건조,맑음,단일로 - 기타,승용,여,53세,상해없음,보행자,여,10세,경상
2021112300100362,2021년 11월 23일 16시,화요일,울산광역시 동구 화정동,중상사고,0,1,0,0,차대사람 - 기타,안전운전불이행,건조,맑음,교차로 - 교차로안,승용,남,27세,상해없음,보행자,여,85세,중상
2021112300100363,2021년 11월 23일 16시,화요일,울산광역시 울주군 온산읍,경상사고,0,0,1,0,차대사람 - 횡단중,안전운전불이행,건조,맑음,교차로 - 교차로부근,기타불명,기타불명,미분류,기타불명,보행자,남,6세,경상
2021112300100540,2021년 11월 23일 20시,화요일,울산광역시 중구 성남동,경상사고,0,0,1,0,차대사람 - 기타,안전운전불이행,건조,맑음,단일로 - 기타,승합,남,35세,상해없음,보행자,남,58세,경상
2021112300100557,2021년 11월 23일 21시,화요일,울산광역시 중구 반구동,경상사고,0,0,1,0,차대차 - 추돌,안전운전불이행,건조,맑음,기타 - 기타,승용,남,51세,상해없음,승합,여,49세,경상
2021112300100558,2021년 11월 23일 21시,화요일,울산광역시 울주군 삼남읍,중상사고,0,1,0,0,차대차 - 측면충돌,안전운전불이행,건조,맑음,교차로 - 교차로안,승용,여,48세,상해없음,이륜,남,41세,중상
2021112300100582,2021년 11월 23일 22시,화요일,울산광역시 남구 신정동,중상사고,0,1,0,0,차대차 - 측면충돌,신호위반,건조,맑음,단일로 - 기타,자전거,여,52세,중상,이륜,남,45세,상해없음
2021112300100583,2021년 11월 23일 22시,화요일,울산광역시 남구 여천동,경상사고,0,0,2,0,차대차 - 측면충돌,신호위반,건조,맑음,교차로 - 교차로안,승용,남,32세,상해없음,승용,남,35세,경상
2021112400100007,2021년 11월 24일 00시,수요일,울산광역시 울주군 청량읍,경상사고,0,0,2,0,차대차 - 정면충돌,중앙선침범,건조,맑음,단일로 - 고가도로위,승용,여,54세,상해없음,승용,남,49세,경상
2021112400100024,2021년 11월 24일 03시,수요일,울산광역시 동구 일산동,경상사고,0,0,3,0,차대차 - 측면충돌,안전거리미확보,젖음/습기,맑음,단일로 - 기타,승용,남,26세,상해없음,승용,여,49세,경상
2021112400100105,2021년 11월 24일 08시,수요일,울산광역시 중구 반구동,경상사고,0,0,1,0,차대차 - 측면충돌,안전운전불이행,건조,맑음,단일로 - 기타,자전거,남,12세,경상,승용,남,69세,상해없음
2021112400100106,2021년 11월 24일 08시,수요일,울산광역시 북구 연암동,경상사고,0,0,1,0,차대차 - 측면충돌,직진우회전진행방해,건조,맑음,교차로 - 교차로안,특수,남,57세,상해없음,승용,여,35세,경상
2021112400100227,2021년 11월 24일 12시,수요일,울산광역시 울주군 상북면,중상사고,0,1,0,0,차량단독 - 공작물충돌,안전운전불이행,건조,맑음,단일로 - 기타,승용,여,71세,중상,,,,
2021112400100258,2021년 11월 24일 13시,수요일,울산광역시 남구 달동,경상사고,0,0,1,0,차대차 - 정면충돌,신호위반,건조,맑음,단일로 - 기타,이륜,남,35세,경상,승용,남,72세,상해없음
2021112400100306,2021년 11월 24일 15시,수요일,울산광역시 동구 방어동,중상사고,0,1,0,0,차대차 - 추돌,신호위반,건조,맑음,교차로 - 교차로안,화물,남,39세,상해없음,승용,남,74세,상해없음