사고번호,사고일시,요일,시군구,사고내용,사망자수,중상자수,경상자수,부상신고자수,사고유형,법규위반,노면상태,기상상태,도로형태,가해운전자 차종,가해운전자 성별,가해운전자 연령,가해운전자 상해정도,피해운전자 차종,피해운전자 성별,피해운전자 연령,피해운전자 상해정도
2021112400100345,2021년 11월 24일 16시,수요일,울산광역시 울주군 범서읍,중상사고,0,1,0,0,차대차 - 측면충돌,교차로운행방법위반,건조,맑음,교차로 - 교차로안,승용,여,39세,상해없음,자전거,남,73세,중상
2021112400100346,2021년 11월 24일 16시,수요일,울산광역시 울주군 청량읍,경상사고,0,0,1,0,차대사람 - 횡단중,보행자보호의무위반,건조,맑음,교차로 - 교차로횡단보도내,승합,남,45세,상해없음,보행자,여,8세,경상
2021112400100385,2021년 11월 24일 17시,수요일,울산광역시 남구 옥동,경상사고,0,0,1,0,차대차 - 추돌,안전운전불이행,건조,맑음,단일로 - 기타,자전거,남,12세,경상,승용,남,51세,상해없음
2021112400100386,2021년 11월 24일 17시,수요일,울산광역시 북구 중산동,경상사고,0,0,3,0,차대사람 - 보도통행중,안전운전불이행,건조,맑음,교차로 - 교차로부근,화물,남,41세,상해없음,보행자,여,34세,경상
2021112400100501,2021년 11월 24일 19시,수요일,울산광역시 울주군 언양읍,경상사고,0,0,1,0,차대차 - 측면충돌,직진우회전진행방해,건조,맑음,교차로 - 교차로안,승용,남,53세,상해없음,승용,여,48세,경상
2021112500100021,2021년 11월 25일 01시,목요일,울산광역시 울주군 온산읍,중상사고,0,1,0,0,차대사람 - 횡단중,보행자보호의무위반,건조,맑음,교차로 - 교차로횡단보도내,승용,남,37세,상해없음,보행자,여,59세,중상
2021112500100169,2021년 11월 25일 09시,목요일,울산광역시 중구 복산동,중상사고,0,1,0,0,차대차 - 측면충돌,안전운전불이행,건조,맑음,단일로 - 기타,승용,남,49세,상해없음,자전거,여,73세,중상
2021112500100170,2021년 11월 25일 09시,목요일,울산광역시 울주군 언양읍,경상사고,0,0,2,0,차대차 - 추돌,안전운전불이행,건조,맑음,단일로 - 기타,화물,남,68세,상해없음,승용,남,37세,경상
2021112500100235,2021년 11월 25일 11시,목요일,울산광역시 남구 달동,중상사고,0,1,0,0,차대차 - 측면충돌,안전운전불이행,건조,맑음,단일로 - 기타,화물,남,49세,중상,승용,여,41세,상해없음
2021112500100236,2021년 11월 25일 11시,목요일,울산광역시 남구 신정동,중상사고,0,2,1,0,차대차 - 기타,안전운전불이행,건조,맑음,교차로 - 교차로안,승용,남,71세,상해없음,승용,남,33세,중상
2021112500100270,2021년 11월 25일 12시,목요일,울산광역시 중구 태화동,중상사고,0,1,0,0,차대사람 - 횡단중,보행자보호의무위반,건조,맑음,단일로 - 기타,화물,남,69세,상해없음,보행자,여,76세,중상
2021112500100353,2021년 11월 25일 14시,목요일,울산광역시 북구 진장동,중상사고,0,1,0,0,차대차 - 기타,중앙선침범,건조,맑음,단일로 - 기타,승용,남,50세,상해없음,승용,남,30세,중상
2021112500100546,2021년 11월 25일 18시,목요일,울산광역시 남구 신정동,중상사고,0,1,0,0,차량단독 - 기타,안전운전불이행,기타,기타,단일로 - 기타,승합,남,40세,상해없음,,,,
2021112500100547,2021년 11월 25일 18시,목요일,울산광역시 북구 호계동,경상사고,0,0,1,0,차대차 - 측면충돌,직진우회전진행방해,건조,맑음,교차로 - 교차로안,승합,남,60세,상해없음,이륜,남,60세,경상
2021112500100636,2021년 11월 25일 21시,목요일,울산광역시 중구 학성동,경상사고,0,0,1,0,차대차 - 측면충돌,안전운전불이행,건조,맑음,단일로 - 기타,자전거,여,69세,경상,승합,남,49세,상해없음
2021112500100661,2021년 11월 25일 22시,목요일,울산광역시 울주군 삼남읍,경상사고,0,0,1,0,차대차 - 측면충돌,직진우회전진행방해,건조,맑음,교차로 - 교차로안,원동기,남,20세,경상,승용,남,60세,상해없음
2021112600100017,2021년 11월 26일 00시,금요일,울산광역시 남구 무거동,경상사고,0,0,1,0,차량단독 - 기타,안전운전불이행,건조,맑음,교차로 - 교차로안,승용,남,53세,상해없음,,,,
2021112600100018,2021년 11월 26일 00시,금요일,울산광역시 북구 진장동,경상사고,0,0,1,0,차대차 - 측면충돌,기타,건조,맑음,교차로 - 교차로안,승용,여,49세,상해없음,이륜,남,25세,경상
2021112600100070,2021년 11월 26일 06시,금요일,울산광역시 동구 동부동,중상사고,0,1,0,0,차대차 - 측면충돌,안전운전불이행,건조,맑음,교차로 - 교차로부근,이륜,남,60세,상해없음,이륜,남,45세,중상
2021112600100071,2021년 11월 26일 06시,금요일,울산광역시 울주군 언양읍,중상사고,0,2,0,0,차대차 - 추돌,안전운전불이행,건조,맑음,단일로 - 기타,승용,남,29세,중상,화물,남,66세,상해없음
2021112600100292,2021년 11월 26일 12시,금요일,울산광역시 동구 방어동,중상사고,0,1,1,0,차대차 - 측면충돌,직진우회전진행방해,건조,맑음,교차로 - 교차로안,이륜,남,38세,중상,승용,남,31세,경상
2021112600100333,2021년 11월 26일 13시,금요일,울산광역시 울주군 범서읍,경상사고,0,0,4,0,차대차 - 측면충돌,중앙선침범,건조,맑음,단일로 - 기타,승용,여,57세,상해없음,승용,남,63세,경상
2021112600100366,2021년 11월 26일 14시,금요일,울산광역시 중구 옥교동,중상사고,0,1,0,0,차대사람 - 횡단중,보행자보호의무위반,건조,맑음,교차로 - 교차로횡단보도내,승용,남,68세,상해없음,보행자,여,55세,중상
2021112600100367,2021년 11월 26일 14시,금요일,울산광역시 남구 야음동,중상사고,0,1,0,0,차대차 - 측면충돌,안전운전불이행,건조,맑음,교차로 - 교차로부근,승용,여,68세,상해없음,자전거,남,79세,중상
2021112600100451,2021년 11월 26일 16시,금요일,울산광역시 울주군 삼남읍,경상사고,0,0,1,0,차대차 - 측면충돌,안전운전불이행,건조,맑음,단일로 - 기타,이륜,남,29세,경상,승용,여,61세,기타불명
2021112600100528,2021년 11월 26일 17시,금요일,울산광역시 남구 무거동,부상신고사고,0,0,0,1,차대사람 - 횡단중,안전운전불이행,건조,맑음,교차로 - 교차로부근,승용,남,54세,상해없음,보행자,여,16세,부상신고
2021112600100647,2021년 11월 26일 19시,금요일,울산광역시 동구 전하동,경상사고,0,0,1,0,차대사람 - 보도통행중,신호위반,건조,맑음,교차로 - 교차로횡단보도내,원동기,남,41세,상해없음,보행자,여,24세,경상
2021112600100708,2021년 11월 26일 21시,금요일,울산광역시 남구 옥동,경상사고,0,0,1,0,차대차 - 추돌,안전운전불이행,건조,맑음,단일로 - 기타,승용,남,46세,상해없음,승용,남,69세,경상
2021112700100014,2021년 11월 27일 00시,토요일,울산광역시 남구 달동,경상사고,0,0,4,0,차대차 - 추돌,안전운전불이행,건조,맑음,교차로 - 교차로부근,승용,남,44세,경상,승용,남,53세,경상
2021112700100088,2021년 11월 27일 08시,토요일,울산광역시 남구 신정동,경상사고,0,0,1,0,차대차 - 측면충돌,차로위반,건조,맑음,교차로 - 교차로부근,승용,남,22세,상해없음,승용,남,63세,경상
2021112700100273,2021년 11월 27일 13시,토요일,울산광역시 북구 양정동,경상사고,0,0,1,0,차대사람 - 기타,안전운전불이행,건조,맑음,단일로 - 기타,화물,남,68세,상해없음,보행자,여,30세,경상
2021112700100496,2021년 11월 27일 18시,토요일,울산광역시 남구 신정동,중상사고,0,1,0,0,차대차 - 측면충돌,신호위반,건조,맑음,교차로 - 교차로부근,이륜,남,47세,상해없음,자전거,남,54세,중상
2021112700100572,2021년 11월 27일 21시,토요일,울산광역시 중구 남외동,경상사고,0,0,1,1,차대사람 - 기타,안전운전불이행,건조,맑음,교차로 - 교차로부근,승용,여,28세,부상신고,보행자,남,14세,경상
2021112700100573,2021년 11월 27일 21시,토요일,울산광역시 남구 달동,경상사고,0,0,1,0,차대차 - 측면충돌,중앙선침범,건조,맑음,교차로 - 교차로부근,승용,여,47세,상해없음,이륜,남,35세,경상
2021112800100017,2021년 11월 28일 00시,일요일,울산광역시 남구 신정동,중상사고,0,1,0,0,차대차 - 측면충돌,중앙선침범,건조,맑음,단일로 - 기타,승용,여,37세,상해없음,승용,여,63세,중상
2021112800100040,2021년 11월 28일 02시,일요일,울산광역시 남구 신정동,경상사고,0,0,2,0,차대차 - 추돌,안전운전불이행,건조,맑음,교차로 - 교차로부근,승용,남,27세,상해없음,승용,남,59세,상해없음
2021112800100099,2021년 11월 28일 09시,일요일,울산광역시 남구 선암동,경상사고,0,0,2,0,차대차 - 추돌,안전운전불이행,건조,맑음,단일로 - 기타,이륜,남,60세,경상,승용,남,60세,경상
2021112800100155,2021년 11월 28일 11시,일요일,울산광역시 울주군 온산읍,중상사고,0,1,0,0,차대차 - 추돌,기타,건조,맑음,교차로 - 교차로안,승용,남,61세,상해없음,이륜,남,48세,중상
2021112800100305,2021년 11월 28일 16시,일요일,울산광역시 북구 진장동,경상사고,0,0,1,0,차대차 - 기타,안전거리미확보,건조,맑음,교차로 - 교차로부근,승용,남,62세,상해없음,승합,남,48세,상해없음
2021112800100374,2021년 11월 28일 18시,일요일,울산광역시 북구 양정동,경상사고,0,0,1,1,차대차 - 추돌,안전운전불이행,건조,맑음,교차로 - 교차로부근,이륜,남,20세,부상신고,승용,남,42세,상해없음
2021112800100403,2021년 11월 28일 19시,일요일,울산광역시 남구 신정동,경상사고,0,0,1,0,차대차 - 측면충돌,교차로운행방법위반,건조,맑음,교차로 - 교차로안,승용,남,32세,상해없음,이륜,남,24세,경상
2021112800100404,2021년 11월 28일 19시,일요일,울산광역시 남구 옥동,중상사고,0,1,0,1,차대차 - 기타,교차로운행방법위반,건조,맑음,교차로 - 교차로안,승용,여,31세,부상신고,이륜,남,45세,중상
2021112800100487,2021년 11월 28일 23시,일요일,울산광역시 남구 달동,중상사고,0,1,0,0,차대차 - 추돌,안전운전불이행,건조,맑음,교차로 - 교차로부근,승용,남,49세,상해없음,이륜,남,27세,중상
2021112900100009,2021년 11월 29일 00시,월요일,울산광역시 동구 전하동,경상사고,0,0,1,0,차대차 - 추돌,안전거리미확보,건조,맑음,기타 - 기타,승용,남,23세,상해없음,승용,여,60세,경상
2021112900100055,2021년 11월 29일 06시,월요일,울산광역시 북구 신천동,중상사고,0,1,0,0,차대사람 - 기타,안전운전불이행,건조,맑음,교차로 - 교차로안,승용,남,60세,상해없음,보행자,여,78세,중상
2021112900100141,2021년 11월 29일 08시,월요일,울산광역시 울주군 온산읍,경상사고,0,0,1,0,차대차 - 측면충돌,신호위반,건조,맑음,교차로 - 교차로안,승용,남,38세,상해없음,승용,남,65세,경상
2021112900100142,2021년 11월 29일 08시,월요일,울산광역시 울주군 온양읍,경상사고,0,0,1,0,차대사람 - 기타,안전운전불이행,건조,맑음,단일로 - 교량,개인형이동수단(PM),남,15세,기타불명,보행자,여,78세,경상
2021112900100195,2021년 11월 29일 10시,월요일,울산광역시 중구 옥교동,경상사고,0,0,1,0,차대사람 - 차도통행중,안전운전불이행,건조,맑음,교차로 - 교차로안,승용,여,60세,상해없음,보행자,여,79세,경상
2021112900100256,2021년 11월 29일 12시,월요일,울산광역시 중구 남외동,중상사고,0,2,0,0,차대차 - 정면충돌,중앙선침범,건조,맑음,단일로 - 기타,기타불명,여,72세,중상,이륜,여,49세,중상
2021112900100417,2021년 11월 29일 16시,월요일,울산광역시 동구 방어동,중상사고,0,1,0,0,차대사람 - 길가장자리구역통행중,안전운전불이행,건조,맑음,교차로 - 교차로안,승용,남,48세,상해없음,보행자,여,66세,중상
2021112900100418,2021년 11월 29일 16시,월요일,울산광역시 울주군 온산읍,중상사고,0,1,0,0,차대차 - 측면충돌,직진우회전진행방해,건조,맑음,교차로 - 교차로안,승용,남,27세,상해없음,개인형이동수단(PM),남,16세,중상
2021112900100470,2021년 11월 29일 17시,월요일,울산광역시 북구 송정동,경상사고,0,0,1,0,차대차 - 측면충돌,안전운전불이행,건조,맑음,교차로 - 교차로안,승용,남,59세,상해없음,승용,남,44세,경상
2021112900100624,2021년 11월 29일 22시,월요일,울산광역시 남구 달동,경상사고,0,0,1,0,차대사람 - 횡단중,안전운전불이행,건조,맑음,교차로 - 교차로안,이륜,남,30세,상해없음,보행자,남,47세,경상
2021113000100231,2021년 11월 30일 10시,화요일,울산광역시 남구 선암동,경상사고,0,0,2,0,차대차 - 정면충돌,신호위반,젖음/습기,비,교차로 - 교차로안,승용,남,44세,경상,화물,남,53세,경상
2021113000100289,2021년 11월 30일 12시,화요일,울산광역시 남구 신정동,중상사고,0,1,0,0,차대차 - 정면충돌,중앙선침범,젖음/습기,비,교차로 - 교차로부근,승용,남,51세,상해없음,승용,남,24세,중상
2021113000100349,2021년 11월 30일 14시,화요일,울산광역시 북구 연암동,중상사고,0,1,0,0,차대사람 - 횡단중,보행자보호의무위반,젖음/습기,비,교차로 - 교차로횡단보도내,승합,남,47세,상해없음,보행자,여,53세,중상
2021113000100476,2021년 11월 30일 17시,화요일,울산광역시 북구 연암동,중상사고,0,1,0,0,차대차 - 측면충돌,신호위반,건조,맑음,교차로 - 교차로횡단보도내,승용,남,63세,상해없음,자전거,남,60세,중상
2021113000100645,2021년 11월 30일 22시,화요일,울산광역시 남구 달동,경상사고,0,0,1,0,차대사람 - 기타,안전운전불이행,건조,맑음,교차로 - 교차로부근,승용,남,63세,상해없음,보행자,남,58세,경상
2021113000100646,2021년 11월 30일 22시,화요일,울산광역시 남구 신정동,중상사고,0,1,0,0,차대사람 - 기타,안전운전불이행,건조,기타,교차로 - 교차로부근,승용,남,50세,상해없음,보행자,남,61세,중상
2021120100100164,2021년 12월 1일 09시,수요일,울산광역시 남구 달동,경상사고,0,0,2,0,차대차 - 추돌,안전운전불이행,건조,맑음,교차로 - 교차로부근,승용,여,36세,상해없음,승용,여,50세,경상
2021120100100257,2021년 12월 1일 12시,수요일,울산광역시 중구 학성동,경상사고,0,0,2,0,차대차 - 추돌,안전운전불이행,건조,맑음,단일로 - 기타,승용,남,29세,상해없음,승용,여,61세,경상
2021120100100277,2021년 12월 1일 13시,수요일,울산광역시 북구 호계동,경상사고,0,0,1,0,차대차 - 추돌,교차로운행방법위반,건조,맑음,교차로 - 교차로부근,승합,여,53세,상해없음,자전거,여,73세,경상
2021120100100433,2021년 12월 1일 17시,수요일,울산광역시 울주군 범서읍,중상사고,0,1,0,0,차대사람 - 횡단중,보행자보호의무위반,건조,맑음,교차로 - 교차로횡단보도내,승용,남,59세,상해없음,보행자,여,17세,중상
2021120100100434,2021년 12월 1일 17시,수요일,울산광역시 울주군 청량읍,경상사고,0,0,1,0,차대사람 - 차도통행중,안전운전불이행,건조,맑음,단일로 - 기타,승용,남,30세,상해없음,보행자,남,11세,경상
2021120100100435,2021년 12월 1일 17시,수요일,울산광역시 울주군 범서읍,부상신고사고,0,0,0,1,차대사람 - 기타,기타,건조,맑음,단일로 - 지하차도(도로)내,승용,여,40세,상해없음,보행자,남,62세,부상신고
2021120100100545,2021년 12월 1일 19시,수요일,울산광역시 남구 야음동,경상사고,0,0,1,0,차대차 - 측면충돌,안전운전불이행,건조,맑음,교차로 - 교차로부근,승용,여,35세,상해없음,이륜,남,50세,경상
2021120100100630,2021년 12월 1일 23시,수요일,울산광역시 남구 삼산동,중상사고,0,1,0,0,차대사람 - 횡단중,보행자보호의무위반,건조,맑음,교차로 - 교차로안,승용,여,52세,상해없음,보행자,남,27세,중상
2021120200100014,2021년 12월 2일 00시,목요일,울산광역시 중구 학성동,경상사고,0,0,3,0,차대차 - 추돌,안전운전불이행,건조,맑음,교차로 - 교차로부근,승합,남,51세,상해없음,승용,여,24세,경상
2021120200100061,2021년 12월 2일 06시,목요일,울산광역시 북구 진장동,중상사고,0,1,0,0,차대차 - 기타,교차로운행방법위반,건조,맑음,교차로 - 교차로안,자전거,남,34세,중상,화물,남,47세,상해없음
2021120200100196,2021년 12월 2일 10시,목요일,울산광역시 북구 명촌동,경상사고,0,0,1,0,차대차 - 추돌,안전운전불이행,건조,맑음,단일로 - 기타,승용,남,33세,상해없음,승용,여,49세,경상
2021120200100197,2021년 12월 2일 10시,목요일,울산광역시 북구 명촌동,경상사고,0,0,4,0,차대차 - 측면충돌,안전운전불이행,건조,맑음,교차로 - 교차로안,승합,남,29세,상해없음,화물,남,50세,경상
2021120200100443,2021년 12월 2일 17시,목요일,울산광역시 북구 천곡동,중상사고,0,1,0,0,차대차 - 측면충돌,신호위반,건조,맑음,교차로 - 교차로안,승용,여,44세,상해없음,농기계,남,85세,중상
2021120200100508,2021년 12월 2일 18시,목요일,울산광역시 중구 복산동,중상사고,0,1,0,0,차대차 - 측면충돌,안전운전불이행,건조,맑음,단일로 - 기타,승용,여,34세,상해없음,이륜,남,36세,중상
2021120200100509,2021년 12월 2일 18시,목요일,울산광역시 동구 방어동,경상사고,0,0,3,0,차대차 - 측면충돌,안전운전불이행,건조,맑음,단일로 - 기타,이륜,남,32세,경상,승용,여,43세,경상
2021120200100510,2021년 12월 2일 18시,목요일,울산광역시 북구 천곡동,경상사고,0,0,1,0,차대차 - 추돌,안전운전불이행,건조,맑음,단일로 - 기타,승용,남,27세,상해없음,이륜,남,34세,경상
2021120200100534,2021년 12월 2일 19시,목요일,울산광역시 북구 송정동,경상사고,0,0,2,0,차대차 - 추돌,안전운전불이행,건조,맑음,교차로 - 교차로부근,승용,남,38세,상해없음,승용,남,35세,경상
2021120200100619,2021년 12월 2일 22시,목요일,울산광역시 북구 천곡동,중상사고,0,2,0,0,차대차 - 기타,신호위반,건조,맑음,교차로 - 교차로안,승용,남,58세,상해없음,승용,남,51세,중상
2021120300100130,2021년 12월 3일 07시,금요일,울산광역시 울주군 청량읍,경상사고,0,0,1,0,차대차 - 추돌,안전운전불이행,건조,맑음,교차로 - 교차로부근,승용,남,30세,상해없음,승용,여,36세,경상
2021120300100180,2021년 12월 3일 08시,금요일,울산광역시 중구 약사동,경상사고,0,0,2,0,차대차 - 측면충돌,신호위반,건조,맑음,교차로 - 교차로안,승용,여,50세,상해없음,승용,여,40세,경상
2021120300100213,2021년 12월 3일 09시,금요일,울산광역시 북구 매곡동,중상사고,0,1,0,0,차대사람 - 기타,기타,건조,맑음,기타 - 기타,승용,남,41세,상해없음,보행자,여,69세,중상
2021120300100317,2021년 12월 3일 12시,금요일,울산광역시 남구 삼산동,경상사고,0,0,1,0,차대사람 - 기타,안전운전불이행,건조,맑음,단일로 - 기타,승용,남,62세,상해없음,보행자,남,27세,경상
2021120300100318,2021년 12월 3일 12시,금요일,울산광역시 남구 삼산동,중상사고,0,1,0,0,차량단독 - 기타,안전운전불이행,건조,맑음,단일로 - 기타,승합,남,56세,상해없음,,,,
2021120300100319,2021년 12월 3일 12시,금요일,울산광역시 남구 신정동,경상사고,0,0,2,0,차대차 - 측면충돌,안전거리미확보,건조,맑음,교차로 - 교차로안,승용,남,79세,경상,승용,여,52세,경상
2021120300100320,2021년 12월 3일 12시,금요일,울산광역시 북구 매곡동,경상사고,0,0,1,0,차대차 - 측면충돌,불법유턴,건조,맑음,교차로 - 교차로부근,승용,여,51세,상해없음,이륜,남,49세,경상
2021120300100435,2021년 12월 3일 15시,금요일,울산광역시 남구 삼산동,중상사고,0,1,2,0,차대차 - 측면충돌,안전운전불이행,건조,맑음,단일로 - 기타,승용,여,47세,중상,승용,여,21세,경상
2021120300100436,2021년 12월 3일 15시,금요일,울산광역시 북구 호계동,경상사고,0,0,1,0,차대차 - 정면충돌,안전운전불이행,건조,맑음,교차로 - 교차로안,이륜,남,42세,경상,승용,여,50세,상해없음
2021120300100477,2021년 12월 3일 16시,금요일,울산광역시 중구 복산동,경상사고,0,0,1,0,차대차 - 측면충돌,안전운전불이행,건조,맑음,단일로 - 기타,이륜,남,54세,상해없음,자전거,남,22세,경상
2021120300100478,2021년 12월 3일 16시,금요일,울산광역시 중구 약사동,중상사고,0,1,0,0,차대사람 - 보도통행중,신호위반,건조,맑음,교차로 - 교차로안,이륜,남,25세,상해없음,보행자,여,60세,중상
2021120300100479,2021년 12월 3일 16시,금요일,울산광역시 동구 방어동,경상사고,0,0,1,0,차대차 - 추돌,안전운전불이행,건조,맑음,교차로 - 교차로부근,이륜,남,40세,상해없음,승용,남,30세,경상
2021120300100480,2021년 12월 3일 16시,금요일,울산광역시 북구 중산동,중상사고,0,1,0,0,차대사람 - 기타,안전운전불이행,건조,맑음,단일로 - 기타,승합,여,55세,상해없음,보행자,남,10세,중상
2021120300100534,2021년 12월 3일 17시,금요일,울산광역시 울주군 웅촌면,중상사고,0,1,2,0,차대차 - 측면충돌,안전운전불이행,건조,맑음,교차로 - 교차로부근,승합,여,45세,경상,승용,남,51세,기타불명
2021120300100535,2021년 12월 3일 17시,금요일,울산광역시 울주군 청량읍,중상사고,0,1,0,0,차량단독 - 기타,안전운전불이행,건조,맑음,교차로 - 교차로부근,승합,남,59세,상해없음,,,,
2021120300100592,2021년 12월 3일 18시,금요일,울산광역시 울주군 삼남읍,경상사고,0,0,3,0,차대차 - 추돌,안전거리미확보,건조,맑음,단일로 - 기타,승용,남,53세,상해없음,승용,남,66세,경상
2021120300100721,2021년 12월 3일 22시,금요일,울산광역시 남구 야음동,경상사고,0,0,1,0,차대사람 - 보도통행중,보행자보호의무위반,건조,맑음,교차로 - 교차로안,승용,남,55세,상해없음,보행자,남,51세,경상
2021120300100722,2021년 12월 3일 22시,금요일,울산광역시 동구 화정동,경상사고,0,0,1,0,차대차 - 추돌,중앙선침범,건조,맑음,교차로 - 교차로안,승용,남,52세,상해없음,이륜,남,37세,경상
2021120400100083,2021년 12월 4일 07시,토요일,울산광역시 울주군 청량읍,경상사고,0,0,1,0,차대차 - 추돌,안전운전불이행,건조,맑음,단일로 - 기타,화물,남,47세,상해없음,승용,남,69세,경상
2021120400100174,2021년 12월 4일 11시,토요일,울산광역시 남구 무거동,경상사고,0,0,2,0,차대차 - 측면충돌,안전운전불이행,건조,맑음,교차로 - 교차로안,승용,여,69세,상해없음,승용,남,42세,경상
2021120400100175,2021년 12월 4일 11시,토요일,울산광역시 남구 무거동,경상사고,0,0,2,0,차대차 - 측면충돌,교차로운행방법위반,건조,맑음,교차로 - 교차로안,승용,남,69세,상해없음,승용,남,78세,경상
2021120400100281,2021년 12월 4일 14시,토요일,울산광역시 남구 신정동,경상사고,0,0,1,0,차대사람 - 횡단중,보행자보호의무위반,건조,맑음,단일로 - 기타,이륜,남,20세,기타불명,보행자,여,59세,경상
2021120400100282,2021년 12월 4일 14시,토요일,울산광역시 남구 신정동,경상사고,0,0,2,0,차대차 - 측면충돌,안전운전불이행,건조,맑음,교차로 - 교차로안,승용,남,40세,상해없음,승용,남,35세,경상
2021120400100379,2021년 12월 4일 17시,토요일,울산광역시 남구 옥동,경상사고,0,0,1,0,차대차 - 추돌,안전운전불이행,건조,맑음,교차로 - 교차로부근,승용,남,30세,상해없음,승용,여,43세,경상
2021120500100172,2021년 12월 5일 12시,일요일,울산광역시 중구 태화동,경상사고,0,0,1,0,차대사람 - 횡단중,안전운전불이행,건조,맑음,교차로 - 교차로안,승용,여,28세,상해없음,보행자,남,60세,경상
2021120500100173,2021년 12월 5일 12시,일요일,울산광역시 남구 삼산동,경상사고,0,0,1,0,차대차 - 추돌,안전거리미확보,건조,맑음,교차로 - 교차로안,화물,남,29세,상해없음,이륜,남,39세,경상
2021120500100174,2021년 12월 5일 12시,일요일,울산광역시 북구 송정동,경상사고,0,0,2,0,차대차 - 측면충돌,안전운전불이행,건조,맑음,교차로 - 교차로부근,승용,남,69세,상해없음,승용,남,51세,경상
2021120500100205,2021년 12월 5일 13시,일요일,울산광역시 북구 연암동,경상사고,0,0,1,1,차대차 - 측면충돌,안전운전불이행,건조,맑음,단일로 - 기타,승용,남,28세,부상신고,화물,남,62세,기타불명
2021120500100287,2021년 12월 5일 16시,일요일,울산광역시 북구 염포동,부상신고사고,0,0,0,1,차량단독 - 주/정차차량 충돌,안전운전불이행,건조,맑음,단일로 - 기타,자전거,여,58세,부상신고,,,,
2021120500100322,2021년 12월 5일 17시,일요일,울산광역시 북구 산하동,중상사고,0,1,0,0,차대사람 - 기타,중앙선침범,건조,맑음,단일로 - 기타,화물,남,32세,상해없음,보행자,여,58세,중상
2021120500100447,2021년 12월 5일 23시,일요일,울산광역시 남구 무거동,중상사고,0,2,1,0,차대차 - 추돌,안전운전불이행,건조,맑음,교차로 - 교차로부근,승용,여,46세,상해없음,승용,남,40세,경상
2021120600100059,2021년 12월 6일 07시,월요일,울산광역시 동구 방어동,중상사고,0,1,0,0,차대차 - 측면충돌,안전운전불이행,건조,맑음,단일로 - 기타,이륜,남,59세,상해없음,자전거,남,44세,중상
2021120600100136,2021년 12월 6일 09시,월요일,울산광역시 북구 호계동,경상사고,0,0,2,0,차대차 - 측면충돌,직진우회전진행방해,건조,맑음,교차로 - 교차로안,승용,남,47세,경상,승용,여,50세,상해없음
2021120600100163,2021년 12월 6일 10시,월요일,울산광역시 동구 방어동,경상사고,0,0,1,0,차대차 - 정면충돌,안전운전불이행,건조,맑음,단일로 - 기타,이륜,남,43세,상해없음,승용,여,49세,경상
2021120600100255,2021년 12월 6일 13시,월요일,울산광역시 중구 반구동,경상사고,0,0,1,0,차대차 - 추돌,안전운전불이행,건조,맑음,단일로 - 기타,승용,여,65세,상해없음,승용,여,28세,경상
2021120600100256,2021년 12월 6일 13시,월요일,울산광역시 울주군 삼남읍,부상신고사고,0,0,0,1,차대차 - 추돌,안전운전불이행,건조,맑음,단일로 - 기타,승용,남,18세,부상신고,화물,남,59세,기타불명
2021120600100392,2021년 12월 6일 17시,월요일,울산광역시 울주군 서생면,경상사고,0,0,1,0,차대차 - 측면충돌,안전운전불이행,건조,맑음,주차장 - 주차장,승용,남,54세,상해없음,승용,남,55세,경상
2021120600100451,2021년 12월 6일 18시,월요일,울산광역시 울주군 청량읍,중상사고,0,1,0,0,차대사람 - 차도통행중,안전운전불이행,건조,맑음,단일로 - 기타,승용,남,44세,상해없음,보행자,남,60세,중상
2021120600100452,2021년 12월 6일 18시,월요일,울산광역시 울주군 언양읍,중상사고,0,1,1,0,차량단독 - 공작물충돌,안전운전불이행,건조,맑음,단일로 - 기타,승용,여,44세,경상,,,,
2021120700100013,2021년 12월 7일 00시,화요일,울산광역시 북구 효문동,경상사고,0,0,1,0,차대차 - 측면충돌,중앙선침범,건조,맑음,단일로 - 교량,이륜,남,60세,상해없음,이륜,남,33세,경상
2021120700100026,2021년 12월 7일 01시,화요일,울산광역시 북구 연암동,경상사고,0,0,3,1,차량단독 - 공작물충돌,기타,건조,맑음,단일로 - 기타,승용,남,18세,부상신고,,,,
2021120700100122,2021년 12월 7일 08시,화요일,울산광역시 울주군 온산읍,경상사고,0,0,3,0,차대차 - 정면충돌,안전운전불이행,건조,맑음,교차로 - 교차로안,승용,남,55세,상해없음,승용,여,39세,경상
2021120700100383,2021년 12월 7일 16시,화요일,울산광역시 남구 달동,경상사고,0,0,1,0,차대차 - 측면충돌,안전운전불이행,건조,맑음,교차로 - 교차로안,승용,남,52세,상해없음,화물,남,38세,경상
2021120700100384,2021년 12월 7일 16시,화요일,울산광역시 울주군 웅촌면,중상사고,0,1,0,0,차대사람 - 횡단중,안전운전불이행,건조,맑음,단일로 - 기타,화물,남,50세,상해없음,보행자,남,16세,중상
2021120700100442,2021년 12월 7일 17시,화요일,울산광역시 남구 무거동,경상사고,0,0,1,0,차대차 - 측면충돌,안전거리미확보,건조,맑음,교차로 - 교차로안,승용,여,50세,상해없음,승용,여,25세,경상