사고번호,사고일시,요일,시군구,사고내용,사망자수,중상자수,경상자수,부상신고자수,사고유형,법규위반,노면상태,기상상태,도로형태,가해운전자 차종,가해운전자 성별,가해운전자 연령,가해운전자 상해정도,피해운전자 차종,피해운전자 성별,피해운전자 연령,피해운전자 상해정도
2021120700100443,2021년 12월 7일 17시,화요일,울산광역시 남구 무거동,경상사고,0,0,1,0,차대사람 - 횡단중,보행자보호의무위반,건조,맑음,교차로 - 교차로횡단보도내,승용,여,33세,상해없음,보행자,여,34세,경상
2021120700100444,2021년 12월 7일 17시,화요일,울산광역시 울주군 범서읍,중상사고,0,2,2,0,차대차 - 추돌,중앙선침범,건조,맑음,단일로 - 기타,승용,여,71세,상해없음,화물,남,40세,상해없음
2021120700100492,2021년 12월 7일 18시,화요일,울산광역시 중구 교동,중상사고,0,1,0,0,차대사람 - 기타,안전운전불이행,건조,맑음,단일로 - 기타,승용,여,25세,상해없음,보행자,여,50세,중상
2021120700100493,2021년 12월 7일 18시,화요일,울산광역시 북구 연암동,경상사고,0,0,1,0,차대차 - 추돌,안전운전불이행,건조,맑음,단일로 - 지하차도(도로)내,승용,남,56세,상해없음,승용,여,55세,경상
2021120700100553,2021년 12월 7일 20시,화요일,울산광역시 남구 달동,중상사고,0,1,0,0,차대사람 - 길가장자리구역통행중,안전운전불이행,건조,맑음,단일로 - 기타,승용,남,60세,상해없음,보행자,남,16세,중상
2021120700100554,2021년 12월 7일 20시,화요일,울산광역시 남구 삼산동,경상사고,0,0,1,0,차대차 - 기타,차로위반,건조,맑음,교차로 - 교차로안,승용,남,42세,상해없음,승합,남,30세,상해없음
2021120700100555,2021년 12월 7일 20시,화요일,울산광역시 동구 동부동,경상사고,0,0,1,0,차대차 - 기타,안전운전불이행,젖음/습기,비,교차로 - 교차로부근,이륜,남,51세,경상,이륜,남,35세,상해없음
2021120700100556,2021년 12월 7일 20시,화요일,울산광역시 동구 방어동,경상사고,0,0,4,0,차대차 - 추돌,안전거리미확보,건조,맑음,단일로 - 기타,승용,여,32세,상해없음,승용,남,30세,경상
2021120800100042,2021년 12월 8일 05시,수요일,울산광역시 남구 성암동,중상사고,0,1,0,0,차대사람 - 차도통행중,보행자보호의무위반,건조,맑음,교차로 - 교차로부근,승용,남,48세,상해없음,보행자,여,62세,중상
2021120800100043,2021년 12월 8일 05시,수요일,울산광역시 북구 염포동,경상사고,0,0,1,0,차대사람 - 횡단중,안전운전불이행,건조,맑음,단일로 - 기타,건설기계,남,53세,상해없음,보행자,여,53세,경상
2021120800100065,2021년 12월 8일 06시,수요일,울산광역시 남구 성암동,경상사고,0,0,4,0,차대차 - 추돌,안전거리미확보,건조,맑음,단일로 - 기타,승용,남,60세,상해없음,승용,남,52세,경상
2021120800100281,2021년 12월 8일 13시,수요일,울산광역시 북구 연암동,중상사고,0,2,1,0,차대차 - 기타,안전운전불이행,건조,맑음,교차로 - 교차로안,승용,여,50세,중상,승용,여,35세,경상
2021120800100394,2021년 12월 8일 16시,수요일,울산광역시 울주군 온양읍,중상사고,0,1,0,0,차대차 - 측면충돌,신호위반,건조,맑음,교차로 - 교차로안,화물,남,38세,상해없음,원동기,남,53세,중상
2021120800100447,2021년 12월 8일 17시,수요일,울산광역시 남구 신정동,경상사고,0,0,1,0,차대차 - 측면충돌,안전운전불이행,건조,맑음,교차로 - 교차로안,승용,남,63세,상해없음,승용,여,54세,경상
2021120800100502,2021년 12월 8일 18시,수요일,울산광역시 북구 연암동,경상사고,0,0,2,0,차대차 - 측면충돌,차로위반,건조,맑음,단일로 - 기타,승용,남,41세,상해없음,승용,남,57세,경상
2021120800100564,2021년 12월 8일 20시,수요일,울산광역시 남구 신정동,경상사고,0,0,2,0,차대차 - 측면충돌,교차로운행방법위반,건조,맑음,교차로 - 교차로안,화물,남,74세,상해없음,승용,남,27세,경상
2021120800100601,2021년 12월 8일 22시,수요일,울산광역시 남구 삼산동,경상사고,0,0,1,0,차대차 - 기타,교차로운행방법위반,건조,기타,교차로 - 교차로부근,승용,여,59세,상해없음,승용,남,35세,상해없음
2021120800100608,2021년 12월 8일 23시,수요일,울산광역시 남구 무거동,경상사고,0,0,1,0,차대차 - 추돌,안전운전불이행,건조,맑음,교차로 - 교차로부근,화물,남,43세,상해없음,승용,남,31세,경상
2021120900100021,2021년 12월 9일 02시,목요일,울산광역시 중구 성남동,경상사고,0,0,1,0,차대차 - 추돌,안전운전불이행,건조,맑음,단일로 - 기타,승용,남,26세,상해없음,승용,남,33세,경상
2021120900100198,2021년 12월 9일 12시,목요일,울산광역시 울주군 범서읍,경상사고,0,0,2,1,차대차 - 측면충돌,안전운전불이행,건조,맑음,단일로 - 기타,화물,남,58세,부상신고,승용,여,44세,경상
2021120900100226,2021년 12월 9일 13시,목요일,울산광역시 남구 달동,경상사고,0,0,1,0,차대차 - 측면충돌,안전운전불이행,건조,맑음,교차로 - 교차로안,승용,여,42세,상해없음,이륜,남,26세,경상
2021120900100259,2021년 12월 9일 15시,목요일,울산광역시 울주군 청량읍,경상사고,0,0,1,0,차대차 - 기타,안전운전불이행,건조,맑음,단일로 - 기타,승용,남,28세,상해없음,승용,남,30세,경상
2021120900100445,2021년 12월 9일 19시,목요일,울산광역시 남구 신정동,경상사고,0,0,1,0,차대차 - 후진중충돌,안전운전불이행,건조,맑음,교차로 - 교차로부근,승합,남,62세,상해없음,승용,남,32세,경상
2021120900100446,2021년 12월 9일 19시,목요일,울산광역시 울주군 온산읍,중상사고,0,1,0,0,차대사람 - 횡단중,안전운전불이행,건조,맑음,교차로 - 교차로부근,승용,남,40세,상해없음,보행자,남,10세,중상
2021120900100473,2021년 12월 9일 20시,목요일,울산광역시 남구 무거동,중상사고,0,1,0,0,차대차 - 정면충돌,신호위반,건조,맑음,교차로 - 교차로안,승용,남,34세,상해없음,이륜,남,25세,중상
2021121000100098,2021년 12월 10일 07시,금요일,울산광역시 남구 무거동,경상사고,0,0,1,0,차대사람 - 기타,안전운전불이행,건조,맑음,단일로 - 기타,승합,여,49세,상해없음,보행자,여,66세,경상
2021121000100099,2021년 12월 10일 07시,금요일,울산광역시 동구 화정동,경상사고,0,0,1,0,차대차 - 측면충돌,직진우회전진행방해,건조,맑음,교차로 - 교차로안,승용,남,59세,기타불명,이륜,남,30세,경상
2021121000100124,2021년 12월 10일 08시,금요일,울산광역시 남구 삼산동,경상사고,0,0,1,0,차대사람 - 길가장자리구역통행중,안전운전불이행,건조,맑음,단일로 - 기타,승용,여,34세,상해없음,보행자,여,14세,경상
2021121000100125,2021년 12월 10일 08시,금요일,울산광역시 동구 서부동,경상사고,0,0,1,0,차대차 - 측면충돌,안전운전불이행,건조,맑음,교차로 - 교차로부근,승용,여,41세,기타불명,승용,여,55세,경상
2021121000100210,2021년 12월 10일 11시,금요일,울산광역시 남구 옥동,경상사고,0,0,6,0,차대차 - 추돌,안전거리미확보,건조,맑음,단일로 - 기타,화물,남,25세,상해없음,승용,남,19세,경상
2021121000100247,2021년 12월 10일 12시,금요일,울산광역시 동구 전하동,경상사고,0,0,1,0,차대사람 - 횡단중,보행자보호의무위반,건조,맑음,교차로 - 교차로부근,이륜,남,58세,상해없음,보행자,여,65세,경상
2021121000100284,2021년 12월 10일 13시,금요일,울산광역시 북구 달천동,중상사고,0,1,0,0,차량단독 - 공작물충돌,안전운전불이행,건조,맑음,주차장 - 주차장,승용,남,78세,중상,,,,
2021121000100631,2021년 12월 10일 22시,금요일,울산광역시 중구 약사동,경상사고,0,0,1,0,차대차 - 측면충돌,안전운전불이행,건조,맑음,교차로 - 교차로안,승용,남,61세,상해없음,이륜,남,44세,경상
2021121000100632,2021년 12월 10일 22시,금요일,울산광역시 중구 태화동,사망사고,1,0,0,0,차대사람 - 차도통행중,안전운전불이행,건조,맑음,단일로 - 기타,승용,남,32세,상해없음,보행자,남,52세,사망
2021121100100065,2021년 12월 11일 05시,토요일,울산광역시 북구 진장동,경상사고,0,0,1,0,차대차 - 측면충돌,기타,건조,맑음,단일로 - 기타,승용,남,26세,상해없음,이륜,남,31세,경상
2021121100100100,2021년 12월 11일 08시,토요일,울산광역시 북구 송정동,중상사고,0,1,0,0,차대차 - 측면충돌,신호위반,건조,맑음,교차로 - 교차로안,승용,남,38세,상해없음,승용,여,52세,중상
2021121100100245,2021년 12월 11일 13시,토요일,울산광역시 중구 서동,경상사고,0,0,1,1,차대차 - 측면충돌,안전운전불이행,건조,맑음,교차로 - 교차로안,승용,여,39세,부상신고,승용,여,46세,경상
2021121100100429,2021년 12월 11일 18시,토요일,울산광역시 울주군 온양읍,중상사고,0,1,0,0,차대차 - 추돌,안전운전불이행,건조,맑음,교차로 - 교차로부근,승용,남,26세,상해없음,이륜,남,54세,중상
2021121100100459,2021년 12월 11일 19시,토요일,울산광역시 남구 두왕동,경상사고,0,0,1,0,차대차 - 추돌,안전운전불이행,건조,맑음,교차로 - 교차로부근,승용,남,63세,상해없음,승용,남,35세,경상
2021121100100502,2021년 12월 11일 21시,토요일,울산광역시 동구 방어동,경상사고,0,0,2,0,차대차 - 측면충돌,안전운전불이행,건조,맑음,교차로 - 교차로안,승용,남,43세,상해없음,승용,여,46세,경상
2021121100100516,2021년 12월 11일 22시,토요일,울산광역시 중구 서동,경상사고,0,0,1,0,차대차 - 정면충돌,중앙선침범,건조,맑음,단일로 - 기타,승용,여,56세,상해없음,이륜,남,27세,경상
2021121200100083,2021년 12월 12일 09시,일요일,울산광역시 동구 동부동,중상사고,0,2,1,0,차대차 - 측면충돌,직진우회전진행방해,건조,맑음,교차로 - 교차로안,승용,여,45세,경상,승용,여,41세,중상
2021121200100142,2021년 12월 12일 12시,일요일,울산광역시 울주군 온산읍,중상사고,0,1,0,0,차량단독 - 공작물충돌,안전운전불이행,건조,맑음,교차로 - 교차로안,화물,남,58세,중상,,,,
2021121200100194,2021년 12월 12일 14시,일요일,울산광역시 중구 반구동,중상사고,0,1,0,0,차대차 - 측면충돌,교차로운행방법위반,건조,맑음,교차로 - 교차로안,화물,남,60세,상해없음,이륜,남,45세,중상
2021121200100313,2021년 12월 12일 18시,일요일,울산광역시 동구 화정동,경상사고,0,0,2,0,차대차 - 정면충돌,신호위반,건조,맑음,교차로 - 교차로안,승용,여,56세,상해없음,이륜,남,28세,경상
2021121200100368,2021년 12월 12일 20시,일요일,울산광역시 남구 신정동,경상사고,0,0,1,0,차대차 - 측면충돌,안전운전불이행,건조,맑음,단일로 - 기타,승용,여,32세,상해없음,승용,남,65세,상해없음
2021121200100369,2021년 12월 12일 20시,일요일,울산광역시 남구 무거동,중상사고,0,1,0,0,차대사람 - 횡단중,보행자보호의무위반,건조,맑음,단일로 - 기타,승용,남,37세,상해없음,보행자,남,17세,중상
2021121200100370,2021년 12월 12일 20시,일요일,울산광역시 울주군 온산읍,부상신고사고,0,0,0,1,차대사람 - 기타,안전운전불이행,건조,맑음,단일로 - 지하차도(도로)내,승용,남,62세,상해없음,보행자,남,35세,부상신고
2021121200100402,2021년 12월 12일 22시,일요일,울산광역시 남구 무거동,중상사고,0,1,0,0,차대차 - 측면충돌,안전거리미확보,건조,맑음,단일로 - 기타,승용,남,56세,상해없음,이륜,남,17세,중상
2021121200100416,2021년 12월 12일 23시,일요일,울산광역시 남구 무거동,경상사고,0,0,2,0,차대차 - 측면충돌,신호위반,건조,맑음,교차로 - 교차로부근,화물,남,66세,상해없음,승용,남,32세,경상
2021121300100060,2021년 12월 13일 06시,월요일,울산광역시 중구 약사동,사망사고,1,0,0,0,차대사람 - 기타,기타,건조,맑음,단일로 - 기타,승용,남,50세,상해없음,보행자,여,62세,사망
2021121300100085,2021년 12월 13일 07시,월요일,울산광역시 북구 신천동,경상사고,0,0,1,0,차대차 - 추돌,안전거리미확보,건조,맑음,단일로 - 기타,승용,여,37세,상해없음,승용,남,36세,경상
2021121300100166,2021년 12월 13일 09시,월요일,울산광역시 울주군 언양읍,경상사고,0,0,1,0,차대차 - 추돌,안전거리미확보,건조,맑음,교차로 - 교차로안,승용,여,30세,상해없음,승용,남,58세,경상
2021121300100206,2021년 12월 13일 10시,월요일,울산광역시 울주군 온양읍,경상사고,0,0,1,0,차대차 - 측면충돌,신호위반,건조,맑음,교차로 - 교차로안,화물,남,68세,상해없음,승용,남,63세,경상
2021121300100274,2021년 12월 13일 12시,월요일,울산광역시 북구 천곡동,경상사고,0,0,1,0,차대차 - 정면충돌,안전운전불이행,건조,맑음,단일로 - 기타,이륜,여,39세,상해없음,화물,남,30세,경상
2021121300100372,2021년 12월 13일 15시,월요일,울산광역시 울주군 범서읍,경상사고,0,0,2,0,차대차 - 측면충돌,안전운전불이행,건조,맑음,단일로 - 기타,승용,여,38세,상해없음,승용,남,28세,경상
2021121300100484,2021년 12월 13일 18시,월요일,울산광역시 동구 방어동,경상사고,0,0,1,0,차대사람 - 횡단중,보행자보호의무위반,건조,맑음,교차로 - 교차로부근,승용,남,29세,상해없음,보행자,남,28세,경상
2021121300100485,2021년 12월 13일 18시,월요일,울산광역시 울주군 온양읍,경상사고,0,0,1,0,차대차 - 추돌,안전운전불이행,건조,맑음,단일로 - 기타,이륜,남,38세,경상,승용,여,41세,상해없음
2021121300100582,2021년 12월 13일 22시,월요일,울산광역시 북구 신천동,중상사고,0,1,1,0,차대차 - 기타,안전거리미확보,건조,맑음,교차로 - 교차로부근,이륜,남,16세,경상,이륜,남,27세,중상
2021121300100600,2021년 12월 13일 23시,월요일,울산광역시 남구 달동,경상사고,0,0,1,0,차대사람 - 기타,안전운전불이행,건조,맑음,교차로 - 교차로안,승용,남,39세,상해없음,보행자,여,26세,경상
2021121400100075,2021년 12월 14일 07시,화요일,울산광역시 동구 일산동,경상사고,0,0,1,0,차대차 - 측면충돌,안전운전불이행,건조,맑음,교차로 - 교차로안,승용,여,32세,상해없음,자전거,남,39세,경상
2021121400100150,2021년 12월 14일 10시,화요일,울산광역시 울주군 범서읍,중상사고,0,1,0,0,차대사람 - 횡단중,보행자보호의무위반,건조,맑음,교차로 - 교차로안,승용,남,33세,상해없음,보행자,여,65세,중상
2021121400100177,2021년 12월 14일 11시,화요일,울산광역시 남구 달동,중상사고,0,1,0,0,차대사람 - 기타,보행자보호의무위반,건조,맑음,단일로 - 기타,기타불명,기타불명,미분류,기타불명,보행자,여,61세,중상
2021121400100274,2021년 12월 14일 15시,화요일,울산광역시 동구 전하동,중상사고,0,1,2,0,차대차 - 측면충돌,차로위반,건조,맑음,단일로 - 기타,이륜,남,16세,경상,승용,남,34세,중상
2021121400100368,2021년 12월 14일 17시,화요일,울산광역시 울주군 온산읍,경상사고,0,0,1,0,차대차 - 추돌,안전운전불이행,건조,맑음,단일로 - 기타,기타불명,기타불명,미분류,기타불명,이륜,남,62세,경상
2021121400100427,2021년 12월 14일 18시,화요일,울산광역시 남구 옥동,중상사고,0,1,1,0,차대차 - 추돌,안전거리미확보,건조,맑음,단일로 - 기타,승용,여,26세,상해없음,승용,남,62세,중상
2021121400100471,2021년 12월 14일 19시,화요일,울산광역시 남구 달동,경상사고,0,0,1,0,차대차 - 후진중충돌,안전운전불이행,건조,맑음,교차로 - 교차로부근,승용,여,36세,상해없음,승용,남,36세,경상
2021121400100502,2021년 12월 14일 20시,화요일,울산광역시 동구 방어동,경상사고,0,0,1,0,차대사람 - 길가장자리구역통행중,안전운전불이행,건조,맑음,단일로 - 기타,이륜,남,40세,상해없음,보행자,남,59세,경상
2021121500100013,2021년 12월 15일 00시,수요일,울산광역시 울주군 언양읍,경상사고,0,0,1,0,차대사람 - 길가장자리구역통행중,안전운전불이행,건조,맑음,교차로 - 교차로부근,승용,남,49세,상해없음,보행자,남,64세,경상
2021121500100071,2021년 12월 15일 06시,수요일,울산광역시 울주군 온양읍,경상사고,0,0,1,0,차대차 - 정면충돌,중앙선침범,건조,맑음,단일로 - 기타,승용,여,66세,상해없음,승용,남,42세,경상
2021121500100106,2021년 12월 15일 07시,수요일,울산광역시 울주군 범서읍,경상사고,0,0,1,0,차대차 - 측면충돌,안전운전불이행,건조,맑음,교차로 - 교차로안,승용,남,62세,상해없음,승용,여,50세,경상
2021121500100254,2021년 12월 15일 12시,수요일,울산광역시 동구 화정동,경상사고,0,0,1,0,차대차 - 측면충돌,안전운전불이행,건조,맑음,단일로 - 지하차도(도로)내,화물,남,31세,경상,특수,남,56세,상해없음
2021121500100309,2021년 12월 15일 14시,수요일,울산광역시 중구 우정동,부상신고사고,0,0,0,1,차대차 - 추돌,안전운전불이행,건조,맑음,단일로 - 기타,승용,여,35세,부상신고,승합,남,58세,상해없음
2021121500100310,2021년 12월 15일 14시,수요일,울산광역시 울주군 웅촌면,경상사고,0,0,1,0,차대차 - 추돌,안전운전불이행,건조,맑음,단일로 - 기타,건설기계,남,69세,상해없음,화물,남,61세,상해없음
2021121500100311,2021년 12월 15일 14시,수요일,울산광역시 북구 신천동,경상사고,0,0,3,0,차대차 - 추돌,안전운전불이행,건조,맑음,교차로 - 교차로부근,화물,남,60세,경상,화물,남,57세,경상
2021121500100337,2021년 12월 15일 15시,수요일,울산광역시 북구 매곡동,경상사고,0,0,1,0,차대차 - 측면충돌,신호위반,건조,맑음,교차로 - 교차로안,이륜,남,32세,경상,승용,남,63세,상해없음
2021121500100473,2021년 12월 15일 18시,수요일,울산광역시 중구 반구동,경상사고,0,0,1,0,차대차 - 측면충돌,안전운전불이행,건조,맑음,단일로 - 기타,승용,남,29세,상해없음,승용,남,33세,경상
2021121500100526,2021년 12월 15일 19시,수요일,울산광역시 울주군 온산읍,경상사고,0,0,2,0,차대차 - 정면충돌,중앙선침범,건조,맑음,단일로 - 기타,승용,남,38세,상해없음,승용,여,31세,상해없음
2021121500100556,2021년 12월 15일 20시,수요일,울산광역시 울주군 온산읍,경상사고,0,0,2,0,차대차 - 측면충돌,신호위반,건조,맑음,교차로 - 교차로안,승용,남,26세,경상,승용,남,50세,경상
2021121500100582,2021년 12월 15일 21시,수요일,울산광역시 북구 진장동,중상사고,0,1,0,0,차대차 - 기타,안전운전불이행,건조,맑음,단일로 - 기타,자전거,남,46세,중상,승용,남,53세,상해없음
2021121500100603,2021년 12월 15일 22시,수요일,울산광역시 중구 성안동,경상사고,0,0,1,0,차대차 - 측면충돌,안전운전불이행,건조,맑음,단일로 - 기타,승용,남,29세,상해없음,승용,남,24세,경상
2021121500100604,2021년 12월 15일 22시,수요일,울산광역시 남구 달동,중상사고,0,1,0,0,차대사람 - 길가장자리구역통행중,안전운전불이행,건조,맑음,교차로 - 교차로부근,기타불명,기타불명,미분류,기타불명,보행자,남,25세,중상
2021121600100027,2021년 12월 16일 02시,목요일,울산광역시 북구 호계동,중상사고,0,1,0,0,차대차 - 측면충돌,안전운전불이행,건조,맑음,단일로 - 기타,이륜,남,21세,중상,승용,남,43세,상해없음
2021121600100030,2021년 12월 16일 04시,목요일,울산광역시 북구 가대동,경상사고,0,0,1,0,차대차 - 추돌,안전운전불이행,건조,맑음,단일로 - 기타,화물,남,69세,경상,승용,남,49세,기타불명
2021121600100038,2021년 12월 16일 05시,목요일,울산광역시 북구 진장동,경상사고,0,0,1,0,차대차 - 측면충돌,불법유턴,건조,맑음,교차로 - 교차로안,자전거,남,58세,경상,승용,남,66세,상해없음
2021121600100050,2021년 12월 16일 06시,목요일,울산광역시 울주군 청량읍,중상사고,0,1,0,0,차대사람 - 횡단중,보행자보호의무위반,건조,맑음,교차로 - 교차로안,승용,여,31세,상해없음,보행자,남,84세,중상
2021121600100130,2021년 12월 16일 09시,목요일,울산광역시 중구 유곡동,경상사고,0,0,1,0,차대차 - 측면충돌,직진우회전진행방해,젖음/습기,비,교차로 - 교차로안,승용,여,60세,상해없음,화물,남,51세,경상
2021121600100131,2021년 12월 16일 09시,목요일,울산광역시 남구 야음동,경상사고,0,0,1,0,차대차 - 측면충돌,안전거리미확보,건조,맑음,교차로 - 교차로부근,승용,여,58세,상해없음,화물,남,59세,경상
2021121600100191,2021년 12월 16일 11시,목요일,울산광역시 중구 남외동,경상사고,0,0,1,0,차대차 - 측면충돌,안전운전불이행,건조,맑음,교차로 - 교차로안,이륜,남,24세,상해없음,이륜,남,18세,경상
2021121600100241,2021년 12월 16일 13시,목요일,울산광역시 중구 복산동,경상사고,0,0,1,0,차대차 - 기타,안전거리미확보,젖음/습기,비,단일로 - 기타,승용,남,54세,상해없음,이륜,남,61세,경상
2021121600100242,2021년 12월 16일 13시,목요일,울산광역시 북구 창평동,중상사고,0,1,0,0,차량단독 - 기타,안전운전불이행,건조,맑음,단일로 - 기타,승합,남,60세,상해없음,,,,
2021121600100267,2021년 12월 16일 14시,목요일,울산광역시 북구 양정동,경상사고,0,0,1,0,차대차 - 추돌,안전거리미확보,건조,맑음,단일로 - 기타,승합,남,24세,상해없음,이륜,남,57세,경상
2021121600100297,2021년 12월 16일 15시,목요일,울산광역시 동구 동부동,경상사고,0,0,1,0,차대차 - 측면충돌,신호위반,건조,흐림,교차로 - 교차로부근,이륜,남,43세,경상,승용,남,61세,상해없음
2021121600100322,2021년 12월 16일 16시,목요일,울산광역시 북구 화봉동,경상사고,0,0,1,0,차대차 - 측면충돌,교차로운행방법위반,건조,맑음,교차로 - 교차로안,승용,남,45세,상해없음,자전거,남,15세,경상
2021121600100371,2021년 12월 16일 17시,목요일,울산광역시 남구 신정동,경상사고,0,0,1,0,차대사람 - 기타,안전운전불이행,젖음/습기,비,교차로 - 교차로안,화물,남,53세,상해없음,보행자,남,52세,경상
2021121600100372,2021년 12월 16일 17시,목요일,울산광역시 북구 상안동,경상사고,0,0,6,0,차대차 - 추돌,안전운전불이행,건조,맑음,교차로 - 교차로부근,승용,남,53세,상해없음,승용,남,54세,경상
2021121600100415,2021년 12월 16일 18시,목요일,울산광역시 동구 전하동,중상사고,0,1,0,0,차대차 - 기타,교차로운행방법위반,건조,맑음,교차로 - 교차로안,이륜,남,29세,상해없음,이륜,남,40세,중상
2021121600100444,2021년 12월 16일 19시,목요일,울산광역시 남구 달동,중상사고,0,1,0,0,차대차 - 측면충돌,신호위반,건조,맑음,교차로 - 교차로안,승용,여,50세,상해없음,이륜,남,35세,중상
2021121700100048,2021년 12월 17일 05시,금요일,울산광역시 북구 양정동,경상사고,0,0,1,0,차대차 - 추돌,안전운전불이행,건조,맑음,단일로 - 기타,자전거,남,30세,경상,이륜,남,57세,상해없음
2021121700100049,2021년 12월 17일 05시,금요일,울산광역시 북구 명촌동,경상사고,0,0,2,0,차대차 - 추돌,안전운전불이행,건조,맑음,교차로 - 교차로부근,승용,남,33세,상해없음,승용,남,48세,경상
2021121700100140,2021년 12월 17일 09시,금요일,울산광역시 동구 전하동,중상사고,0,1,0,0,차대차 - 측면충돌,안전운전불이행,건조,맑음,교차로 - 교차로안,승용,여,43세,상해없음,이륜,남,57세,중상
2021121700100141,2021년 12월 17일 09시,금요일,울산광역시 울주군 범서읍,경상사고,0,0,1,0,차대차 - 측면충돌,교차로운행방법위반,건조,맑음,교차로 - 교차로안,승용,여,34세,상해없음,승용,여,52세,경상
2021121700100164,2021년 12월 17일 10시,금요일,울산광역시 울주군 언양읍,경상사고,0,0,1,0,차대차 - 측면충돌,안전운전불이행,건조,맑음,교차로 - 교차로안,화물,남,38세,상해없음,승용,여,36세,경상
2021121700100268,2021년 12월 17일 13시,금요일,울산광역시 동구 서부동,경상사고,0,0,1,0,차대차 - 측면충돌,신호위반,건조,맑음,교차로 - 교차로안,승용,남,37세,상해없음,승용,남,63세,경상
2021121700100303,2021년 12월 17일 14시,금요일,울산광역시 울주군 범서읍,경상사고,0,0,2,0,차대차 - 추돌,안전운전불이행,건조,맑음,단일로 - 기타,승용,여,61세,경상,화물,남,46세,경상
2021121700100342,2021년 12월 17일 15시,금요일,울산광역시 중구 남외동,경상사고,0,0,1,0,차대사람 - 기타,안전운전불이행,건조,맑음,단일로 - 기타,승합,여,64세,상해없음,보행자,여,36세,경상
2021121700100343,2021년 12월 17일 15시,금요일,울산광역시 북구 당사동,경상사고,0,0,3,0,차대차 - 추돌,안전운전불이행,건조,맑음,교차로 - 교차로부근,이륜,남,50세,경상,승용,여,71세,경상
2021121700100532,2021년 12월 17일 18시,금요일,울산광역시 중구 동동,경상사고,0,0,1,0,차대사람 - 횡단중,보행자보호의무위반,건조,맑음,단일로 - 기타,승용,여,52세,상해없음,보행자,여,9세,경상
2021121700100610,2021년 12월 17일 20시,금요일,울산광역시 남구 무거동,경상사고,0,0,1,0,차대사람 - 기타,안전운전불이행,건조,맑음,주차장 - 주차장,승용,남,55세,상해없음,보행자,여,57세,경상
2021121700100691,2021년 12월 17일 23시,금요일,울산광역시 남구 달동,경상사고,0,0,2,0,차대차 - 기타,안전거리미확보,건조,맑음,교차로 - 교차로부근,승용,남,73세,상해없음,이륜,남,23세,경상
2021121800100132,2021년 12월 18일 09시,토요일,울산광역시 중구 서동,경상사고,0,0,3,0,차대차 - 추돌,신호위반,건조,맑음,교차로 - 교차로안,승용,여,38세,상해없음,승용,남,51세,경상
2021121800100248,2021년 12월 18일 13시,토요일,울산광역시 남구 삼산동,중상사고,0,1,1,0,차대차 - 측면충돌,직진우회전진행방해,건조,맑음,교차로 - 교차로안,승용,여,56세,상해없음,승용,남,61세,중상
2021121800100249,2021년 12월 18일 13시,토요일,울산광역시 울주군 언양읍,경상사고,0,0,1,0,차대차 - 추돌,안전운전불이행,건조,맑음,교차로 - 교차로부근,이륜,남,29세,경상,승용,남,29세,상해없음
2021121800100250,2021년 12월 18일 13시,토요일,울산광역시 북구 호계동,경상사고,0,0,1,0,차대사람 - 횡단중,보행자보호의무위반,건조,맑음,교차로 - 교차로횡단보도내,승용,여,61세,상해없음,보행자,여,26세,경상
2021121800100351,2021년 12월 18일 15시,토요일,울산광역시 북구 상안동,경상사고,0,0,2,1,차대차 - 측면충돌,안전운전불이행,건조,맑음,교차로 - 교차로부근,승용,여,36세,상해없음,승용,남,24세,경상
2021121800100446,2021년 12월 18일 17시,토요일,울산광역시 남구 삼산동,경상사고,0,0,1,0,차대차 - 측면충돌,안전거리미확보,건조,맑음,교차로 - 교차로안,승용,남,36세,상해없음,이륜,남,37세,경상
2021121800100491,2021년 12월 18일 18시,토요일,울산광역시 중구 우정동,중상사고,0,1,0,0,차대사람 - 횡단중,신호위반,건조,맑음,교차로 - 교차로안,승합,남,52세,상해없음,보행자,여,21세,중상
2021121800100492,2021년 12월 18일 18시,토요일,울산광역시 남구 상개동,중상사고,0,1,0,0,차대사람 - 길가장자리구역통행중,안전운전불이행,건조,맑음,단일로 - 기타,승용,남,47세,상해없음,보행자,남,31세,중상
2021121800100493,2021년 12월 18일 18시,토요일,울산광역시 남구 달동,경상사고,0,0,1,0,차대차 - 기타,교차로운행방법위반,건조,맑음,교차로 - 교차로안,승용,남,51세,상해없음,이륜,남,32세,경상
2021121800100494,2021년 12월 18일 18시,토요일,울산광역시 울주군 온산읍,중상사고,0,1,0,0,차대차 - 기타,안전운전불이행,건조,맑음,교차로 - 교차로안,승합,남,55세,상해없음,이륜,남,44세,중상
2021121800100514,2021년 12월 18일 19시,토요일,울산광역시 북구 천곡동,경상사고,0,0,2,0,차대차 - 추돌,신호위반,건조,맑음,교차로 - 교차로안,이륜,남,18세,상해없음,이륜,남,22세,경상
2021121800100548,2021년 12월 18일 20시,토요일,울산광역시 중구 반구동,부상신고사고,0,0,0,1,차대차 - 측면충돌,안전운전불이행,건조,맑음,교차로 - 교차로안,이륜,남,41세,부상신고,이륜,남,20세,상해없음