사고번호,사고일시,요일,시군구,사고내용,사망자수,중상자수,경상자수,부상신고자수,사고유형,법규위반,노면상태,기상상태,도로형태,가해운전자 차종,가해운전자 성별,가해운전자 연령,가해운전자 상해정도,피해운전자 차종,피해운전자 성별,피해운전자 연령,피해운전자 상해정도
2021121800100583,2021년 12월 18일 21시,토요일,울산광역시 북구 진장동,중상사고,0,1,0,0,차대차 - 측면충돌,신호위반,건조,맑음,교차로 - 교차로안,승용,남,25세,기타불명,이륜,남,32세,중상
2021121800100606,2021년 12월 18일 23시,토요일,울산광역시 동구 방어동,경상사고,0,0,1,0,차대사람 - 횡단중,신호위반,건조,맑음,교차로 - 교차로횡단보도내,이륜,남,22세,경상,보행자,여,13세,상해없음
2021121900100023,2021년 12월 19일 01시,일요일,울산광역시 동구 방어동,경상사고,0,0,1,0,차대차 - 추돌,교차로운행방법위반,건조,맑음,교차로 - 교차로안,승용,남,66세,기타불명,이륜,남,51세,경상
2021121900100042,2021년 12월 19일 06시,일요일,울산광역시 남구 달동,사망사고,1,0,0,0,차대사람 - 횡단중,안전운전불이행,건조,맑음,단일로 - 기타,승용,남,59세,상해없음,보행자,여,85세,사망
2021121900100237,2021년 12월 19일 17시,일요일,울산광역시 동구 화정동,경상사고,0,0,6,0,차대차 - 측면충돌,직진우회전진행방해,건조,맑음,교차로 - 교차로안,승용,남,64세,경상,승용,여,35세,경상
2021121900100269,2021년 12월 19일 18시,일요일,울산광역시 북구 중산동,경상사고,0,0,1,0,차대차 - 측면충돌,안전운전불이행,건조,맑음,단일로 - 고가도로위,승용,여,22세,상해없음,이륜,남,29세,경상
2021121900100344,2021년 12월 19일 21시,일요일,울산광역시 남구 무거동,중상사고,0,1,0,0,차대사람 - 횡단중,신호위반,건조,맑음,교차로 - 교차로횡단보도내,승용,남,21세,상해없음,보행자,여,54세,중상
2021122000100034,2021년 12월 20일 06시,월요일,울산광역시 울주군 온양읍,중상사고,0,1,1,0,차대차 - 측면충돌,신호위반,건조,맑음,교차로 - 교차로안,승용,남,49세,경상,승용,남,51세,중상
2021122000100143,2021년 12월 20일 10시,월요일,울산광역시 남구 신정동,경상사고,0,0,1,0,차대차 - 기타,안전거리미확보,건조,맑음,교차로 - 교차로안,승용,여,45세,상해없음,승용,여,77세,경상
2021122000100179,2021년 12월 20일 11시,월요일,울산광역시 남구 신정동,경상사고,0,0,1,0,차대사람 - 기타,안전운전불이행,건조,맑음,단일로 - 기타,화물,남,58세,상해없음,보행자,여,26세,경상
2021122000100215,2021년 12월 20일 12시,월요일,울산광역시 울주군 서생면,부상신고사고,0,0,0,1,차대차 - 측면충돌,안전운전불이행,건조,맑음,단일로 - 지하차도(도로)내,승용,남,48세,상해없음,자전거,여,56세,부상신고
2021122000100258,2021년 12월 20일 14시,월요일,울산광역시 울주군 언양읍,경상사고,0,0,1,0,차대차 - 기타,안전운전불이행,건조,맑음,단일로 - 기타,특수,남,56세,상해없음,특수,남,37세,경상
2021122000100330,2021년 12월 20일 15시,월요일,울산광역시 남구 야음동,중상사고,0,1,0,0,차대차 - 측면충돌,안전운전불이행,건조,맑음,교차로 - 교차로안,승용,여,18세,상해없음,원동기,남,30세,중상
2021122000100331,2021년 12월 20일 15시,월요일,울산광역시 울주군 청량읍,경상사고,0,0,1,0,차대차 - 측면충돌,안전운전불이행,건조,맑음,교차로 - 교차로부근,승용,여,35세,상해없음,승합,남,58세,경상
2021122000100384,2021년 12월 20일 17시,월요일,울산광역시 울주군 온양읍,경상사고,0,0,2,0,차대차 - 기타,안전거리미확보,건조,맑음,단일로 - 기타,승용,남,50세,상해없음,승용,남,28세,경상
2021122000100421,2021년 12월 20일 17시,월요일,울산광역시 동구 서부동,경상사고,0,0,1,0,차량단독 - 공작물충돌,안전운전불이행,건조,맑음,단일로 - 기타,이륜,남,31세,경상,,,,
2021122000100534,2021년 12월 20일 19시,월요일,울산광역시 울주군 삼남읍,중상사고,0,1,0,0,차대사람 - 횡단중,신호위반,건조,맑음,교차로 - 교차로횡단보도내,이륜,남,36세,상해없음,보행자,남,49세,중상
2021122000100535,2021년 12월 20일 19시,월요일,울산광역시 울주군 삼동면,중상사고,0,1,0,0,차량단독 - 기타,안전운전불이행,건조,맑음,단일로 - 기타,승용,남,71세,상해없음,,,,
2021122000100625,2021년 12월 20일 22시,월요일,울산광역시 중구 학성동,경상사고,0,0,1,0,차대사람 - 기타,안전운전불이행,건조,맑음,단일로 - 기타,화물,남,38세,상해없음,보행자,남,68세,경상
2021122100100004,2021년 12월 21일 00시,화요일,울산광역시 북구 명촌동,경상사고,0,0,1,0,차대차 - 추돌,안전거리미확보,건조,맑음,단일로 - 기타,이륜,남,30세,상해없음,승용,남,67세,경상
2021122100100108,2021년 12월 21일 08시,화요일,울산광역시 중구 다운동,중상사고,0,1,0,0,차대사람 - 횡단중,신호위반,건조,맑음,단일로 - 기타,승용,남,37세,상해없음,보행자,여,18세,중상
2021122100100109,2021년 12월 21일 08시,화요일,울산광역시 남구 두왕동,중상사고,0,1,1,1,차량단독 - 공작물충돌,안전운전불이행,건조,맑음,교차로 - 교차로부근,승합,여,65세,부상신고,,,,
2021122100100300,2021년 12월 21일 15시,화요일,울산광역시 남구 삼산동,중상사고,0,1,0,0,차대차 - 측면충돌,중앙선침범,건조,맑음,교차로 - 교차로부근,승용,남,60세,상해없음,이륜,남,42세,중상
2021122100100301,2021년 12월 21일 15시,화요일,울산광역시 북구 염포동,중상사고,0,1,1,0,차량단독 - 기타,안전운전불이행,건조,맑음,단일로 - 기타,승합,남,42세,상해없음,,,,
2021122200100094,2021년 12월 22일 08시,수요일,울산광역시 남구 신정동,경상사고,0,0,1,0,차대차 - 기타,교차로운행방법위반,건조,맑음,교차로 - 교차로안,승용,여,39세,상해없음,승용,남,35세,경상
2021122200100135,2021년 12월 22일 09시,수요일,울산광역시 남구 신정동,경상사고,0,0,2,0,차대차 - 추돌,안전거리미확보,건조,맑음,단일로 - 기타,승용,여,30세,상해없음,승용,남,58세,경상
2021122200100191,2021년 12월 22일 11시,수요일,울산광역시 북구 중산동,중상사고,0,1,1,0,차대차 - 측면충돌,신호위반,건조,맑음,교차로 - 교차로안,화물,남,35세,경상,승용,남,62세,중상
2021122200100227,2021년 12월 22일 12시,수요일,울산광역시 남구 달동,경상사고,0,0,2,0,차대차 - 추돌,안전운전불이행,건조,맑음,단일로 - 기타,승용,여,67세,상해없음,승용,남,29세,경상
2021122200100300,2021년 12월 22일 14시,수요일,울산광역시 북구 연암동,중상사고,0,1,0,0,차대차 - 측면충돌,안전운전불이행,건조,맑음,단일로 - 기타,승용,남,29세,상해없음,자전거,남,53세,중상
2021122200100376,2021년 12월 22일 16시,수요일,울산광역시 울주군 범서읍,중상사고,0,1,0,0,차대차 - 기타,안전운전불이행,건조,맑음,단일로 - 지하차도(도로)내,기타불명,기타불명,미분류,기타불명,자전거,남,12세,중상
2021122200100377,2021년 12월 22일 16시,수요일,울산광역시 북구 호계동,경상사고,0,0,1,0,차대사람 - 차도통행중,안전운전불이행,건조,맑음,교차로 - 교차로부근,승용,여,53세,상해없음,보행자,여,13세,경상
2021122200100423,2021년 12월 22일 17시,수요일,울산광역시 울주군 온양읍,경상사고,0,0,1,0,차대사람 - 차도통행중,안전운전불이행,건조,맑음,단일로 - 기타,승용,여,36세,상해없음,보행자,남,10세,경상
2021122200100477,2021년 12월 22일 18시,수요일,울산광역시 남구 삼산동,중상사고,0,1,0,0,차대차 - 기타,안전거리미확보,건조,맑음,단일로 - 기타,승용,남,48세,상해없음,이륜,남,45세,중상
2021122200100634,2021년 12월 22일 23시,수요일,울산광역시 중구 남외동,경상사고,0,0,1,0,차대차 - 측면충돌,신호위반,건조,맑음,교차로 - 교차로안,승용,여,62세,상해없음,승용,남,37세,경상
2021122300100013,2021년 12월 23일 04시,목요일,울산광역시 동구 화정동,중상사고,0,1,0,0,차대사람 - 차도통행중,안전운전불이행,건조,맑음,단일로 - 기타,승용,남,44세,상해없음,보행자,남,76세,중상
2021122300100043,2021년 12월 23일 06시,목요일,울산광역시 북구 양정동,중상사고,0,1,0,0,차대차 - 추돌,신호위반,건조,맑음,교차로 - 교차로횡단보도내,승용,여,62세,상해없음,자전거,남,28세,중상
2021122300100159,2021년 12월 23일 11시,목요일,울산광역시 울주군 언양읍,경상사고,0,0,1,0,차대사람 - 기타,안전운전불이행,건조,맑음,기타 - 기타,승용,남,73세,상해없음,보행자,남,52세,경상
2021122300100206,2021년 12월 23일 12시,목요일,울산광역시 남구 달동,중상사고,0,1,0,0,차대차 - 기타,안전운전불이행,건조,맑음,교차로 - 교차로부근,자전거,남,74세,중상,승합,남,28세,상해없음
2021122300100236,2021년 12월 23일 13시,목요일,울산광역시 북구 연암동,중상사고,0,1,2,0,차대차 - 측면충돌,안전운전불이행,건조,맑음,교차로 - 교차로안,승용,여,45세,상해없음,승용,남,63세,중상
2021122300100237,2021년 12월 23일 13시,목요일,울산광역시 북구 호계동,경상사고,0,0,1,0,차대사람 - 횡단중,신호위반,건조,맑음,교차로 - 교차로횡단보도내,자전거,남,58세,상해없음,보행자,여,74세,경상
2021122300100301,2021년 12월 23일 15시,목요일,울산광역시 중구 태화동,경상사고,0,0,1,0,차대차 - 측면충돌,교차로운행방법위반,건조,맑음,단일로 - 기타,화물,남,55세,상해없음,이륜,남,32세,경상
2021122300100302,2021년 12월 23일 15시,목요일,울산광역시 남구 야음동,경상사고,0,0,1,0,차대차 - 측면충돌,안전거리미확보,건조,맑음,단일로 - 기타,승용,남,30세,상해없음,승용,남,39세,경상
2021122300100381,2021년 12월 23일 17시,목요일,울산광역시 남구 야음동,경상사고,0,0,1,0,차대사람 - 기타,안전운전불이행,건조,기타,교차로 - 교차로안,승용,여,37세,상해없음,보행자,남,18세,경상
2021122300100479,2021년 12월 23일 19시,목요일,울산광역시 남구 신정동,경상사고,0,0,1,0,차대차 - 추돌,안전거리미확보,건조,맑음,단일로 - 기타,이륜,남,23세,상해없음,승용,여,34세,경상
2021122400100019,2021년 12월 24일 03시,금요일,울산광역시 중구 유곡동,사망사고,1,0,0,0,차대사람 - 횡단중,안전운전불이행,건조,맑음,단일로 - 기타,화물,남,71세,상해없음,보행자,남,86세,사망
2021122400100126,2021년 12월 24일 09시,금요일,울산광역시 남구 무거동,경상사고,0,0,1,0,차대차 - 기타,중앙선침범,건조,맑음,기타 - 기타,승용,남,56세,상해없음,이륜,남,46세,경상
2021122400100146,2021년 12월 24일 10시,금요일,울산광역시 울주군 범서읍,중상사고,0,1,2,0,차대차 - 추돌,안전거리미확보,건조,맑음,단일로 - 기타,화물,남,47세,경상,승용,남,52세,상해없음
2021122400100261,2021년 12월 24일 14시,금요일,울산광역시 울주군 온양읍,경상사고,0,0,2,0,차대차 - 추돌,안전거리미확보,건조,맑음,교차로 - 교차로부근,화물,남,25세,상해없음,화물,남,31세,경상
2021122400100331,2021년 12월 24일 16시,금요일,울산광역시 남구 신정동,경상사고,0,0,2,1,차대차 - 추돌,안전운전불이행,건조,맑음,교차로 - 교차로부근,승용,여,59세,경상,승용,남,42세,부상신고
2021122400100389,2021년 12월 24일 17시,금요일,울산광역시 남구 달동,경상사고,0,0,1,0,차대차 - 기타,안전운전불이행,건조,맑음,교차로 - 교차로안,승합,남,42세,상해없음,승용,남,67세,경상
2021122400100390,2021년 12월 24일 17시,금요일,울산광역시 북구 명촌동,중상사고,0,1,0,0,차대차 - 측면충돌,안전거리미확보,건조,맑음,단일로 - 교량,화물,남,64세,상해없음,화물,남,48세,중상
2021122400100449,2021년 12월 24일 18시,금요일,울산광역시 중구 복산동,중상사고,0,1,0,0,차대차 - 측면충돌,신호위반,건조,맑음,교차로 - 교차로횡단보도내,승용,여,41세,상해없음,자전거,남,26세,중상
2021122400100450,2021년 12월 24일 18시,금요일,울산광역시 남구 달동,중상사고,0,1,0,0,차대차 - 기타,기타,건조,맑음,교차로 - 교차로안,승용,남,32세,상해없음,개인형이동수단(PM),남,18세,중상
2021122400100510,2021년 12월 24일 19시,금요일,울산광역시 울주군 범서읍,경상사고,0,0,1,0,차대차 - 추돌,안전운전불이행,건조,맑음,교차로 - 교차로부근,승용,남,82세,상해없음,승용,남,25세,경상
2021122500100033,2021년 12월 25일 05시,토요일,울산광역시 남구 삼산동,경상사고,0,0,1,0,차대차 - 추돌,안전운전불이행,건조,맑음,단일로 - 기타,승용,남,51세,기타불명,화물,남,58세,경상
2021122500100045,2021년 12월 25일 07시,토요일,울산광역시 동구 전하동,경상사고,0,0,1,0,차대사람 - 기타,안전운전불이행,건조,맑음,단일로 - 기타,이륜,남,62세,상해없음,보행자,남,41세,경상
2021122500100054,2021년 12월 25일 08시,토요일,울산광역시 중구 반구동,중상사고,0,1,0,0,차대차 - 측면충돌,중앙선침범,건조,맑음,교차로 - 교차로안,화물,남,75세,상해없음,승용,여,34세,중상
2021122500100104,2021년 12월 25일 11시,토요일,울산광역시 동구 전하동,중상사고,0,1,0,0,차대차 - 정면충돌,직진우회전진행방해,건조,맑음,교차로 - 교차로안,이륜,남,39세,중상,승용,남,79세,상해없음
2021122500100195,2021년 12월 25일 14시,토요일,울산광역시 울주군 언양읍,경상사고,0,0,1,0,차대차 - 측면충돌,직진우회전진행방해,건조,맑음,교차로 - 교차로안,승용,여,47세,상해없음,이륜,남,23세,경상
2021122500100271,2021년 12월 25일 17시,토요일,울산광역시 울주군 청량읍,경상사고,0,0,1,0,차대차 - 추돌,안전운전불이행,건조,맑음,단일로 - 기타,건설기계,남,28세,상해없음,자전거,남,46세,경상
2021122500100335,2021년 12월 25일 19시,토요일,울산광역시 동구 화정동,중상사고,0,1,0,0,차대차 - 측면충돌,안전운전불이행,건조,맑음,교차로 - 교차로안,이륜,남,34세,중상,승용,남,42세,상해없음
2021122500100390,2021년 12월 25일 21시,토요일,울산광역시 남구 삼산동,경상사고,0,0,1,0,차대차 - 기타,안전운전불이행,건조,맑음,단일로 - 기타,승용,남,28세,상해없음,이륜,남,34세,경상
2021122500100425,2021년 12월 25일 23시,토요일,울산광역시 중구 반구동,경상사고,0,0,2,0,차대차 - 측면충돌,교차로운행방법위반,건조,맑음,교차로 - 교차로안,승용,남,36세,상해없음,승용,남,46세,경상
2021122600100053,2021년 12월 26일 10시,일요일,울산광역시 중구 우정동,경상사고,0,0,1,0,차대사람 - 횡단중,보행자보호의무위반,건조,맑음,단일로 - 기타,승용,남,84세,상해없음,보행자,여,73세,경상
2021122600100085,2021년 12월 26일 12시,일요일,울산광역시 남구 달동,경상사고,0,0,1,0,차대차 - 추돌,안전운전불이행,건조,맑음,단일로 - 기타,화물,남,77세,상해없음,이륜,남,43세,경상
2021122600100119,2021년 12월 26일 13시,일요일,울산광역시 울주군 범서읍,경상사고,0,0,2,0,차대차 - 측면충돌,중앙선침범,건조,맑음,단일로 - 기타,승용,여,39세,상해없음,승용,남,59세,경상
2021122600100174,2021년 12월 26일 15시,일요일,울산광역시 중구 우정동,경상사고,0,0,1,0,차대차 - 측면충돌,안전운전불이행,건조,맑음,단일로 - 기타,승용,남,50세,상해없음,이륜,남,53세,경상
2021122600100223,2021년 12월 26일 17시,일요일,울산광역시 울주군 온산읍,경상사고,0,0,3,0,차대차 - 측면충돌,안전운전불이행,건조,맑음,교차로 - 교차로부근,승용,남,18세,상해없음,승용,남,21세,경상
2021122700100020,2021년 12월 27일 05시,월요일,울산광역시 중구 남외동,경상사고,0,0,2,0,차대차 - 측면충돌,신호위반,건조,맑음,교차로 - 교차로안,이륜,남,60세,경상,승용,남,28세,경상
2021122700100021,2021년 12월 27일 05시,월요일,울산광역시 북구 염포동,부상신고사고,0,0,0,1,차량단독 - 공작물충돌,안전운전불이행,건조,맑음,단일로 - 기타,승용,남,23세,부상신고,,,,
2021122700100090,2021년 12월 27일 08시,월요일,울산광역시 북구 중산동,경상사고,0,0,3,1,차대차 - 측면충돌,안전거리미확보,건조,맑음,단일로 - 기타,승용,여,37세,부상신고,승용,남,52세,경상
2021122700100208,2021년 12월 27일 12시,월요일,울산광역시 북구 천곡동,경상사고,0,0,1,0,차대차 - 측면충돌,안전운전불이행,건조,맑음,단일로 - 교량,승용,남,28세,기타불명,화물,남,53세,경상
2021122700100235,2021년 12월 27일 13시,월요일,울산광역시 남구 야음동,경상사고,0,0,1,0,차대차 - 기타,신호위반,건조,맑음,교차로 - 교차로안,이륜,남,53세,경상,승용,남,27세,상해없음
2021122700100236,2021년 12월 27일 13시,월요일,울산광역시 동구 전하동,중상사고,0,1,0,0,차대차 - 추돌,안전거리미확보,건조,맑음,단일로 - 지하차도(도로)내,승합,남,50세,상해없음,이륜,남,40세,중상
2021122700100237,2021년 12월 27일 13시,월요일,울산광역시 울주군 범서읍,경상사고,0,0,1,0,차대차 - 기타,안전운전불이행,건조,맑음,교차로 - 교차로안,승용,여,41세,기타불명,승합,남,64세,상해없음
2021122700100317,2021년 12월 27일 15시,월요일,울산광역시 남구 달동,경상사고,0,0,1,0,차대차 - 측면충돌,안전거리미확보,건조,맑음,단일로 - 기타,승용,남,71세,상해없음,승용,남,27세,경상
2021122700100318,2021년 12월 27일 15시,월요일,울산광역시 북구 염포동,부상신고사고,0,0,0,1,차대차 - 추돌,안전운전불이행,건조,맑음,단일로 - 기타,이륜,남,18세,상해없음,승용,남,32세,부상신고
2021122700100347,2021년 12월 27일 16시,월요일,울산광역시 중구 반구동,중상사고,0,1,0,0,차대차 - 측면충돌,교차로운행방법위반,건조,맑음,교차로 - 교차로안,승용,남,70세,상해없음,이륜,남,31세,중상
2021122700100348,2021년 12월 27일 16시,월요일,울산광역시 북구 신천동,중상사고,0,1,0,0,차대차 - 기타,안전운전불이행,건조,맑음,교차로 - 교차로안,승용,여,62세,상해없음,승용,남,24세,중상
2021122700100388,2021년 12월 27일 17시,월요일,울산광역시 동구 화정동,중상사고,0,1,0,0,차대차 - 추돌,안전운전불이행,건조,맑음,단일로 - 지하차도(도로)내,승합,남,75세,상해없음,기타불명,여,80세,중상
2021122700100389,2021년 12월 27일 17시,월요일,울산광역시 북구 진장동,중상사고,0,1,0,0,차대사람 - 횡단중,안전운전불이행,건조,맑음,교차로 - 교차로횡단보도내,승용,여,42세,상해없음,보행자,여,47세,중상
2021122700100537,2021년 12월 27일 21시,월요일,울산광역시 중구 태화동,중상사고,0,2,0,0,차대차 - 측면충돌,신호위반,건조,맑음,교차로 - 교차로안,이륜,남,18세,중상,승용,남,67세,상해없음
2021122800100077,2021년 12월 28일 07시,화요일,울산광역시 동구 방어동,중상사고,0,1,0,0,차대차 - 기타,직진우회전진행방해,서리/결빙,맑음,교차로 - 교차로부근,승합,남,50세,상해없음,이륜,남,43세,중상
2021122800100191,2021년 12월 28일 11시,화요일,울산광역시 동구 서부동,경상사고,0,0,1,0,차대사람 - 보도통행중,기타,건조,맑음,단일로 - 터널,승용,남,50세,상해없음,보행자,여,89세,경상
2021122800100289,2021년 12월 28일 15시,화요일,울산광역시 중구 학산동,경상사고,0,0,1,0,차대차 - 측면충돌,안전운전불이행,건조,맑음,교차로 - 교차로안,승용,남,31세,상해없음,자전거,남,33세,경상
2021122800100290,2021년 12월 28일 15시,화요일,울산광역시 북구 화봉동,경상사고,0,0,1,0,차대차 - 기타,안전운전불이행,건조,맑음,교차로 - 교차로안,화물,남,59세,상해없음,승용,여,42세,경상
2021122800100316,2021년 12월 28일 16시,화요일,울산광역시 울주군 웅촌면,사망사고,1,0,0,0,차대사람 - 횡단중,안전운전불이행,건조,맑음,단일로 - 기타,화물,남,40세,상해없음,보행자,남,62세,사망
2021122800100353,2021년 12월 28일 17시,화요일,울산광역시 동구 동부동,경상사고,0,0,1,0,차대사람 - 차도통행중,안전운전불이행,건조,맑음,교차로 - 교차로부근,승용,남,27세,상해없음,보행자,여,55세,경상
2021122800100402,2021년 12월 28일 18시,화요일,울산광역시 중구 다운동,중상사고,0,1,0,0,차대사람 - 차도통행중,안전운전불이행,건조,맑음,단일로 - 기타,승용,여,65세,상해없음,보행자,남,69세,중상
2021122800100403,2021년 12월 28일 18시,화요일,울산광역시 울주군 온산읍,경상사고,0,0,1,0,차대차 - 측면충돌,직진우회전진행방해,건조,맑음,교차로 - 교차로안,화물,남,54세,상해없음,이륜,남,61세,경상
2021122800100441,2021년 12월 28일 19시,화요일,울산광역시 남구 야음동,경상사고,0,0,1,0,차대차 - 기타,안전운전불이행,건조,기타,단일로 - 기타,승용,남,58세,상해없음,이륜,남,32세,경상
2021122800100506,2021년 12월 28일 21시,화요일,울산광역시 북구 효문동,경상사고,0,0,1,0,차대차 - 추돌,안전운전불이행,건조,맑음,단일로 - 기타,승용,남,25세,상해없음,승용,여,42세,경상
2021122900100007,2021년 12월 29일 00시,수요일,울산광역시 북구 호계동,경상사고,0,0,1,0,차대차 - 측면충돌,안전운전불이행,건조,맑음,교차로 - 교차로안,승용,남,40세,상해없음,원동기,남,26세,경상
2021122900100192,2021년 12월 29일 12시,수요일,울산광역시 남구 신정동,경상사고,0,0,1,0,차대차 - 측면충돌,안전거리미확보,건조,맑음,교차로 - 교차로안,승용,여,24세,상해없음,승용,여,25세,경상
2021122900100287,2021년 12월 29일 15시,수요일,울산광역시 남구 신정동,중상사고,0,1,0,0,차대사람 - 횡단중,보행자보호의무위반,건조,흐림,단일로 - 기타,승용,여,53세,상해없음,보행자,남,32세,중상
2021122900100367,2021년 12월 29일 17시,수요일,울산광역시 중구 약사동,중상사고,0,1,0,0,차대차 - 측면충돌,신호위반,건조,맑음,교차로 - 교차로안,원동기,남,21세,상해없음,화물,남,69세,상해없음
2021122900100439,2021년 12월 29일 18시,수요일,울산광역시 남구 삼산동,경상사고,0,0,1,0,차대사람 - 횡단중,보행자보호의무위반,건조,맑음,교차로 - 교차로횡단보도내,화물,남,47세,상해없음,보행자,남,31세,경상
2021122900100474,2021년 12월 29일 19시,수요일,울산광역시 남구 신정동,경상사고,0,0,1,0,차대차 - 기타,안전거리미확보,건조,맑음,교차로 - 교차로안,승용,여,38세,상해없음,승용,남,37세,경상
2021122900100475,2021년 12월 29일 19시,수요일,울산광역시 북구 화봉동,경상사고,0,0,1,0,차대차 - 측면충돌,불법유턴,건조,맑음,단일로 - 기타,승용,남,46세,상해없음,이륜,남,52세,경상
2021122900100535,2021년 12월 29일 21시,수요일,울산광역시 북구 산하동,경상사고,0,0,1,0,차대사람 - 횡단중,안전운전불이행,건조,맑음,교차로 - 교차로안,승용,여,43세,상해없음,보행자,남,72세,경상
2021123000100202,2021년 12월 30일 12시,목요일,울산광역시 중구 성안동,경상사고,0,0,1,0,차대차 - 측면충돌,안전운전불이행,건조,맑음,교차로 - 교차로안,화물,남,42세,상해없음,이륜,남,48세,경상
2021123000100442,2021년 12월 30일 18시,목요일,울산광역시 중구 서동,경상사고,0,0,1,0,차대차 - 측면충돌,신호위반,건조,맑음,교차로 - 교차로안,승용,남,59세,상해없음,승용,여,28세,경상
2021123000100443,2021년 12월 30일 18시,목요일,울산광역시 남구 신정동,경상사고,0,0,1,0,차대차 - 측면충돌,신호위반,건조,맑음,교차로 - 교차로안,승용,남,60세,상해없음,이륜,남,20세,경상
2021123000100444,2021년 12월 30일 18시,목요일,울산광역시 동구 동부동,경상사고,0,0,1,0,차대차 - 측면충돌,중앙선침범,건조,맑음,단일로 - 기타,승용,여,29세,상해없음,이륜,남,28세,경상
2021123000100445,2021년 12월 30일 18시,목요일,울산광역시 동구 방어동,경상사고,0,0,1,0,차대차 - 측면충돌,안전운전불이행,건조,맑음,교차로 - 교차로부근,승용,여,35세,기타불명,승용,남,26세,경상
2021123000100493,2021년 12월 30일 19시,목요일,울산광역시 남구 삼산동,부상신고사고,0,0,0,1,차량단독 - 전도전복 - 전도,안전운전불이행,건조,맑음,단일로 - 기타,이륜,남,49세,부상신고,,,,
2021123000100494,2021년 12월 30일 19시,목요일,울산광역시 남구 신정동,중상사고,0,1,0,0,차대사람 - 횡단중,안전운전불이행,건조,맑음,단일로 - 교량,승용,남,56세,상해없음,보행자,남,66세,중상
2021123000100591,2021년 12월 30일 21시,목요일,울산광역시 중구 옥교동,경상사고,0,0,2,0,차대차 - 추돌,안전운전불이행,건조,맑음,교차로 - 교차로부근,승용,여,36세,상해없음,승용,여,47세,경상
2021123000100592,2021년 12월 30일 21시,목요일,울산광역시 북구 진장동,부상신고사고,0,0,0,1,차량단독 - 기타,중앙선침범,건조,맑음,단일로 - 기타,승용,남,38세,부상신고,,,,
2021123100100023,2021년 12월 31일 05시,금요일,울산광역시 북구 천곡동,중상사고,0,1,0,0,차대차 - 측면충돌,교차로운행방법위반,건조,맑음,교차로 - 교차로부근,승합,남,59세,상해없음,승용,여,35세,중상
2021123100100141,2021년 12월 31일 11시,금요일,울산광역시 동구 일산동,부상신고사고,0,0,0,1,차대차 - 측면충돌,안전운전불이행,건조,맑음,기타 - 기타,이륜,남,16세,부상신고,승용,남,36세,상해없음
2021123100100270,2021년 12월 31일 14시,금요일,울산광역시 남구 야음동,중상사고,0,1,0,0,차대차 - 추돌,안전운전불이행,건조,맑음,단일로 - 기타,승용,남,32세,상해없음,승용,남,75세,중상
2021123100100353,2021년 12월 31일 16시,금요일,울산광역시 북구 연암동,경상사고,0,0,2,0,차대차 - 추돌,안전거리미확보,건조,맑음,단일로 - 기타,승용,남,63세,상해없음,승용,여,35세,경상
2021123100100408,2021년 12월 31일 17시,금요일,울산광역시 중구 복산동,중상사고,0,1,0,0,차대차 - 정면충돌,안전운전불이행,건조,맑음,단일로 - 기타,승용,남,66세,상해없음,이륜,여,60세,중상
2021123100100409,2021년 12월 31일 17시,금요일,울산광역시 북구 염포동,중상사고,0,1,0,0,차대차 - 기타,차로위반,건조,맑음,단일로 - 기타,승합,남,41세,상해없음,이륜,남,39세,중상
2021123100100473,2021년 12월 31일 18시,금요일,울산광역시 동구 방어동,경상사고,0,0,1,0,차대사람 - 차도통행중,안전운전불이행,건조,흐림,교차로 - 교차로부근,승용,여,49세,상해없음,보행자,여,54세,경상
2021123100100474,2021년 12월 31일 18시,금요일,울산광역시 동구 화정동,경상사고,0,0,1,0,차대사람 - 기타,안전운전불이행,건조,맑음,단일로 - 기타,승용,여,67세,상해없음,보행자,남,48세,경상
2021123100100475,2021년 12월 31일 18시,금요일,울산광역시 북구 호계동,중상사고,0,1,0,0,차대사람 - 횡단중,보행자보호의무위반,건조,맑음,교차로 - 교차로횡단보도내,승용,남,33세,상해없음,보행자,남,65세,중상
2021123100100476,2021년 12월 31일 18시,금요일,울산광역시 북구 중산동,경상사고,0,0,1,0,차대차 - 추돌,안전운전불이행,건조,맑음,단일로 - 기타,승용,남,38세,상해없음,승용,남,32세,경상
2021123100100477,2021년 12월 31일 18시,금요일,울산광역시 북구 진장동,경상사고,0,0,1,0,차대차 - 측면충돌,차로위반,건조,맑음,단일로 - 기타,승용,남,71세,상해없음,승용,여,30세,경상
2021123100100593,2021년 12월 31일 21시,금요일,울산광역시 남구 야음동,경상사고,0,0,1,0,차대차 - 후진중충돌,안전운전불이행,건조,맑음,단일로 - 기타,승용,남,28세,상해없음,이륜,남,17세,경상
2021123100100620,2021년 12월 31일 22시,금요일,울산광역시 중구 유곡동,중상사고,0,1,2,0,차대차 - 기타,안전운전불이행,건조,맑음,단일로 - 기타,승용,여,34세,상해없음,승용,여,60세,중상